-- ------------------------------------------------------------
-- Copyright 2009-2014 RED.ES - Desarrollado por TIER1
-- 
-- Licencia con arreglo a la EUPL, versión 1.1 o -en cuanto 
-- sean aprobadas por la comisión Europea- versiones 
-- posteriores de la EUPL (la "Licencia").
-- Solo podrá usarse esta obra si se respeta la Licencia.
-- 
-- http://ec.europa.eu/idabc/eupl.html
-- 
-- Salvo cuando lo exija la legislación aplicable o se acuerde
-- por escrito, el programa distribuido con arreglo a la
-- Licencia se distribuye "TAL CUAL",
-- SIN GARANTÍAS NI CONDICIONES DE NINGÚN TIPO, 
-- ni expresas ni implícitas.
-- Véase la Licencia en el idioma concreto que rige
-- los permisos y limitaciones que establece la Licencia.
-- ------------------------------------------------------------

-- Disable foreign key checks
SET @OLD_FOREIGN_KEY_CHECKS=@@FOREIGN_KEY_CHECKS, FOREIGN_KEY_CHECKS=0;

INSERT INTO config_acciones_informes_tbl(id_accion, id_version, version, descripcion, formato_salida, activo, titulo)
VALUES (532, 0, 'Original', 'Documento', 'WEB', 'S', 'Pedido de Venta'),
  (533, 3, 'preparacion_por_articulo', 'Relación de artículos en pedidos para su preparación', 'WEB', 'S', 'Preparación de artículos en pedidos'),
  (533, 4, 'preparacion_por_pedido', 'Relación de pedidos para su preparación', 'WEB', 'S', 'Preparación de pedidos'),
  (533, 0, 'Original', 'Agrupado por pedidos, muestra toda la información del pedido y el estado del suministro', 'WEB', 'S', 'Pedidos Detallado'),
  (533, 1, 'pdte_suministro', 'Agrupado por pedidos, muestra un listado simplificado de los pedidos pendientes de suministro', 'WEB', 'S', 'Pendiente de Suministro'),
  (533, 2, 'pdte_suministro_detallado', 'Agrupado por pedidos, muestra toda la información del pedido pendiente de suministro', 'WEB', 'S', 'Pendiente de Suministro Detallado'),
  (530, 1, 'Etiquetas', 'Impresión de nuevas etiquetas', 'WEB', 'S', 'Etiquetas'),
  (534, 0, 'Original', 'Agrupado por clientes, muestra el detalle de las remesas', 'WEB', 'S', 'Cobrado y no cobrado'),
  (535, 0, 'Original', 'Agrupado por proveedores, muestra el detalle de las remesas', 'WEB', 'S', 'Pagado y no pagado'),
  (539, 0, 'Original', 'Listado de aprovisionamientos', 'WEB', 'S', 'Listado de aprovisionamientos'),
  (540, 0, 'Original', 'Informe de aprovisionamientos', 'WEB', 'S', 'Informe de aprovisionamientos'),
  (538, 0, 'Original', 'Impresión de facturas de ventas', 'WEB', 'S', 'Facturas de Ventas'),
  (542, 0, 'Original', 'Agrupado por pedidos, muestra toda la información del pedido y el estado del suministro', 'WEB', 'S', 'Pedidos Detallado'),
  (542, 1, 'pdte_suministro', 'Agrupado por pedidos, muestra un listado simplificado de los pedidos pendientes de suministro', 'WEB', 'S', 'Pendiente de Suministro'),
  (542, 2, 'pdte_suministro_detallado', 'Agrupado por pedidos, muestra toda la información del pedido pendiente de suministro', 'WEB', 'S', 'Pendiente de Suministro Detallado'),
  (543, 0, 'Original', 'Documento', 'WEB', 'S', 'Pedido de Compra'),
  (536, 0, 'Original', 'Efectos asignados a una remesa de cobro', 'WEB', 'S', 'Remesa de Cobros'),
  (537, 0, 'Original', 'Inventario de almacenes', 'WEB', 'S', 'Inventario de almacenes'),
  (541, 0, 'Original', 'Efectos asignados a una remesa de pago', 'WEB', 'S', 'Remesa de Pagos'),
  (500, 0, 'Original', 'Listado de series', 'WEB', 'S', 'Series'),
  (501, 0, 'Original', 'Listado de artículos', 'WEB', 'S', 'Artículos'),
  (502, 0, 'Original', 'Listado de familias', 'WEB', 'S', 'Familias'),
  (503, 0, 'Original', 'Listado de clientes', 'WEB', 'S', 'Clientes'),
  (504, 0, 'Original', 'Listado de proveedores', 'WEB', 'S', 'Proveedores'),
  (505, 0, 'Original', 'Listado de secciones', 'WEB', 'S', 'Secciones'),
  (506, 0, 'Original', 'Listado de categorizaciones', 'WEB', 'S', 'Categorizaciones'),
  (507, 0, 'Original', 'Listado de unidades de medida de venta', 'WEB', 'S', 'Unidades de Medidas de Venta'),
  (508, 0, 'Original', 'Listado de bancos', 'WEB', 'S', 'Bancos'),
  (509, 0, 'Original', 'Listado de países', 'WEB', 'S', 'Países'),
  (511, 0, 'Original', 'Llistado de sectores', 'WEB', 'S', 'Sectores'),
  (522, 0, 'Original', 'Agrupado por proveedores, muestra el total de operaciones, volumen de compras y abonos realizados', 'WEB', 'S', 'Compras por Proveedor'),
  (522, 1, 'Familias', 'Agrupado por familias, muestra el total de operaciones, volumen de compras y abonos realizados', 'WEB', 'S', 'Compras por Familias'),
  (522, 2, 'Articulos', 'Agrupado por artículos, muestra el total de operaciones, volumen de compras y abonos realizados', 'WEB', 'S', 'Compras por Artículos'),
  (526, 0, 'Original', 'Agrupado por clientes, muestra el total de operaciones, volumen de ventas y margen de la operación', 'WEB', 'S', 'Ventas por Clientes'),
  (528, 0, 'Original', 'Documento', 'WEB', 'S', 'Albarán de Venta'),
  (526, 1, 'Familias', 'Agrupado por familias, muestra el total de operaciones, volumen de ventas y margen de la operación', 'WEB', 'S', 'Ventas por Familias'),
  (526, 2, 'Articulos', 'Agrupado por artículos, muestra el total de operaciones, volumen de ventas y margen de la operación', 'WEB', 'S', 'Ventas por Artículos'),
  (529, 0, 'Original', 'Listado de albaranes con el desglose de los artículos que lo componen', 'WEB', 'S', 'Albaranes de Venta'),
  (530, 0, 'Original', 'Listado de artículos que han sufrido modificaciones en su descripción', 'WEB', 'S', 'Descripciones de Artículos Modificadas'),
  (531, 0, 'Original', 'Listado de artículos que han sufrido modificaciones en su precio', 'WEB', 'S', 'Precios de Artículos Modificados'),
  (510, 0, 'Original', 'Documento', 'WEB', 'S', 'Albarán de Compra'),
  (512, 0, 'Original', 'Listado de tiendas', 'WEB', 'S', 'Tiendas'),
  (513, 0, 'Original', 'Listado de tipos de efectos', 'WEB', 'S', 'Tipos de Efectos'),
  (514, 0, 'Original', 'Listado de almacenes', 'WEB', 'S', 'Almacenes'),
  (515, 0, 'Original', 'Listado de medios de pago', 'WEB', 'S', 'Medios de Pago'),
  (516, 0, 'Original', 'Listado de conceptos de almacenes', 'WEB', 'S', 'Conceptos de Almacén'),
  (518, 0, 'Original', 'Listado de promociones', 'WEB', 'S', 'Promociones'),
  (520, 0, 'Original', 'Listado de regularizaciones de almacen', 'WEB', 'S', 'Regularizaciones de Almacén'),
  (524, 0, 'Original', 'Listado de albaranes con el desglose de los artículos que lo componen', 'WEB', 'S', 'Albaranes de Compra'),
  (517, 0, 'Original', 'Listado de tarifas', 'WEB', 'S', 'Tarifas'),
  (519, 0, 'Original', 'Listado de tipos de portes', 'WEB', 'S', 'Tipos de Portes'),
  (514, 1, 'BajoMinimos', 'Agrupado por almacenes, muestra el stock, las entradas y las salidas previstas', 'WEB', 'S', 'Artículos Bajo Mínimos'),
  (514, 2, 'EstadoDeAlmacen', 'Agrupado por almacenes, muestra el stock, las entradas y las salidas previstas', 'WEB', 'S', 'Estado de Almacenes'),
  (529, 1, 'Facturado', 'Listado de albaranes facturados con el desglose de los artículos que lo componen', 'WEB', 'S', 'Albaranes de Venta Facturados'),
  (529, 2, 'Nofacturado', 'Listado de albaranes pendientes de facturar con el desglose de los artículos que lo componen', 'WEB', 'S', 'Albaranes de Venta Pendientes de Facturar'),
  (524, 1, 'Facturados', 'Listado de albaranes facturados con el desglose de los artículos que lo componen', 'WEB', 'S', 'Albaranes de Compra Facturados'),
  (524, 2, 'no_facturados', 'Listado de albaranes pendientes de facturar con el desglose de los artículos que lo componen', 'WEB', 'S', 'Albaranes de Compra Pendientes Facturar'),
  (501, 1, 'Etiquetas', 'Impresión de etiquetas de artículos', 'WEB', 'S', 'Etiquetas');

INSERT INTO config_acciones_operacione_tbl(id_accion, id_operacion, orden, desoperacion)
VALUES (56, 3, 3, 'ELIMINAR'),
  (532, 0, 0, 'EJECUTAR'),
  (51, 0, 0, 'EJECUTAR'),
  (51, 1, 1, 'AÑADIR'),
  (56, 0, 0, 'EJECUTAR'),
  (56, 1, 1, 'AÑADIR'),
  (56, 2, 2, 'EDITAR'),
  (533, 0, 0, 'EJECUTAR'),
  (48, 0, 0, 'EJECUTAR'),
  (49, 1, 1, 'AÑADIR'),
  (49, 2, 2, 'EDITAR'),
  (49, 3, 3, 'ELIMINAR'),
  (534, 0, 0, 'EJECUTAR'),
  (535, 0, 0, 'EJECUTAR'),
  (49, 0, 0, 'EJECUTAR'),
  (53, 0, 0, 'EJECUTAR'),
  (53, 1, 1, 'AÑADIR'),
  (53, 2, 2, 'EDITAR'),
  (53, 3, 3, 'ELIMINAR'),
  (540, 0, 0, 'EJECUTAR'),
  (539, 0, 0, 'EJECUTAR'),
  (53, 4, 4, 'IMPRIMIR'),
  (57, 0, 0, 'EJECUTAR'),
  (57, 1, 1, 'AÑADIR'),
  (57, 2, 2, 'EDITAR'),
  (57, 3, 3, 'ELIMINAR'),
  (538, 0, 0, 'EJECUTAR'),
  (48, 1, 1, 'IMPRIMIR'),
  (29, 1, 1, 'IMPRIMIR'),
  (542, 0, 0, 'EJECUTAR'),
  (543, 0, 0, 'EJECUTAR'),
  (50, 0, 0, 'EJECUTAR'),
  (50, 2, 2, 'EDITAR'),
  (536, 0, 0, 'EJECUTAR'),
  (54, 1, 1, 'AÑADIR'),
  (537, 0, 0, 'EJECUTAR'),
  (54, 0, 0, 'EJECUTAR'),
  (54, 2, 2, 'EDITAR'),
  (54, 3, 3, 'ELIMINAR'),
  (541, 0, 0, 'EJECUTAR'),
  (54, 4, 4, 'IMPRIMIR'),
  (1, 0, 0, 'EJECUTAR'),
  (1, 1, 1, 'AÑADIR'),
  (1, 2, 2, 'EDITAR'),
  (1, 3, 3, 'ELIMINAR'),
  (2, 0, 0, 'EJECUTAR'),
  (2, 1, 1, 'AÑADIR'),
  (2, 2, 2, 'EDITAR'),
  (2, 3, 3, 'ELIMINAR'),
  (3, 0, 0, 'EJECUTAR'),
  (3, 1, 1, 'AÑADIR'),
  (3, 2, 2, 'EDITAR'),
  (3, 3, 3, 'ELIMINAR'),
  (13, 0, 0, 'EJECUTAR'),
  (13, 1, 1, 'AÑADIR'),
  (13, 2, 2, 'EDITAR'),
  (13, 3, 3, 'ELIMINAR'),
  (14, 3, 3, 'ELIMINAR'),
  (14, 2, 2, 'EDITAR'),
  (14, 1, 1, 'AÑADIR'),
  (14, 0, 0, 'EJECUTAR'),
  (18, 0, 0, 'EJECUTAR'),
  (18, 1, 1, 'AÑADIR'),
  (18, 2, 2, 'EDITAR'),
  (18, 3, 3, 'ELIMINAR'),
  (16, 0, 0, 'EJECUTAR'),
  (16, 1, 1, 'AÑADIR'),
  (16, 2, 2, 'EDITAR'),
  (16, 3, 3, 'ELIMINAR'),
  (100, 0, 1, 'EJECUCION'),
  (9, 0, 0, 'EJECUTAR'),
  (9, 1, 1, 'AÑADIR'),
  (9, 2, 2, 'EDITAR'),
  (9, 3, 3, 'ELIMINAR'),
  (11, 0, 0, 'EJECUTAR'),
  (11, 1, 1, 'AÑADIR'),
  (11, 2, 2, 'EDITAR'),
  (11, 3, 3, 'ELIMINAR'),
  (15, 3, 3, 'ELIMINAR'),
  (15, 0, 0, 'EJECUTAR'),
  (15, 1, 1, 'AÑADIR'),
  (15, 2, 2, 'EDITAR'),
  (7, 1, 1, 'AÑADIR'),
  (7, 3, 3, 'ELIMINAR'),
  (7, 0, 0, 'EJECUTAR'),
  (7, 2, 2, 'EDITAR'),
  (8, 0, 0, 'EJECUTAR'),
  (8, 1, 1, 'AÑADIR'),
  (8, 2, 2, 'EDITAR'),
  (8, 3, 3, 'ELIMINAR'),
  (22, 0, 0, 'EJECUTAR'),
  (22, 1, 1, 'AÑADIR'),
  (22, 2, 2, 'EDITAR'),
  (22, 3, 3, 'ELIMINAR'),
  (23, 0, 0, 'EJECUTAR'),
  (23, 1, 1, 'AÑADIR'),
  (23, 2, 2, 'EDITAR'),
  (23, 3, 3, 'ELIMINAR'),
  (25, 0, 0, 'EJECUTAR'),
  (25, 1, 1, 'AÑADIR'),
  (25, 2, 2, 'EDITAR'),
  (25, 3, 3, 'ELIMINAR'),
  (500, 0, 0, 'EJECUTAR'),
  (501, 0, 0, 'EJECUTAR'),
  (502, 0, 0, 'EJECUTAR'),
  (503, 0, 0, 'EJECUTAR'),
  (504, 0, 0, 'EJECUTAR'),
  (505, 0, 0, 'EJECUTAR'),
  (506, 0, 0, 'EJECUTAR'),
  (507, 0, 0, 'EJECUTAR'),
  (508, 0, 0, 'EJECUTAR'),
  (509, 0, 0, 'EJECUTAR'),
  (33, 0, 0, 'EJECUTAR'),
  (33, 1, 1, 'AÑADIR'),
  (33, 2, 2, 'EDITAR'),
  (33, 3, 3, 'ELIMINAR'),
  (46, 0, 0, 'EJECUTAR'),
  (511, 0, 0, 'EJECUTAR'),
  (31, 0, 0, 'EJECUTAR'),
  (531, 0, 0, 'EJECUTAR'),
  (31, 2, 2, 'EDITAR'),
  (31, 3, 3, 'ELIMINAR'),
  (522, 0, 0, 'EJECUTAR'),
  (39, 0, 0, 'EJECUTAR'),
  (529, 0, 0, 'EJECUTAR'),
  (36, 0, 0, 'EJECUTAR'),
  (40, 0, 0, 'EJECUTAR'),
  (526, 0, 0, 'EJECUTAR'),
  (42, 0, 0, 'EJECUTAR'),
  (42, 1, 1, 'AÑADIR'),
  (42, 2, 2, 'EDITAR'),
  (42, 3, 3, 'ELIMINAR'),
  (37, 0, 0, 'EJECUTAR'),
  (37, 1, 1, 'AÑADIR'),
  (37, 2, 2, 'EDITAR'),
  (37, 3, 3, 'ELIMINAR'),
  (38, 0, 0, 'EJECUTAR'),
  (38, 1, 1, 'AÑADIR'),
  (38, 2, 2, 'EDITAR'),
  (38, 3, 3, 'ELIMINAR'),
  (528, 0, 0, 'EJECUTAR'),
  (530, 0, 0, 'EJECUTAR'),
  (45, 0, 0, 'EJECUTAR'),
  (45, 1, 1, 'AÑADIR'),
  (45, 2, 2, 'EDITAR'),
  (47, 0, 0, 'EJECUTAR'),
  (47, 1, 1, 'AÑADIR'),
  (47, 2, 2, 'EDITAR'),
  (510, 0, 0, 'EJECUTAR'),
  (512, 0, 0, 'EJECUTAR'),
  (513, 0, 0, 'EJECUTAR'),
  (10, 0, 0, 'EJECUTAR'),
  (10, 1, 1, 'AÑADIR'),
  (10, 2, 2, 'EDITAR'),
  (10, 3, 3, 'ELIMINAR'),
  (12, 0, 0, 'EJECUTAR'),
  (12, 1, 1, 'AÑADIR'),
  (12, 2, 2, 'EDITAR'),
  (12, 3, 3, 'ELIMINAR'),
  (17, 0, 0, 'EJECUTAR'),
  (17, 1, 1, 'AÑADIR'),
  (17, 2, 2, 'EDITAR'),
  (17, 3, 3, 'ELIMINAR'),
  (24, 0, 0, 'EJECUTAR'),
  (24, 1, 1, 'AÑADIR'),
  (24, 2, 2, 'EDITAR'),
  (24, 3, 3, 'ELIMINAR'),
  (26, 0, 0, 'EJECUTAR'),
  (26, 1, 1, 'AÑADIR'),
  (26, 2, 2, 'EDITAR'),
  (26, 3, 3, 'ELIMINAR'),
  (28, 0, 0, 'EJECUTAR'),
  (28, 1, 1, 'AÑADIR'),
  (28, 2, 2, 'EDITAR'),
  (28, 3, 3, 'ELIMINAR'),
  (30, 0, 0, 'EJECUTAR'),
  (514, 0, 0, 'EJECUTAR'),
  (515, 0, 0, 'EJECUTAR'),
  (516, 0, 0, 'EJECUTAR'),
  (19, 0, 0, 'EJECUTAR'),
  (19, 1, 1, 'AÑADIR'),
  (19, 2, 2, 'EDITAR'),
  (19, 3, 3, 'ELIMINAR'),
  (20, 0, 0, 'EJECUTAR'),
  (20, 1, 1, 'AÑADIR'),
  (20, 3, 3, 'ELIMINAR'),
  (20, 2, 2, 'EDITAR'),
  (21, 0, 0, 'EJECUTAR'),
  (21, 1, 1, 'AÑADIR'),
  (21, 2, 2, 'EDITAR'),
  (21, 3, 3, 'ELIMINAR'),
  (518, 0, 0, 'EJECUTAR'),
  (27, 0, 0, 'EJECUTAR'),
  (27, 1, 1, 'AÑADIR'),
  (27, 2, 2, 'EDITAR'),
  (27, 3, 3, 'ELIMINAR'),
  (520, 0, 0, 'EJECUTAR'),
  (41, 0, 0, 'EJECUTAR'),
  (44, 1, 1, 'EDITAR'),
  (524, 0, 0, 'EJECUTAR'),
  (44, 0, 0, 'EJECUTAR'),
  (517, 0, 0, 'EJECUTAR'),
  (519, 0, 0, 'EJECUTAR'),
  (34, 0, 0, 'EJECUTAR'),
  (34, 1, 1, 'AÑADIR'),
  (34, 2, 2, 'EDITAR'),
  (34, 3, 3, 'ELIMINAR'),
  (4, 0, 0, 'EJECUTAR'),
  (4, 1, 1, 'AÑADIR'),
  (4, 2, 2, 'EDITAR'),
  (4, 3, 3, 'ELIMINAR'),
  (5, 0, 0, 'EJECUTAR'),
  (5, 1, 1, 'AÑADIR'),
  (5, 2, 2, 'EDITAR'),
  (5, 3, 3, 'ELIMINAR'),
  (6, 0, 0, 'EJECUTAR'),
  (6, 2, 2, 'EDITAR'),
  (29, 0, 0, 'EJECUTAR'),
  (32, 0, 0, 'EJECUTAR'),
  (35, 0, 0, 'EJECUTAR'),
  (43, 0, 0, 'EJECUTAR'),
  (55, 0, 0, 'EJECUTAR'),
  (55, 1, 1, 'AÑADIR'),
  (55, 2, 2, 'EDITAR'),
  (55, 3, 3, 'ELIMINAR');

INSERT INTO config_acciones_permisos_tbl(id_accion, id_operacion, id_usuario, id_perfil, acceso)
VALUES (34, 1, -1, 1, 1),
  (34, 2, -1, 1, 1),
  (34, 3, -1, 1, 1),
  (34, 4, -1, 1, 1),
  (35, 0, -1, 1, 1),
  (36, 0, -1, 1, 1),
  (37, 0, -1, 1, 1),
  (37, 1, -1, 1, 1),
  (37, 2, -1, 1, 1),
  (37, 3, -1, 1, 1),
  (37, 4, -1, 1, 1),
  (56, 0, -1, 0, 2),
  (56, 0, -1, 1, 1),
  (56, 1, -1, 0, 2),
  (539, 0, -1, 0, 2),
  (38, 4, -1, 1, 1),
  (39, 0, -1, 1, 1),
  (40, 0, -1, 1, 1),
  (41, 0, -1, 1, 1),
  (56, 1, -1, 1, 1),
  (539, 0, -1, 1, 1),
  (56, 3, -1, 1, 1),
  (56, 2, -1, 0, 2),
  (56, 2, -1, 1, 1),
  (43, 0, -1, 1, 1),
  (56, 3, -1, 0, 2),
  (45, 2, -1, 0, 2),
  (45, 0, -1, 0, 2),
  (45, 1, -1, 0, 2),
  (45, 2, -1, 1, 1),
  (45, 0, -1, 1, 1),
  (45, 1, -1, 1, 1),
  (532, 0, -1, 0, 2),
  (533, 0, -1, 0, 2),
  (48, 0, -1, 0, 2),
  (48, 0, -1, 1, 1),
  (534, 0, -1, 0, 2),
  (535, 0, -1, 0, 2),
  (16, 2, -1, 0, 2),
  (16, 3, -1, 0, 2),
  (16, 0, -1, 0, 2),
  (16, 1, -1, 0, 2),
  (16, 2, -1, 1, 1),
  (16, 3, -1, 1, 1),
  (16, 0, -1, 1, 1),
  (16, 1, -1, 1, 1),
  (53, 4, -1, 1, 1),
  (53, 4, -1, 0, 2),
  (540, 0, -1, 1, 1),
  (540, 0, -1, 0, 2),
  (15, 2, -1, 0, 2),
  (15, 3, -1, 0, 2),
  (15, 0, -1, 0, 2),
  (15, 1, -1, 0, 2),
  (15, 2, -1, 1, 1),
  (15, 3, -1, 1, 1),
  (15, 0, -1, 1, 1),
  (15, 1, -1, 1, 1),
  (53, 0, -1, 0, 2),
  (53, 0, -1, 1, 1),
  (53, 1, -1, 0, 2),
  (57, 0, -1, 1, 1),
  (51, 0, -1, 0, 2),
  (51, 1, -1, 0, 2),
  (57, 0, -1, 0, 2),
  (51, 0, -1, 1, 2),
  (51, 1, -1, 1, 2),
  (57, 1, -1, 1, 1),
  (57, 1, -1, 0, 2),
  (57, 2, -1, 1, 1),
  (57, 2, -1, 0, 2),
  (57, 3, -1, 1, 1),
  (53, 1, -1, 1, 1),
  (53, 2, -1, 0, 2),
  (53, 2, -1, 1, 1),
  (53, 3, -1, 0, 2),
  (53, 3, -1, 1, 1),
  (57, 3, -1, 0, 2),
  (538, 0, -1, 0, 2),
  (42, 2, -1, 0, 2),
  (42, 3, -1, 0, 2),
  (42, 0, -1, 0, 2),
  (42, 1, -1, 0, 2),
  (29, 1, -1, 0, 2),
  (42, 2, -1, 1, 1),
  (42, 3, -1, 1, 1),
  (42, 0, -1, 1, 1),
  (42, 1, -1, 1, 1),
  (500, 0, -1, 1, 1),
  (501, 0, -1, 1, 1),
  (502, 0, -1, 1, 1),
  (503, 0, -1, 1, 1),
  (504, 0, -1, 1, 1),
  (505, 0, -1, 1, 1),
  (506, 0, -1, 1, 1),
  (507, 0, -1, 1, 1),
  (508, 0, -1, 1, 1),
  (509, 0, -1, 1, 1),
  (510, 0, -1, 1, 1),
  (511, 0, -1, 1, 1),
  (512, 0, -1, 1, 1),
  (513, 0, -1, 1, 1),
  (514, 0, -1, 1, 1),
  (515, 0, -1, 1, 1),
  (516, 0, -1, 1, 1),
  (517, 0, -1, 1, 1),
  (518, 0, -1, 1, 1),
  (519, 0, -1, 1, 1),
  (520, 0, -1, 1, 1),
  (522, 0, -1, 1, 1),
  (524, 0, -1, 1, 1),
  (526, 0, -1, 1, 1),
  (528, 0, -1, 1, 1),
  (529, 0, -1, 1, 1),
  (530, 0, -1, 1, 1),
  (531, 0, -1, 1, 1),
  (532, 0, -1, 1, 1),
  (533, 0, -1, 1, 1),
  (534, 0, -1, 1, 1),
  (535, 0, -1, 1, 1),
  (536, 0, -1, 1, 1),
  (48, 1, -1, 1, 1),
  (48, 1, -1, 0, 2),
  (538, 0, -1, 1, 1),
  (29, 1, -1, 1, 1),
  (542, 0, -1, 0, 2),
  (542, 0, -1, 1, 1),
  (543, 0, -1, 0, 2),
  (543, 0, -1, 1, 1),
  (31, 2, -1, 0, 2),
  (31, 3, -1, 0, 2),
  (31, 0, -1, 0, 2),
  (31, 2, -1, 1, 0),
  (31, 3, -1, 1, 0),
  (31, 0, -1, 1, 0),
  (50, 0, -1, 0, 2),
  (50, 2, -1, 0, 2),
  (536, 0, -1, 0, 2),
  (537, 0, -1, 1, 1),
  (537, 0, -1, 0, 2),
  (54, 0, -1, 0, 2),
  (54, 0, -1, 1, 1),
  (54, 1, -1, 1, 1),
  (54, 1, -1, 0, 2),
  (54, 2, -1, 0, 2),
  (54, 2, -1, 1, 1),
  (54, 3, -1, 0, 2),
  (54, 3, -1, 1, 1),
  (541, 0, -1, 0, 2),
  (541, 0, -1, 1, 1),
  (54, 4, -1, 0, 2),
  (54, 4, -1, 1, 1),
  (503, 0, -1, 0, 2),
  (46, 0, -1, 1, 1),
  (501, 0, -1, 0, 2),
  (502, 0, -1, 0, 2),
  (504, 0, -1, 0, 2),
  (505, 0, -1, 0, 2),
  (506, 0, -1, 0, 2),
  (507, 0, -1, 0, 2),
  (508, 0, -1, 0, 2),
  (509, 0, -1, 0, 2),
  (510, 0, -1, 0, 2),
  (511, 0, -1, 0, 2),
  (512, 0, -1, 0, 2),
  (513, 0, -1, 0, 2),
  (514, 0, -1, 0, 2),
  (515, 0, -1, 0, 2),
  (516, 0, -1, 0, 2),
  (518, 0, -1, 0, 2),
  (519, 0, -1, 0, 2),
  (520, 0, -1, 0, 2),
  (522, 0, -1, 0, 2),
  (524, 0, -1, 0, 2),
  (526, 0, -1, 0, 2),
  (529, 0, -1, 0, 2),
  (530, 0, -1, 0, 2),
  (531, 0, -1, 0, 2),
  (44, 0, -1, 0, 2),
  (44, 1, -1, 0, 2),
  (44, 0, -1, 1, 1),
  (44, 1, -1, 1, 1),
  (49, 2, -1, 0, 2),
  (49, 3, -1, 0, 2),
  (49, 0, -1, 0, 2),
  (55, 0, -1, 0, 2),
  (23, 4, -1, 0, 2),
  (23, 2, -1, 0, 2),
  (23, 3, -1, 0, 2),
  (23, 0, -1, 0, 2),
  (23, 4, -1, 1, 1),
  (46, 0, -1, 0, 2),
  (23, 2, -1, 1, 2),
  (23, 3, -1, 1, 0),
  (23, 0, -1, 1, 1),
  (517, 0, -1, 0, 2),
  (47, 2, -1, 0, 2),
  (528, 0, -1, 0, 2),
  (47, 3, -1, 0, 2),
  (500, 0, -1, 0, 2),
  (22, 4, -1, 0, 2),
  (22, 2, -1, 0, 2),
  (22, 3, -1, 0, 2),
  (22, 0, -1, 0, 2),
  (22, 1, -1, 0, 2),
  (22, 4, -1, 1, 1),
  (22, 2, -1, 1, 1),
  (22, 3, -1, 1, 1),
  (22, 0, -1, 1, 1),
  (22, 1, -1, 1, 1),
  (23, 1, -1, 0, 2),
  (3, 4, -1, 0, 2),
  (23, 1, -1, 1, 1),
  (3, 2, -1, 0, 2),
  (3, 3, -1, 0, 2),
  (3, 0, -1, 0, 2),
  (3, 1, -1, 0, 2),
  (3, 4, -1, 1, 1),
  (3, 2, -1, 1, 1),
  (3, 3, -1, 1, 1),
  (3, 0, -1, 1, 1),
  (3, 1, -1, 1, 1),
  (1, 0, -1, 0, 2),
  (1, 1, -1, 0, 2),
  (1, 2, -1, 0, 2),
  (1, 3, -1, 0, 2),
  (2, 0, -1, 0, 2),
  (2, 1, -1, 0, 2),
  (2, 2, -1, 0, 2),
  (2, 3, -1, 0, 2),
  (4, 0, -1, 0, 2),
  (4, 1, -1, 0, 2),
  (4, 2, -1, 0, 2),
  (4, 3, -1, 0, 2),
  (4, 4, -1, 0, 2),
  (5, 0, -1, 0, 2),
  (5, 1, -1, 0, 2),
  (5, 2, -1, 0, 2),
  (5, 3, -1, 0, 2),
  (5, 4, -1, 0, 2),
  (6, 0, -1, 0, 2),
  (6, 2, -1, 0, 2),
  (7, 0, -1, 0, 2),
  (7, 1, -1, 0, 2),
  (7, 2, -1, 0, 2),
  (7, 3, -1, 0, 2),
  (7, 4, -1, 0, 2),
  (8, 0, -1, 0, 2),
  (8, 1, -1, 0, 2),
  (8, 2, -1, 0, 2),
  (8, 3, -1, 0, 2),
  (8, 4, -1, 0, 2),
  (9, 0, -1, 0, 2),
  (9, 1, -1, 0, 2),
  (9, 2, -1, 0, 2),
  (9, 3, -1, 0, 2),
  (9, 4, -1, 0, 2),
  (10, 0, -1, 0, 2),
  (10, 1, -1, 0, 2),
  (10, 2, -1, 0, 2),
  (10, 3, -1, 0, 2),
  (10, 4, -1, 0, 2),
  (11, 0, -1, 0, 2),
  (11, 1, -1, 0, 2),
  (11, 2, -1, 0, 2),
  (11, 3, -1, 0, 2),
  (11, 4, -1, 0, 2),
  (12, 0, -1, 0, 2),
  (12, 1, -1, 0, 2),
  (12, 2, -1, 0, 2),
  (12, 3, -1, 0, 2),
  (13, 0, -1, 0, 2),
  (13, 1, -1, 0, 2),
  (13, 2, -1, 0, 2),
  (13, 3, -1, 0, 2),
  (13, 4, -1, 0, 2),
  (14, 0, -1, 0, 2),
  (14, 1, -1, 0, 2),
  (14, 2, -1, 0, 2),
  (14, 3, -1, 0, 2),
  (14, 4, -1, 0, 2),
  (27, 2, -1, 0, 2),
  (27, 3, -1, 0, 2),
  (27, 0, -1, 0, 2),
  (27, 1, -1, 0, 2),
  (15, 4, -1, 0, 2),
  (27, 2, -1, 1, 1),
  (27, 3, -1, 1, 1),
  (27, 0, -1, 1, 1),
  (27, 1, -1, 1, 1),
  (16, 4, -1, 0, 2),
  (17, 0, -1, 0, 2),
  (17, 1, -1, 0, 2),
  (17, 2, -1, 0, 2),
  (17, 3, -1, 0, 2),
  (17, 4, -1, 0, 2),
  (18, 0, -1, 0, 2),
  (18, 1, -1, 0, 2),
  (18, 2, -1, 0, 2),
  (18, 3, -1, 0, 2),
  (18, 4, -1, 0, 2),
  (19, 0, -1, 0, 2),
  (19, 1, -1, 0, 2),
  (19, 2, -1, 0, 2),
  (19, 3, -1, 0, 2),
  (19, 4, -1, 0, 2),
  (20, 0, -1, 0, 2),
  (20, 1, -1, 0, 2),
  (20, 2, -1, 0, 2),
  (20, 3, -1, 0, 2),
  (20, 4, -1, 0, 2),
  (21, 0, -1, 0, 2),
  (21, 1, -1, 0, 2),
  (21, 2, -1, 0, 2),
  (21, 3, -1, 0, 2),
  (21, 4, -1, 0, 2),
  (24, 0, -1, 0, 2),
  (24, 1, -1, 0, 2),
  (24, 2, -1, 0, 2),
  (24, 3, -1, 0, 2),
  (24, 4, -1, 0, 2),
  (25, 0, -1, 0, 2),
  (25, 1, -1, 0, 2),
  (25, 2, -1, 0, 2),
  (25, 3, -1, 0, 2),
  (25, 4, -1, 0, 2),
  (26, 0, -1, 0, 2),
  (26, 1, -1, 0, 2),
  (26, 2, -1, 0, 2),
  (26, 3, -1, 0, 2),
  (26, 4, -1, 0, 2),
  (49, 1, -1, 0, 2),
  (49, 2, -1, 1, 1),
  (49, 3, -1, 1, 1),
  (49, 0, -1, 1, 1),
  (27, 4, -1, 0, 2),
  (28, 0, -1, 0, 2),
  (28, 1, -1, 0, 2),
  (28, 2, -1, 0, 2),
  (28, 3, -1, 0, 2),
  (29, 0, -1, 0, 2),
  (30, 0, -1, 0, 2),
  (49, 1, -1, 1, 1),
  (47, 0, -1, 0, 2),
  (47, 1, -1, 0, 2),
  (32, 0, -1, 0, 2),
  (33, 0, -1, 0, 2),
  (33, 1, -1, 0, 2),
  (33, 2, -1, 0, 2),
  (33, 3, -1, 0, 2),
  (34, 0, -1, 0, 2),
  (34, 1, -1, 0, 2),
  (34, 2, -1, 0, 2),
  (34, 3, -1, 0, 2),
  (34, 4, -1, 0, 2),
  (35, 0, -1, 0, 2),
  (36, 0, -1, 0, 2),
  (37, 0, -1, 0, 2),
  (37, 1, -1, 0, 2),
  (37, 2, -1, 0, 2),
  (37, 3, -1, 0, 2),
  (37, 4, -1, 0, 2),
  (38, 2, -1, 0, 2),
  (38, 3, -1, 0, 2),
  (38, 0, -1, 0, 2),
  (38, 1, -1, 0, 2),
  (38, 4, -1, 0, 2),
  (39, 0, -1, 0, 2),
  (40, 0, -1, 0, 2),
  (41, 0, -1, 0, 2),
  (47, 2, -1, 1, 1),
  (47, 0, -1, 1, 1),
  (47, 1, -1, 1, 1),
  (43, 0, -1, 0, 2),
  (1, 0, -1, 1, 1),
  (1, 1, -1, 1, 1),
  (1, 2, -1, 1, 1),
  (1, 3, -1, 1, 1),
  (2, 0, -1, 1, 1),
  (2, 1, -1, 1, 1),
  (2, 2, -1, 1, 1),
  (2, 3, -1, 1, 1),
  (4, 0, -1, 1, 1),
  (4, 1, -1, 1, 1),
  (4, 2, -1, 1, 1),
  (4, 3, -1, 1, 1),
  (4, 4, -1, 1, 1),
  (5, 0, -1, 1, 1),
  (5, 1, -1, 1, 1),
  (5, 2, -1, 1, 1),
  (5, 3, -1, 1, 1),
  (5, 4, -1, 1, 1),
  (6, 0, -1, 1, 1),
  (6, 2, -1, 1, 1),
  (7, 0, -1, 1, 1),
  (7, 1, -1, 1, 1),
  (7, 2, -1, 1, 1),
  (7, 3, -1, 1, 1),
  (7, 4, -1, 1, 1),
  (8, 0, -1, 1, 1),
  (8, 1, -1, 1, 1),
  (8, 2, -1, 1, 1),
  (8, 3, -1, 1, 1),
  (8, 4, -1, 1, 1),
  (9, 0, -1, 1, 1),
  (9, 1, -1, 1, 1),
  (9, 2, -1, 1, 1),
  (9, 3, -1, 1, 1),
  (9, 4, -1, 1, 1),
  (10, 0, -1, 1, 1),
  (10, 1, -1, 1, 1),
  (10, 2, -1, 1, 1),
  (10, 3, -1, 1, 1),
  (10, 4, -1, 1, 1),
  (11, 0, -1, 1, 1),
  (11, 1, -1, 1, 1),
  (11, 2, -1, 1, 1),
  (11, 3, -1, 1, 1),
  (11, 4, -1, 1, 1),
  (12, 0, -1, 1, 1),
  (12, 1, -1, 1, 1),
  (12, 2, -1, 1, 1),
  (12, 3, -1, 1, 1),
  (13, 0, -1, 1, 1),
  (13, 1, -1, 1, 1),
  (13, 2, -1, 1, 1),
  (13, 3, -1, 1, 1),
  (13, 4, -1, 1, 1),
  (14, 0, -1, 1, 1),
  (14, 1, -1, 1, 1),
  (14, 2, -1, 1, 1),
  (14, 3, -1, 1, 1),
  (14, 4, -1, 1, 1),
  (38, 2, -1, 1, 1),
  (38, 3, -1, 1, 1),
  (38, 0, -1, 1, 1),
  (15, 4, -1, 1, 1),
  (38, 1, -1, 1, 1),
  (55, 0, -1, 1, 1),
  (55, 1, -1, 0, 2),
  (16, 4, -1, 1, 1),
  (17, 0, -1, 1, 1),
  (17, 1, -1, 1, 1),
  (17, 2, -1, 1, 1),
  (17, 3, -1, 1, 1),
  (17, 4, -1, 1, 1),
  (18, 0, -1, 1, 1),
  (18, 1, -1, 1, 1),
  (18, 2, -1, 1, 1),
  (18, 3, -1, 1, 1),
  (18, 4, -1, 1, 1),
  (19, 0, -1, 1, 1),
  (19, 1, -1, 1, 1),
  (19, 2, -1, 1, 1),
  (19, 3, -1, 1, 1),
  (19, 4, -1, 1, 1),
  (20, 0, -1, 1, 1),
  (20, 1, -1, 1, 1),
  (20, 2, -1, 1, 1),
  (20, 3, -1, 1, 1),
  (20, 4, -1, 1, 1),
  (21, 0, -1, 1, 1),
  (21, 1, -1, 1, 1),
  (21, 2, -1, 1, 1),
  (21, 3, -1, 1, 1),
  (21, 4, -1, 1, 1),
  (24, 0, -1, 1, 1),
  (24, 1, -1, 1, 1),
  (24, 2, -1, 1, 1),
  (24, 3, -1, 1, 1),
  (24, 4, -1, 1, 1),
  (25, 0, -1, 1, 1),
  (25, 1, -1, 1, 1),
  (25, 2, -1, 1, 1),
  (25, 3, -1, 1, 1),
  (25, 4, -1, 1, 1),
  (26, 0, -1, 1, 1),
  (26, 1, -1, 1, 1),
  (26, 2, -1, 1, 1),
  (26, 3, -1, 1, 1),
  (26, 4, -1, 1, 1),
  (55, 1, -1, 1, 1),
  (55, 2, -1, 0, 2),
  (55, 2, -1, 1, 1),
  (55, 3, -1, 0, 2),
  (27, 4, -1, 1, 1),
  (28, 0, -1, 1, 1),
  (28, 1, -1, 1, 1),
  (28, 2, -1, 1, 1),
  (28, 3, -1, 1, 1),
  (29, 0, -1, 1, 1),
  (30, 0, -1, 1, 1),
  (55, 3, -1, 1, 1),
  (32, 0, -1, 1, 1),
  (33, 0, -1, 1, 1),
  (33, 1, -1, 1, 1),
  (33, 2, -1, 1, 1),
  (33, 3, -1, 1, 1),
  (34, 0, -1, 1, 1);

INSERT INTO config_acciones_tbl(id_accion, accion, tipo_accion, ejecucion, parametros, descripcion, titulo, icono, activo)
VALUES (7, 'com.comerzzia.web.general.familias.FamiliasServlet', 'URL', 'familias', NULL, 'Mantenimiento de Familias', 'Mantenimiento de Familias', 'comun/images/menu/familias.gif', 'S'),
  (8, 'com.comerzzia.web.general.categorizaciones.CategorizacionesServlet', 'URL', 'categorizaciones', NULL, 'Mantenimiento de Categorizaciones', 'Mantenimiento de Categorizaciones', 'comun/images/menu/categorizaciones.gif', 'S'),
  (17, 'com.comerzzia.web.general.mediospago.MediosPagoServlet', 'URL', 'mediosPago', NULL, 'Mantenimiento de Medios de Pago', 'Mantenimiento de Medios de Pago', 'comun/images/menu/mediospago.gif', 'S'),
  (19, 'com.comerzzia.web.general.conceptoalmacenes.ConceptoAlmacenesRegularizacionesServlet', 'URL', 'conceptoAlmacenesREGU', NULL, 'Mantenimiento de Conceptos de Almacenes Regularización', 'Mantenimiento de Conceptos de Almacenes Regularización', 'comun/images/menu/conceptosAlmacenesRegularizacion.gif', 'S'),
  (20, 'com.comerzzia.web.general.conceptoalmacenes.ConceptoAlmacenesVentasServlet', 'URL', 'conceptoAlmacenesVENT', NULL, 'Mantenimiento de Conceptos de Almacenes para Ventas', 'Mantenimiento de Conceptos de Almacenes para Ventas', 'comun/images/menu/conceptosAlmacenesTraspasos.gif', 'S'),
  (21, 'com.comerzzia.web.general.conceptoalmacenes.ConceptoAlmacenesComprasServlet', 'URL', 'conceptoAlmacenesCOMP', NULL, 'Mantenimiento de Conceptos de Almacenes para Compras', 'Mantenimiento de Conceptos de Almacenes para Compras', 'comun/images/menu/conceptosAlmacenesDevoluciones.gif', 'S'),
  (500, 'general.series.lstSeries', 'INFORME', 'series', NULL, 'Listado de Series', 'Listado de Series', 'comun/images/menu/pagina.png', 'S'),
  (102, 'TFrmConfiguracion', 'BPL', 'comerzzia_core100.TFrmConfiguracion', NULL, 'Configuración TPV', 'Configuración TPV', 'TPV-Config.bmp', 'S'),
  (29, 'com.comerzzia.web.ventas.facturas.consulta.FacturasVentasServlet', 'URL', 'facturasVentas', NULL, 'Consulta de Facturas de Ventas', 'Consulta de Facturas de Ventas', 'comun/images/menu/consultaFacturasVentas.gif', 'S'),
  (501, 'general.articulos.lstArticulos', 'INFORME', 'articulos', NULL, 'Listado de Artículos', 'Listado de Artículos', 'comun/images/menu/pagina.png', 'S'),
  (502, 'general.familias.lstFamilias', 'INFORME', 'familias', NULL, 'Listado de Familias', 'Listado de Familias', 'comun/images/menu/pagina.png', 'S'),
  (503, 'general.clientes.lstClientes', 'INFORME', 'clientes', NULL, 'Listado de Clientes', 'Listado de Clientes', 'comun/images/menu/pagina.png', 'S'),
  (504, 'general.proveedores.lstProveedores', 'INFORME', 'proveedores', NULL, 'Listado de Proveedores', 'Listado de Proveedores', 'comun/images/menu/pagina.png', 'S'),
  (505, 'general.secciones.lstSecciones', 'INFORME', 'secciones', NULL, 'Listado de Secciones', 'Listado de Secciones', 'comun/images/menu/pagina.png', 'S'),
  (506, 'general.categorizacion.lstCategorizacion', 'INFORME', 'categorizaciones', NULL, 'Listado de Categorizaciones', 'Listado de Categorizaciones', 'comun/images/menu/pagina.png', 'S'),
  (507, 'general.ud_medida_etiquetas.lstUdMedida', 'INFORME', 'unidadesMedidaEtiquetas', NULL, 'Listado de Unidades de Medida de Venta', 'Listado de Unidades de Medida de Venta', 'comun/images/menu/pagina.png', 'S'),
  (508, 'general.bancos.lstBancos', 'INFORME', 'bancos', NULL, 'Listado de Bancos', 'Listado de Bancos', 'comun/images/menu/pagina.png', 'S'),
  (509, 'general.paises.lstPaises', 'INFORME', 'paises', NULL, 'Listado de Países', 'Listado de Países', 'comun/images/menu/pagina.png', 'S'),
  (33, 'com.comerzzia.web.core.ayudasconfig.AyudasConfigServlet', 'URL', 'ayudasConfig', NULL, 'Mantenimiento de Ayudas', 'Mantenimiento de Ayudas', 'comun/images/menu/ayudasConfig.gif', 'S'),
  (46, 'com.comerzzia.web.compras.facturas.consulta.FacturasComprasServlet', 'URL', 'facturasCompras', NULL, 'Consulta de Facturas de Compras', 'Consulta de Facturas de Compras', 'comun/images/menu/consultaFacturasCompras.gif', 'S'),
  (35, 'com.comerzzia.web.compras.facturas.conformacion.ConformacionFacturasServlet', 'URL', 'conformacionFacturas', NULL, 'Conformación de Facturas de Compras', 'Conformación de Facturas de Compras', 'comun/images/menu/conformacionFacturas.gif', 'S'),
  (103, 'TFrmMantArticulos', 'BPL', 'comerzzia_mantenimientos100.TFrmMantArticulos', NULL, 'Mantenimiento de Artículos', 'Mantenimiento de Artículos', 'TPV-Mantenimiento.bmp', 'S'),
  (511, 'general.sectores.lstSectores', 'INFORME', 'sectores', NULL, 'Listado de Sectores', 'Listado de Sectores', 'comun/images/menu/pagina.png', 'S'),
  (31, 'com.comerzzia.web.ventas.tickets.TicketsServlet', 'URL', 'tickets', NULL, 'Procesamiento de Tickets', 'Procesamiento de tickets', 'comun/images/menu/monitorizacionTickets.gif', 'S'),
  (43, 'com.comerzzia.web.core.usuarios.miperfil.UsuariosMiPerfilServlet', 'URL', 'miPerfil', NULL, 'Mi Perfil', 'Mi Perfil', 'comun/images/menu/perfiles.gif', 'S'),
  (522, 'compras.estadisticas.lstSituacionCompras', 'INFORME', 'estadisticasCompras', NULL, 'Estadísticas de compras', 'Estadísticas de Compras', 'comun/images/menu/pagina.png', 'S'),
  (39, 'com.comerzzia.web.compras.estadisticas.EstadisticasComprasServlet', 'URL', 'estadisticasCompras', NULL, 'Estadísticas de Compras', 'Estadísticas de Compras', 'comun/images/menu/pagina.png', 'S'),
  (36, 'com.comerzzia.web.backoffice.seleccionalmacen.SeleccionAlmacenServlet', 'URL', 'seleccionAlmacen', NULL, 'Selección de Almacén', 'Selección de Almacén', 'comun/images/menu/seleccionAlmacen.gif', 'S'),
  (531, 'backoffice.articulos.lstCambiosTarifas', 'INFORME', 'cambiosArticulosTarifas', NULL, 'Informe de Cambios en las Tarifas de una Tienda', 'Informe de Cambios en las Tarifas de una Tienda', 'comun/images/menu/pagina.png', 'S'),
  (40, 'com.comerzzia.web.ventas.estadisticas.EstadisticasVentasServlet', 'URL', 'estadisticasVentas', NULL, 'Estadísticas de Ventas', 'Estadísticas de Ventas', 'comun/images/menu/pagina.png', 'S'),
  (526, 'ventas.estadisticas.lstSituacionVentas', 'INFORME', 'estadisticasVentas', NULL, 'Estadísticas de ventas', 'Estadísticas de Ventas', 'comun/images/menu/pagina.png', 'S'),
  (42, 'com.comerzzia.web.ventas.pedidos.PedidosVentasServlet', 'URL', 'pedidosVentas', NULL, 'Introducción de Pedidos de Ventas', 'Introducción de Pedidos de Ventas', 'comun/images/menu/pedidosVentas.gif', 'S'),
  (37, 'com.comerzzia.web.backoffice.regularizaciones.RegularizacionesTiendaServlet', 'URL', 'regularizacionesTienda', NULL, 'Regularizaciones de Backoffice', 'Regularizaciones de Backoffice', 'comun/images/menu/regularizaciones.gif', 'S'),
  (38, 'com.comerzzia.web.ventas.albaranes.AlbaranesVentasServlet', 'URL', 'albaranesVentas', NULL, 'Introducción de Albaranes de Ventas', 'Introducción de Albaranes de Ventas', 'comun/images/menu/albaranesVentas.gif', 'S'),
  (528, 'ventas.albaranes.infAlbaranVentas', 'INFORME', 'albaranesVentas', NULL, 'Informe de Albarán de Ventas', 'Informe de Albarán de Ventas', 'comun/images/menu/pagina.png', 'S'),
  (529, 'ventas.albaranes.lstAlbaranesVentas', 'INFORME', 'albaranesVentas', NULL, 'Listado de Albaranes de Ventas', 'Listado de Albaranes de Ventas', 'comun/images/menu/pagina.png', 'S'),
  (530, 'backoffice.articulos.lstCambiosArticulos', 'INFORME', 'cambiosArticulosTarifas', NULL, 'Informe de Cambios en los Artículos de una Tienda', 'Informe de Cambios en los Artículos de una Tienda', 'comun/images/menu/pagina.png', 'S'),
  (45, 'com.comerzzia.web.tesoreria.cobros.CobrosServlet', 'URL', 'cobros', NULL, 'Consulta de documentos de cobros', 'Consulta de Documentos de Cobros', 'comun/images/menu/cobros.gif', 'S'),
  (47, 'com.comerzzia.web.tesoreria.pagos.PagosServlet', 'URL', 'pagos', NULL, 'Consultad de documentos de pagos', 'Consulta de Documentos de Pagos', 'comun/images/menu/pagos.gif', 'S'),
  (510, 'compras.albaranes.infAlbaranCompras', 'INFORME', 'albaranesCompras', NULL, 'Informe de albarán de compras', 'Informe de Albarán de Compras', 'comun/images/menu/pagina.png', 'S'),
  (512, 'general.tiendas.lstTiendas', 'INFORME', 'tiendas', NULL, 'Listado de Tiendas', 'Listado de Tiendas', 'comun/images/menu/pagina.png', 'S'),
  (513, 'general.tipo_efectos.lstTipoEfectos', 'INFORME', 'tiposEfectos', NULL, 'Listado de Tipos de Efectos', 'Listado de Tipos de Efectos', 'comun/images/menu/pagina.png', 'S'),
  (514, 'almacenes.lstAlmacenes', 'INFORME', 'almacenes', NULL, 'Listado de Almacenes', 'Listado de Almacenes', 'comun/images/menu/pagina.png', 'S'),
  (515, 'general.medio_pago.lstmediospago', 'INFORME', 'mediosPago', NULL, 'Listao de Medios de Pago', 'Listado de Medios de Pago', 'comun/images/menu/pagina.png', 'S'),
  (516, 'almacenes.lstconceptosalmacen', 'INFORME', 'conceptoAlmacenesREGU', NULL, 'Listado de Conceptos de Almacenes', 'Listado de Conceptos de Almacenes', 'comun/images/menu/pagina.png', 'S'),
  (518, 'general.promociones.lstPromociones', 'INFORME', 'promociones', NULL, 'Listado de Promociones', 'Listado de Promociones', 'comun/images/menu/pagina.png', 'S'),
  (520, 'almacenes.lstRegularizacionAlmacen', 'INFORME', 'regularizaciones', NULL, 'Listado de Regularizaciones', 'Listado de Regularizaciones', 'comun/images/menu/pagina.png', 'S'),
  (524, 'compras.albaranes.lstAlbaranesCompras', 'INFORME', 'albaranesCompras', NULL, 'Listado de Albaranes de Compras', 'Listado de Albaranes de Compras', 'comun/images/menu/pagina.png', 'S'),
  (32, 'com.comerzzia.web.core.asistente.AsistenteConfiguracionServlet', 'URL', 'asistenteConfig', NULL, 'Asistente de Configuración de Empresa', 'Asistente de Configuración de Empresa', 'comun/images/menu/empresas.gif', 'S'),
  (41, 'com.comerzzia.web.sincronizacion.SincronizacionServlet', 'URL', 'sincronizacion', NULL, 'Sincronizador de Tiendas', 'Sincronizador de Tiendas', 'comun/images/menu/monitorizacionSincronizador.gif', 'S'),
  (44, 'com.comerzzia.web.backoffice.cambiosArticulosTarifas.CambiosArticulosTarifasServlet', 'URL', 'cambiosArticulosTarifas', NULL, 'Consulta los cambios en artículos y tarifas de las tiendas del usuario ', 'Cambios de Artículos y Tarifas', 'comun/images/menu/cambioArticulosTarifas.gif', 'S'),
  (104, 'TFrmMantClientes', 'BPL', 'comerzzia_mantenimientos100.TFrmMantClientes', NULL, 'Mantenimiento de Clientes', 'Mantenimiento de Clientes', 'TPV-Mantenimiento.bmp', 'S'),
  (30, 'com.comerzzia.web.backoffice.articulos.ConsultaArticulosServlet', 'URL', 'consultaArticulos', NULL, 'Consulta de Artículos', 'Consulta de Artículos', 'comun/images/menu/consultaArticulos.gif', 'S'),
  (517, 'general.tarifas.lstTarifas', 'INFORME', 'tarifas', NULL, 'Listado de Tarifas', 'Listado de Tarifas', 'comun/images/menu/pagina.png', 'S'),
  (519, 'general.portes.lstTipoPortes', 'INFORME', 'tiposPortes', NULL, 'Listado de Tipos de Portes', 'Listado de Tipos de Portes', 'comun/images/menu/pagina.png', 'S'),
  (34, 'com.comerzzia.web.core.impuestos.porcentajes.PorcentajesImpuestosServlet', 'URL', 'porcentajes', NULL, 'Mantenimiento de Cuadro de Impuestos', 'Mantenimiento de Cuadro de Impuestos', 'comun/images/menu/cuadroImpuestos.gif', 'S'),
  (532, 'ventas.pedidos.InfPedidoVentas', 'INFORME', 'pedidosVentas', NULL, 'Informe de Pedido de Ventas', 'Informe de Pedido de Ventas', 'comun/images/menu/pagina.png', 'S'),
  (51, 'com.comerzzia.web.almacenes.inventarios.InventariosServlet', 'URL', 'inventarios', NULL, 'Inventarios', 'Inventarios', 'comun/images/menu/inventarios.gif', 'S'),
  (55, 'com.comerzzia.web.compras.pedidos.PedidosComprasServlet', 'URL', 'pedidosCompras', NULL, 'Introducción de Pedidos de Compras', 'Introducción de Pedidos de Compras', 'comun/images/menu/pedidosCompras.gif', 'S'),
  (56, 'com.comerzzia.web.ventas.tarifas.actualizaciones.ActualizacionesTarifasServlet', 'URL', 'actualizacionesTarifas', NULL, 'Actualizaciones de Tarifas', 'Actualizaciones de Tarifas', 'comun/images/menu/actualizacionTarifa.gif', 'S'),
  (533, 'ventas.pedidos.lstPedidosVentas', 'INFORME', 'pedidosVentas', NULL, 'Listado de Pedidos de Ventas', 'Listado de Pedidos de Ventas', 'comun/images/menu/pagina.png', 'S'),
  (48, 'com.comerzzia.web.ventas.facturas.facturacion.FacturacionAlbaranesVentasServlet', 'URL', 'facturacionAlbaranesVentas', NULL, 'Facturación de Albaranes de Ventas', 'Facturación de Albaranes de Ventas', 'comun/images/menu/facturacionAlbaranesVentas.gif', 'S'),
  (534, 'tesoreria.cobros.lstCobros', 'INFORME', 'tratamientoCobros', NULL, 'Informe de los documentos de cobros', 'Listado de los documentos de cobros', 'comun/images/menu/pagina.png', 'S'),
  (535, 'tesoreria.pagos.lstPagos', 'INFORME', 'tratamientoPagos', NULL, 'Listado de los documentos de pagos', 'Listado de los documentos de pagos', 'comun/images/menu/pagina.png', 'S'),
  (49, 'com.comerzzia.web.tesoreria.remesas.cobros.RemesasCobrosServlet', 'URL', 'remesasCobros', NULL, 'Remesas de Cobros', 'Remesas de Cobros', 'comun/images/menu/remesasCobros.gif', 'S'),
  (53, 'com.comerzzia.web.backoffice.ventas.pedidos.PedidosVentasBackofficeServlet', 'URL', 'pedidosVentasBackoffice', NULL, 'Aprovisionamientos', 'Aprovisionamientos', 'comun/images/menu/aprovisionamientos.gif', 'S'),
  (106, 'TFrmConfCodigoBarras', 'BPL', 'comerzzia_mantenimientos100.TFrmConfCodigoBarras', NULL, 'Configuración Código de Barras', 'Configuración Códigos de Barras', 'TPV-Mantenimiento.bmp', 'S'),
  (539, 'backoffice.aprovisionamientos.lstAprovisionamientos', 'INFORME', 'aprovisionamientos', NULL, 'Listado de aprovisionamientos', 'Listado de aprovisionamientos', 'comun/images/menu/pagina.png', 'S'),
  (540, 'backoffice.aprovisionamientos.infAprovisionamientos', 'INFORME', 'aprovisionamientos', NULL, 'Informe de aprovisionamientos', 'Informe de aprovisionamientos', 'comun/images/menu/pagina.png', 'S'),
  (57, 'com.comerzzia.web.estadisticas.EstadisticasServlet', 'URL', 'estadisticas', NULL, 'Estadísticas', 'Estadísticas', 'comun/images/menu/estadisticas.gif', 'S'),
  (52, 'com.comerzzia.web.general.inicio.InicioServlet', 'URL', 'inicio', NULL, 'Inicio', 'Inicio', 'comun/images/menu/inicio.gif', 'S'),
  (538, 'ventas.facturas.infFacturaVentas', 'INFORME', 'facturacionAlbaranesVentas', NULL, 'Impresión de Facturas de Ventas', 'Impresión de Facturas de Ventas', 'comun/images/menu/pagina.png', 'S'),
  (542, 'compras.pedidos.lstPedidosCompras', 'INFORME', 'pedidosCompras', NULL, 'Listado de Pedidos de Compras', 'Listado de Pedidos de Compras', 'comun/images/menu/pagina.png', 'S'),
  (543, 'compras.pedidos.InfPedidoCompras', 'INFORME', 'pedidosCompras', NULL, 'Informe de Pedido de Compras', 'Informe de Pedido de Compras', 'comun/images/menu/pagina.png', 'S'),
  (50, 'com.comerzzia.web.core.variables.VariablesServlet', 'URL', 'variables', NULL, 'Configuración de Parámetros del Sistema', 'Configuración de Parámetros del Sistema', 'comun/images/menu/variables.gif', 'S'),
  (536, 'tesoreria.cobros.infremesacobros', 'INFORME', 'remesasCobros', NULL, 'Informe de la remesa de cobro', 'Informe de la remesa de cobro', 'comun/images/menu/pagina.png', 'S'),
  (537, 'almacenes.lstInventarioAlmacen', 'INFORME', 'inventarios', NULL, 'Inventario de almacenes', 'Inventario de almacenes', 'comun/images/menu/pagina.png', 'S'),
  (54, 'com.comerzzia.web.tesoreria.remesas.pagos.RemesasPagosServlet', 'URL', 'remesasPagos', NULL, 'Remesas de Pagos', 'Remesas de Pagos', 'comun/images/menu/remesasPagos.gif', 'S'),
  (541, 'tesoreria.pagos.infremesapagos', 'INFORME', 'remesasPagos', NULL, 'Informe de la remesa de pago', 'Informe de la remesa de pago', 'comun/imiages/menu/pagina.png', 'S'),
  (12, 'com.comerzzia.web.core.impuestos.tiposimpuestos.TiposImpuestosServlet', 'URL', 'tiposImpuestos', NULL, 'Mantenimiento de Tipos de Impuestos', 'Mantenimiento de Tipos de Impuestos', 'comun/images/menu/tiposimpuestos.gif', 'S'),
  (28, 'com.comerzzia.web.core.impuestos.tratamientosimpuestos.TratamientosImpuestosServlet', 'URL', 'tratImpuestos', NULL, 'Mantenimiento de Tratamientos de Impuestos', 'Mantenimiento de Tratamientos de Impuestos', 'comun/images/menu/tratamientosImpuestos.gif', 'S'),
  (10, 'com.comerzzia.web.tesoreria.tiposefectos.TiposEfectosServlet', 'URL', 'tiposEfectos', NULL, 'Mantenimiento de Tipos Efectos', 'Mantenimiento de Tipos Efectos', 'comun/images/menu/tiposefectos.gif', 'S'),
  (14, 'com.comerzzia.web.general.almacenes.AlmacenesServlet', 'URL', 'almacenes', NULL, 'Mantenimiento de Almacenes', 'Mantenimiento de Almacenes', 'comun/images/menu/almacenes.gif', 'S'),
  (18, 'com.comerzzia.web.general.proveedores.ProveedoresServlet', 'URL', 'proveedores', NULL, 'Mantenimiento de Proveedores', 'Mantenimiento de Proveedores', 'comun/images/menu/proveedores.gif', 'S'),
  (16, 'com.comerzzia.web.general.articulos.ArticulosServlet', 'URL', 'articulos', NULL, 'Mantenimiento de Artículos', 'Mantenimiento de Artículos', 'comun/images/menu/articulos.gif', 'S'),
  (22, 'com.comerzzia.web.compras.albaranes.AlbaranesComprasServlet', 'URL', 'albaranesCompras', NULL, 'Introducción de Albaranes de Compras', 'Introducción de Albaranes de Compras', 'comun/images/menu/albaranesCompras.gif', 'S'),
  (24, 'com.comerzzia.web.ventas.tiposportes.TiposPortesServlet', 'URL', 'tiposPortes', NULL, 'Mantenimiento de Tipos de Portes', 'Mantenimiento de Tipos de Portes', 'comun/images/menu/tiposportes.gif', 'S'),
  (9, 'com.comerzzia.web.general.secciones.SeccionesServlet', 'URL', 'secciones', NULL, 'Mantenimiento de Secciones', 'Mantenimiento de Secciones', 'comun/images/menu/secciones.gif', 'S'),
  (11, 'com.comerzzia.web.general.unidadesmedida.etiquetas.UnidadesMedidaEtiquetasServlet', 'URL', 'unidadesMedidaEtiquetas', NULL, 'Mantenimiento de Unidades de Medida de Etiquetas', 'Mantenimiento de Unidades de Medida de Etiquetas', 'comun/images/menu/unidadesmedidaetiquetas.gif', 'S'),
  (13, 'com.comerzzia.web.general.sectores.SectoresServlet', 'URL', 'sectores', NULL, 'Mantenimiento de Sectores', 'Mantenimiento de Sectores', 'comun/images/menu/sectores.gif', 'S'),
  (15, 'com.comerzzia.web.general.clientes.ClientesServlet', 'URL', 'clientes', NULL, 'Mantenimiento de Clientes', 'Mantenimiento de Clientes', 'comun/images/menu/clientes.gif', 'S'),
  (23, 'com.comerzzia.web.ventas.tarifas.TarifasServlet', 'URL', 'tarifas', NULL, 'Mantenimiento de Tarifas', 'Mantenimiento de Tarifas', 'comun/images/menu/tarifas.gif', 'S'),
  (25, 'com.comerzzia.web.general.tiendas.TiendasServlet', 'URL', 'tiendas', NULL, 'Mantenimiento de Tiendas', 'Mantenimiento de Tiendas', 'comun/images/menu/tiendas.gif', 'S'),
  (26, 'com.comerzzia.web.ventas.promociones.PromocionesServlet', 'URL', 'promociones', NULL, 'Mantenimiento de Promociones', 'Mantenimiento de Promociones', 'comun/images/menu/promociones.gif', 'S'),
  (27, 'com.comerzzia.web.almacenes.regularizaciones.RegularizacionesServlet', 'URL', 'regularizaciones', NULL, 'Regularizaciones', 'Regularizaciones', 'comun/images/menu/regularizaciones.gif', 'S'),
  (6, 'com.comerzzia.web.core.empresas.EmpresasServlet', 'URL', 'empresas', NULL, 'Configuración de la Empresa', 'Configuración de la Empresa', 'comun/images/menu/empresas.gif', 'S'),
  (1, 'com.comerzzia.web.core.usuarios.UsuariosServlet', 'URL', 'usuarios', NULL, 'Mantenimiento de Usuarios', 'Mantenimiento de Usuarios', 'comun/images/menu/usuarios.gif', 'S'),
  (2, 'com.comerzzia.web.core.perfiles.PerfilesServlet', 'URL', 'perfiles', NULL, 'Mantenimiento de Perfiles', 'Mantenimiento de Perfiles', 'comun/images/menu/perfiles.gif', 'S'),
  (3, 'com.comerzzia.web.general.series.SeriesServlet', 'URL', 'series', NULL, 'Mantenimiento de Series', 'Mantenimiento de Series', 'comun/images/menu/series.gif', 'S'),
  (4, 'com.comerzzia.web.general.paises.PaisesServlet', 'URL', 'paises', NULL, 'Mantenimiento de Países', 'Mantenimiento de Países', 'comun/images/menu/paises.gif', 'S'),
  (100, 'TFrmTicket', 'BPL', 'comerzzia_tpvventas100.TFrmTicket', NULL, 'Tickets', 'Tickets', 'TPV-Ticket.bmp', 'S'),
  (101, 'TFrmCaja', 'BPL', 'comerzzia_tpvcaja100.TFrmCaja', NULL, 'Gestión de Caja', 'Gestión de Caja', 'TPV-Caja.bmp', 'S'),
  (5, 'com.comerzzia.web.general.bancos.BancosServlet', 'URL', 'bancos', NULL, 'Mantenimiento de Bancos', 'Mantenimiento de Bancos', 'comun/images/menu/bancos.gif', 'S');

INSERT INTO config_ayudas_tbl(nombre, definicion)
VALUES ('ALMACENES', 0x3c3f786d6c2076657273696f6e3d22312e302220656e636f64696e673d225554462d38223f3e0d0a3c6179756461206e6f6d6272653d22414c4d4143454e4553223e0d0a202020203c746974756c6f3e417975646120646520416c6d6163656e65733c2f746974756c6f3e0d0a202020203c6f726967656e207469706f3d22656d7072657361223e445f414c4d4143454e45535f54424c3c2f6f726967656e3e0d0a202020203c63616d706f733e0d0a20202020202020203c63616d706f2069643d22434f44414c4d22207469706f3d22636f6469676f223e0d0a2020202020202020202020203c65746971756574613e416c6d6163c3a96e3c2f65746971756574613e0d0a2020202020202020202020203c76697369626c653e533c2f76697369626c653e0d0a20202020202020203c2f63616d706f3e0d0a20202020202020203c63616d706f2069643d22444553414c4d22207469706f3d226465736372697063696f6e223e0d0a2020202020202020202020203c65746971756574613e446573637269706369c3b36e3c2f65746971756574613e0d0a20202020202020203c2f63616d706f3e0d0a202020203c2f63616d706f733e0d0a202020203c66696c74726f2f3e0d0a202020203c636f6e73756c74614175746f3e533c2f636f6e73756c74614175746f3e0d0a3c2f61797564613e0d0a),
  ('SERIES', 0x3c3f786d6c2076657273696f6e3d22312e302220656e636f64696e673d225554462d38223f3e0d0a3c6179756461206e6f6d6272653d22534552494553223e0d0a202020203c746974756c6f3e4179756461206465205365726965733c2f746974756c6f3e0d0a202020203c6f726967656e207469706f3d22656d7072657361223e445f5345524945535f54424c3c2f6f726967656e3e0d0a202020203c63616d706f733e0d0a20202020202020203c63616d706f2069643d22434f44534552494522207469706f3d22636f6469676f223e0d0a2020202020202020202020203c65746971756574613e53657269653c2f65746971756574613e0d0a2020202020202020202020203c76697369626c653e533c2f76697369626c653e0d0a20202020202020203c2f63616d706f3e0d0a20202020202020203c63616d706f2069643d22444553534552494522207469706f3d226465736372697063696f6e223e0d0a2020202020202020202020203c65746971756574613e446573637269706369c3b36e3c2f65746971756574613e0d0a20202020202020203c2f63616d706f3e0d0a202020203c2f63616d706f733e0d0a202020203c66696c74726f2f3e0d0a202020203c636f6e73756c74614175746f3e533c2f636f6e73756c74614175746f3e0d0a3c2f61797564613e0d0a),
  ('TARIFAS', 0x3c3f786d6c2076657273696f6e3d22312e302220656e636f64696e673d225554462d38223f3e0d0a3c6179756461206e6f6d6272653d2254415249464153223e0d0a202020203c746974756c6f3e417975646120646520546172696661733c2f746974756c6f3e0d0a202020203c6f726967656e207469706f3d22656d7072657361223e445f544152494641535f4341425f54424c3c2f6f726967656e3e0d0a202020203c63616d706f733e0d0a20202020202020203c63616d706f2069643d22434f4454415222207469706f3d22636f6469676f223e0d0a2020202020202020202020203c65746971756574613e5461726966613c2f65746971756574613e0d0a2020202020202020202020203c76697369626c653e533c2f76697369626c653e0d0a20202020202020203c2f63616d706f3e0d0a20202020202020203c63616d706f2069643d2244455354415222207469706f3d226465736372697063696f6e223e0d0a2020202020202020202020203c65746971756574613e446573637269706369c3b36e3c2f65746971756574613e0d0a20202020202020203c2f63616d706f3e0d0a202020203c2f63616d706f733e0d0a202020203c66696c74726f2f3e0d0a202020203c636f6e73756c74614175746f3e533c2f636f6e73756c74614175746f3e0d0a3c2f61797564613e0d0a),
  ('PROVEEDORES', 0x3c3f786d6c2076657273696f6e3d22312e302220656e636f64696e673d225554462d38223f3e0d0a3c6179756461206e6f6d6272653d2250524f564545444f524553223e0d0a202020203c746974756c6f3e41797564612064652050726f766565646f7265733c2f746974756c6f3e0d0a202020203c6f726967656e207469706f3d22656d7072657361223e445f50524f564545444f5245535f54424c3c2f6f726967656e3e0d0a202020203c63616d706f733e0d0a20202020202020203c63616d706f2069643d22434f4450524f22207469706f3d22636f6469676f223e0d0a2020202020202020202020203c65746971756574613e50726f766565646f723c2f65746971756574613e0d0a2020202020202020202020203c76697369626c653e533c2f76697369626c653e0d0a20202020202020203c2f63616d706f3e0d0a20202020202020203c63616d706f2069643d2244455350524f22207469706f3d226465736372697063696f6e223e0d0a2020202020202020202020203c65746971756574613e446573637269706369c3b36e3c2f65746971756574613e0d0a20202020202020203c2f63616d706f3e0d0a202020203c2f63616d706f733e0d0a202020203c66696c74726f2f3e0d0a202020203c636f6e73756c74614175746f3e533c2f636f6e73756c74614175746f3e0d0a3c2f61797564613e0d0a),
  ('SECCIONES', 0x3c3f786d6c2076657273696f6e3d22312e302220656e636f64696e673d225554462d38223f3e0d0a3c6179756461206e6f6d6272653d2253454343494f4e4553223e0d0a202020203c746974756c6f3e41797564612064652053656363696f6e65733c2f746974756c6f3e0d0a202020203c6f726967656e207469706f3d22656d7072657361223e445f53454343494f4e45535f54424c3c2f6f726967656e3e0d0a202020203c63616d706f733e0d0a20202020202020203c63616d706f2069643d22434f4453454343494f4e22207469706f3d22636f6469676f223e0d0a2020202020202020202020203c65746971756574613e5365636369c3b36e3c2f65746971756574613e0d0a2020202020202020202020203c76697369626c653e533c2f76697369626c653e0d0a20202020202020203c2f63616d706f3e0d0a20202020202020203c63616d706f2069643d2244455353454343494f4e22207469706f3d226465736372697063696f6e223e0d0a2020202020202020202020203c65746971756574613e446573637269706369c3b36e3c2f65746971756574613e0d0a20202020202020203c2f63616d706f3e0d0a202020203c2f63616d706f733e0d0a202020203c66696c74726f2f3e0d0a202020203c636f6e73756c74614175746f3e533c2f636f6e73756c74614175746f3e0d0a3c2f61797564613e0d0a),
  ('CATEGORIZACIONES', 0x3c3f786d6c2076657273696f6e3d22312e302220656e636f64696e673d225554462d38223f3e0d0a3c6179756461206e6f6d6272653d2243415445474f52495a4143494f4e4553223e0d0a202020203c746974756c6f3e41797564612064652043617465676f72697a6163696f6e65733c2f746974756c6f3e0d0a202020203c6f726967656e207469706f3d22656d7072657361223e445f43415445474f52495a4143494f4e5f54424c3c2f6f726967656e3e0d0a202020203c63616d706f733e0d0a20202020202020203c63616d706f2069643d22434f4443415422207469706f3d22636f6469676f223e0d0a2020202020202020202020203c65746971756574613e43617465676f72697a616369c3b36e3c2f65746971756574613e0d0a2020202020202020202020203c76697369626c653e533c2f76697369626c653e0d0a20202020202020203c2f63616d706f3e0d0a20202020202020203c63616d706f2069643d2244455343415422207469706f3d226465736372697063696f6e223e0d0a2020202020202020202020203c65746971756574613e446573637269706369c3b36e3c2f65746971756574613e0d0a20202020202020203c2f63616d706f3e0d0a202020203c2f63616d706f733e0d0a202020203c66696c74726f2f3e0d0a202020203c636f6e73756c74614175746f3e533c2f636f6e73756c74614175746f3e0d0a3c2f61797564613e0d0a),
  ('IMPUESTOS', 0x3c3f786d6c2076657273696f6e3d22312e302220656e636f64696e673d225554462d38223f3e0d0a3c6179756461206e6f6d6272653d22494d50554553544f53223e0d0a202020203c746974756c6f3e417975646120646520496d70756573746f733c2f746974756c6f3e0d0a202020203c6f726967656e207469706f3d22636f6e666967223e434f4e4649475f494d505f5449504f535f54424c3c2f6f726967656e3e0d0a202020203c63616d706f733e0d0a20202020202020203c63616d706f2069643d22434f44494d5022207469706f3d22636f6469676f223e0d0a2020202020202020202020203c65746971756574613e496d70756573746f3c2f65746971756574613e0d0a2020202020202020202020203c76697369626c653e4e3c2f76697369626c653e0d0a20202020202020203c2f63616d706f3e0d0a20202020202020203c63616d706f2069643d22444553494d5022207469706f3d226465736372697063696f6e223e0d0a2020202020202020202020203c65746971756574613e446573637269706369c3b36e3c2f65746971756574613e0d0a20202020202020203c2f63616d706f3e0d0a202020203c2f63616d706f733e0d0a202020203c66696c74726f2f3e0d0a202020203c636f6e73756c74614175746f3e533c2f636f6e73756c74614175746f3e0d0a3c2f61797564613e0d0a),
  ('ARTICULOS', 0x3c3f786d6c2076657273696f6e3d22312e302220656e636f64696e673d225554462d38223f3e0d0a3c6179756461206e6f6d6272653d224152544943554c4f53223e0d0a202020203c746974756c6f3e417975646120646520417274c3ad63756c6f733c2f746974756c6f3e0d0a202020203c6f726967656e207469706f3d22656d7072657361223e445f4152544943554c4f535f54424c3c2f6f726967656e3e0d0a202020203c63616d706f733e0d0a20202020202020203c63616d706f2069643d22434f4441525422207469706f3d22636f6469676f223e0d0a2020202020202020202020203c65746971756574613e417274c3ad63756c6f3c2f65746971756574613e0d0a2020202020202020202020203c76697369626c653e533c2f76697369626c653e0d0a20202020202020203c2f63616d706f3e0d0a20202020202020203c63616d706f2069643d2244455341525422207469706f3d226465736372697063696f6e223e0d0a2020202020202020202020203c65746971756574613e446573637269706369c3b36e3c2f65746971756574613e0d0a20202020202020203c2f63616d706f3e0d0a202020203c2f63616d706f733e0d0a202020203c66696c74726f2f3e0d0a202020203c636f6e73756c74614175746f3e533c2f636f6e73756c74614175746f3e0d0a3c2f61797564613e0d0a),
  ('UNIDADES_MEDIDAS_ETIQUETAS', 0x3c3f786d6c2076657273696f6e3d22312e302220656e636f64696e673d225554462d38223f3e0d0a3c6179756461206e6f6d6272653d22554e4944414445535f4d4544494441535f455449515545544153223e0d0a202020203c746974756c6f3e417975646120646520556e696461646573206465204d656469646173206465204574697175657461733c2f746974756c6f3e0d0a202020203c6f726967656e207469706f3d22656d7072657361223e445f554e494441445f4d45444944415f4554495155455441535f54424c3c2f6f726967656e3e0d0a202020203c63616d706f733e0d0a20202020202020203c63616d706f2069643d22434f445f554d5f455449515545544122207469706f3d22636f6469676f223e0d0a2020202020202020202020203c65746971756574613e556e696461643c2f65746971756574613e0d0a2020202020202020202020203c76697369626c653e4e3c2f76697369626c653e0d0a20202020202020203c2f63616d706f3e0d0a20202020202020203c63616d706f2069643d224445535f554d5f455449515545544122207469706f3d226465736372697063696f6e223e0d0a2020202020202020202020203c65746971756574613e446573637269706369c3b36e3c2f65746971756574613e0d0a20202020202020203c2f63616d706f3e0d0a202020203c2f63616d706f733e0d0a202020203c66696c74726f2f3e0d0a202020203c636f6e73756c74614175746f3e533c2f636f6e73756c74614175746f3e0d0a3c2f61797564613e0d0a),
  ('SECTORES', 0x3c3f786d6c2076657273696f6e3d22312e302220656e636f64696e673d225554462d38223f3e0d0a3c6179756461206e6f6d6272653d22534543544f524553223e0d0a202020203c746974756c6f3e417975646120646520536563746f7265733c2f746974756c6f3e0d0a202020203c6f726967656e207469706f3d22656d7072657361223e445f534543544f5245535f54424c3c2f6f726967656e3e0d0a202020203c63616d706f733e0d0a20202020202020203c63616d706f2069643d22434f4453454322207469706f3d22636f6469676f223e0d0a2020202020202020202020203c65746971756574613e536563746f723c2f65746971756574613e0d0a2020202020202020202020203c76697369626c653e533c2f76697369626c653e0d0a20202020202020203c2f63616d706f3e0d0a20202020202020203c63616d706f2069643d2244455353454322207469706f3d226465736372697063696f6e223e0d0a2020202020202020202020203c65746971756574613e446573637269706369c3b36e3c2f65746971756574613e0d0a20202020202020203c2f63616d706f3e0d0a202020203c2f63616d706f733e0d0a202020203c66696c74726f2f3e0d0a202020203c636f6e73756c74614175746f3e533c2f636f6e73756c74614175746f3e0d0a3c2f61797564613e0d0a),
  ('TRATAMIENTO_IMP', 0x3c3f786d6c2076657273696f6e3d22312e302220656e636f64696e673d225554462d38223f3e0d0a3c6179756461206e6f6d6272653d2254524154414d49454e544f5f494d50223e0d0a202020203c746974756c6f3e41797564612064652054726174616d69656e746f20646520496d70756573746f733c2f746974756c6f3e0d0a202020203c6f726967656e207469706f3d22656d7072657361223e434f4e4649475f494d505f54524154414d49454e544f5f54424c3c2f6f726967656e3e0d0a202020203c63616d706f733e0d0a20202020202020203c63616d706f2069643d2249445f545241545f494d50554553544f5322207469706f3d22636f6469676f223e0d0a2020202020202020202020203c65746971756574613e436f6469676f3c2f65746971756574613e0d0a2020202020202020202020203c76697369626c653e4e3c2f76697369626c653e0d0a20202020202020203c2f63616d706f3e0d0a20202020202020203c63616d706f2069643d2244455354524154494d5022207469706f3d226465736372697063696f6e223e0d0a2020202020202020202020203c65746971756574613e4465736372697063696f6e3c2f65746971756574613e0d0a20202020202020203c2f63616d706f3e0d0a202020203c2f63616d706f733e0d0a202020203c66696c74726f2f3e0d0a202020203c636f6e73756c74614175746f3e533c2f636f6e73756c74614175746f3e0d0a3c2f61797564613e0d0a),
  ('TIPOSEFECTOS', 0x3c3f786d6c2076657273696f6e3d22312e302220656e636f64696e673d225554462d38223f3e0d0a3c6179756461206e6f6d6272653d225449504f5345464543544f53223e0d0a202020203c746974756c6f3e4179756461206465205469706f732064652045666563746f733c2f746974756c6f3e0d0a202020203c6f726967656e207469706f3d22656d7072657361223e445f5449504f535f45464543544f535f54424c3c2f6f726967656e3e0d0a202020203c63616d706f733e0d0a20202020202020203c63616d706f2069643d22434f445449504f4546454322207469706f3d22636f6469676f223e0d0a2020202020202020202020203c65746971756574613e5469706f2064652065666563746f3c2f65746971756574613e0d0a2020202020202020202020203c76697369626c653e533c2f76697369626c653e0d0a20202020202020203c2f63616d706f3e0d0a20202020202020203c63616d706f2069643d224445535449504f4546454322207469706f3d226465736372697063696f6e223e0d0a2020202020202020202020203c65746971756574613e446573637269706369c3b36e3c2f65746971756574613e0d0a20202020202020203c2f63616d706f3e0d0a202020203c2f63616d706f733e0d0a202020203c66696c74726f2f3e0d0a202020203c636f6e73756c74614175746f3e533c2f636f6e73756c74614175746f3e0d0a3c2f61797564613e0d0a),
  ('CLIENTES', 0x3c3f786d6c2076657273696f6e3d22312e302220656e636f64696e673d225554462d38223f3e0d0a3c6179756461206e6f6d6272653d22434c49454e544553223e0d0a202020203c746974756c6f3e417975646120646520436c69656e7465733c2f746974756c6f3e0d0a202020203c6f726967656e207469706f3d22656d7072657361223e445f434c49454e5445535f54424c3c2f6f726967656e3e0d0a202020203c63616d706f733e0d0a20202020202020203c63616d706f2069643d22434f44434c4922207469706f3d22636f6469676f223e0d0a2020202020202020202020203c65746971756574613e43c3b36469676f3c2f65746971756574613e0d0a2020202020202020202020203c76697369626c653e533c2f76697369626c653e0d0a20202020202020203c2f63616d706f3e0d0a20202020202020203c63616d706f2069643d22444553434c4922207469706f3d226465736372697063696f6e223e0d0a2020202020202020202020203c65746971756574613e446573637269706369c3b36e3c2f65746971756574613e0d0a20202020202020203c2f63616d706f3e0d0a202020203c2f63616d706f733e0d0a202020203c66696c74726f2f3e0d0a202020203c636f6e73756c74614175746f3e533c2f636f6e73756c74614175746f3e0d0a3c2f61797564613e0d0a),
  ('BANCOS', 0x3c3f786d6c2076657273696f6e3d22312e302220656e636f64696e673d225554462d38223f3e0d0a3c6179756461206e6f6d6272653d2242414e434f53223e0d0a202020203c746974756c6f3e41797564612064652042616e636f733c2f746974756c6f3e0d0a202020203c6f726967656e207469706f3d22656d7072657361223e445f42414e434f535f54424c3c2f6f726967656e3e0d0a202020203c63616d706f733e0d0a20202020202020203c63616d706f2069643d22434f4442414e22207469706f3d22636f6469676f223e0d0a2020202020202020202020203c65746971756574613e42616e636f3c2f65746971756574613e0d0a2020202020202020202020203c76697369626c653e533c2f76697369626c653e0d0a20202020202020203c2f63616d706f3e0d0a20202020202020203c63616d706f2069643d2244455342414e22207469706f3d226465736372697063696f6e223e0d0a2020202020202020202020203c65746971756574613e446573637269706369c3b36e3c2f65746971756574613e0d0a20202020202020203c2f63616d706f3e0d0a202020203c2f63616d706f733e0d0a202020203c66696c74726f2f3e0d0a202020203c636f6e73756c74614175746f3e533c2f636f6e73756c74614175746f3e0d0a3c2f61797564613e0d0a),
  ('FABRICANTES', 0x3c3f786d6c2076657273696f6e3d22312e302220656e636f64696e673d225554462d38223f3e0d0a3c6179756461206e6f6d6272653d22464142524943414e544553223e0d0a202020203c746974756c6f3e417975646120646520466162726963616e7465733c2f746974756c6f3e0d0a202020203c6f726967656e207469706f3d22656d7072657361223e445f464142524943414e5445533c2f6f726967656e3e0d0a202020203c63616d706f733e0d0a20202020202020203c63616d706f2069643d22434f4450524f22207469706f3d22636f6469676f223e0d0a2020202020202020202020203c65746971756574613e466162726963616e74653c2f65746971756574613e0d0a2020202020202020202020203c76697369626c653e533c2f76697369626c653e0d0a20202020202020203c2f63616d706f3e0d0a20202020202020203c63616d706f2069643d2244455350524f22207469706f3d226465736372697063696f6e223e0d0a2020202020202020202020203c65746971756574613e446573637269706369c3b36e3c2f65746971756574613e0d0a20202020202020203c2f63616d706f3e0d0a202020203c2f63616d706f733e0d0a202020203c66696c74726f2f3e0d0a202020203c636f6e73756c74614175746f3e533c2f636f6e73756c74614175746f3e0d0a3c2f61797564613e0d0a),
  ('TIENDAS', 0x3c3f786d6c2076657273696f6e3d22312e302220656e636f64696e673d225554462d38223f3e0d0a3c6179756461206e6f6d6272653d225449454e444153223e0d0a202020203c746974756c6f3e4179756461206465205469656e6461733c2f746974756c6f3e0d0a202020203c6f726967656e207469706f3d22656d7072657361223e445f5449454e4441533c2f6f726967656e3e0d0a202020203c63616d706f733e0d0a20202020202020203c63616d706f2069643d22434f44414c4d22207469706f3d22636f6469676f223e0d0a2020202020202020202020203c65746971756574613e5469656e64613c2f65746971756574613e0d0a2020202020202020202020203c76697369626c653e533c2f76697369626c653e0d0a20202020202020203c2f63616d706f3e0d0a20202020202020203c63616d706f2069643d22444553414c4d22207469706f3d226465736372697063696f6e223e0d0a2020202020202020202020203c65746971756574613e446573637269706369c3b36e3c2f65746971756574613e0d0a20202020202020203c2f63616d706f3e0d0a202020203c2f63616d706f733e0d0a202020203c66696c74726f2f3e0d0a202020203c636f6e73756c74614175746f3e533c2f636f6e73756c74614175746f3e0d0a3c2f61797564613e0d0a),
  ('CONCEPTOS_ALMACENES_REGU', 0x3c3f786d6c2076657273696f6e3d22312e302220656e636f64696e673d225554462d38223f3e0d0a3c6179756461206e6f6d6272653d22434f4e434550544f535f414c4d4143454e45535f52454755223e0d0a202020203c746974756c6f3e417975646120646520436f6e636570746f7320646520416c6d6163656e65733c2f746974756c6f3e0d0a202020203c6f726967656e207469706f3d22656d7072657361223e445f414c4d4143454e45535f434f4e434550544f535f54424c3c2f6f726967656e3e0d0a202020203c63616d706f733e0d0a20202020202020203c63616d706f2069643d22434f44434f4e414c4d22207469706f3d22636f6469676f223e0d0a2020202020202020202020203c65746971756574613e416c6d6163c3a96e3c2f65746971756574613e0d0a2020202020202020202020203c76697369626c653e533c2f76697369626c653e0d0a20202020202020203c2f63616d706f3e0d0a20202020202020203c63616d706f2069643d22444553434f4e414c4d22207469706f3d226465736372697063696f6e223e0d0a2020202020202020202020203c65746971756574613e446573637269706369c3b36e3c2f65746971756574613e0d0a20202020202020203c2f63616d706f3e0d0a202020203c2f63616d706f733e0d0a202020203c66696c74726f3e434f4441504c49434143494f4e203d202752454755273c2f66696c74726f3e0d0a202020203c636f6e73756c74614175746f3e533c2f636f6e73756c74614175746f3e0d0a3c2f61797564613e0d0a),
  ('TIENDAS_TIPOS', 0x3c3f786d6c2076657273696f6e3d22312e302220656e636f64696e673d225554462d38223f3e0d0a3c6179756461206e6f6d6272653d225449454e4441535f5449504f53223e0d0a202020203c746974756c6f3e4179756461206465205469706f73206465205469656e6461733c2f746974756c6f3e0d0a202020203c6f726967656e207469706f3d22636f6e66696775726163696f6e223e434f4e4649475f5449454e4441535f5449504f535f54424c3c2f6f726967656e3e0d0a202020203c63616d706f733e0d0a20202020202020203c63616d706f2069643d2249445f5449504f5f5449454e444122207469706f3d22636f6469676f223e0d0a2020202020202020202020203c65746971756574613e49643c2f65746971756574613e0d0a2020202020202020202020203c76697369626c653e4e3c2f76697369626c653e0d0a20202020202020203c2f63616d706f3e0d0a20202020202020203c63616d706f2069643d224445535449504f5f5449454e444122207469706f3d226465736372697063696f6e223e0d0a2020202020202020202020203c65746971756574613e446573637269706369c3b36e3c2f65746971756574613e0d0a20202020202020203c2f63616d706f3e0d0a202020203c2f63616d706f733e0d0a202020203c66696c74726f2f3e0d0a202020203c636f6e73756c74614175746f3e533c2f636f6e73756c74614175746f3e0d0a3c2f61797564613e),
  ('GRUPOS_IMPUESTOS', 0x3c3f786d6c2076657273696f6e3d22312e302220656e636f64696e673d225554462d38223f3e0d0a3c6179756461206e6f6d6272653d22475255504f535f494d50554553544f53223e0d0a202020203c746974756c6f3e417975646120646520477275706f7320646520496d70756573746f733c2f746974756c6f3e0d0a202020203c6f726967656e207469706f3d22656d7072657361223e434f4e4649475f494d505f475255504f533c2f6f726967656e3e0d0a202020203c63616d706f733e0d0a20202020202020203c63616d706f2069643d2249445f475255504f5f494d50554553544f5322207469706f3d22636f6469676f223e0d0a2020202020202020202020203c65746971756574613e477275706f20496d70756573746f3c2f65746971756574613e0d0a2020202020202020202020203c76697369626c653e4e3c2f76697369626c653e0d0a20202020202020203c2f63616d706f3e0d0a20202020202020203c63616d706f2069643d22564947454e4349415f444553444522207469706f3d226465736372697063696f6e223e0d0a2020202020202020202020203c65746971756574613e566967656e6369613c2f65746971756574613e0d0a20202020202020203c2f63616d706f3e0d0a202020203c2f63616d706f733e0d0a202020203c66696c74726f2f3e0d0a202020203c636f6e73756c74614175746f3e533c2f636f6e73756c74614175746f3e0d0a3c2f61797564613e0d0a),
  ('MEDIOS_PAGO_VEN_COMPRAS', 0x3c3f786d6c2076657273696f6e3d22312e302220656e636f64696e673d225554462d38223f3e0d0a3c6179756461206e6f6d6272653d224d4544494f535f5041474f5f56454e5f434f4d50524153223e0d0a202020203c746974756c6f3e4179756461206465204d6564696f73206465205061676f20646520436f6d707261733c2f746974756c6f3e0d0a202020203c6f726967656e207469706f3d22656d7072657361223e445f4d4544494f535f5041474f5f56454e3c2f6f726967656e3e0d0a202020203c63616d706f733e0d0a20202020202020203c63616d706f2069643d2249445f4d45445041475f56454e22207469706f3d22636f6469676f223e0d0a2020202020202020202020203c65746971756574613e436f6469676f3c2f65746971756574613e0d0a2020202020202020202020203c76697369626c653e4e3c2f76697369626c653e0d0a20202020202020203c2f63616d706f3e0d0a20202020202020203c63616d706f2069643d224445534d45445041475f56454e22207469706f3d226465736372697063696f6e223e0d0a2020202020202020202020203c65746971756574613e446573637269706369c3b36e3c2f65746971756574613e0d0a20202020202020203c2f63616d706f3e0d0a202020203c2f63616d706f733e0d0a202020203c66696c74726f3e56495349424c455f434f4d505241203d202753273c2f66696c74726f3e0d0a202020203c636f6e73756c74614175746f3e533c2f636f6e73756c74614175746f3e0d0a3c2f61797564613e0d0a),
  ('MEDIOS_PAGO_VEN_VENTAS', 0x3c3f786d6c2076657273696f6e3d22312e302220656e636f64696e673d225554462d38223f3e0d0a3c6179756461206e6f6d6272653d224d4544494f535f5041474f5f56454e5f56454e544153223e0d0a202020203c746974756c6f3e4179756461206465204d6564696f73206465205061676f2064652056656e7461733c2f746974756c6f3e0d0a202020203c6f726967656e207469706f3d22656d7072657361223e445f4d4544494f535f5041474f5f56454e3c2f6f726967656e3e0d0a202020203c63616d706f733e0d0a20202020202020203c63616d706f2069643d2249445f4d45445041475f56454e22207469706f3d22636f6469676f223e0d0a2020202020202020202020203c65746971756574613e436f6469676f3c2f65746971756574613e0d0a2020202020202020202020203c76697369626c653e4e3c2f76697369626c653e0d0a20202020202020203c2f63616d706f3e0d0a20202020202020203c63616d706f2069643d224445534d45445041475f56454e22207469706f3d226465736372697063696f6e223e0d0a2020202020202020202020203c65746971756574613e446573637269706369c3b36e3c2f65746971756574613e0d0a20202020202020203c2f63616d706f3e0d0a202020203c2f63616d706f733e0d0a202020203c66696c74726f3e56495349424c455f56454e5441203d202753273c2f66696c74726f3e0d0a202020203c636f6e73756c74614175746f3e533c2f636f6e73756c74614175746f3e0d0a3c2f61797564613e0d0a),
  ('CONCEPTOS_ALMACENES_COMP', 0x3c3f786d6c2076657273696f6e3d22312e302220656e636f64696e673d225554462d38223f3e0d0a3c6179756461206e6f6d6272653d22434f4e434550544f535f414c4d4143454e45535f434f4d50223e0d0a202020203c746974756c6f3e417975646120646520436f6e636570746f7320646520416c6d6163656e657320646520436f6d707261733c2f746974756c6f3e0d0a202020203c6f726967656e207469706f3d22656d7072657361223e445f414c4d4143454e45535f434f4e434550544f533c2f6f726967656e3e0d0a202020203c63616d706f733e0d0a20202020202020203c63616d706f2069643d22434f44434f4e414c4d22207469706f3d22636f6469676f223e0d0a2020202020202020202020203c65746971756574613e436f6e636570746f3c2f65746971756574613e0d0a2020202020202020202020203c76697369626c653e533c2f76697369626c653e0d0a20202020202020203c2f63616d706f3e0d0a20202020202020203c63616d706f2069643d22444553434f4e414c4d22207469706f3d226465736372697063696f6e223e0d0a2020202020202020202020203c65746971756574613e446573637269706369c3b36e3c2f65746971756574613e0d0a20202020202020203c2f63616d706f3e0d0a202020203c2f63616d706f733e0d0a202020203c66696c74726f3e434f4441504c49434143494f4e203d2027434f4d50273c2f66696c74726f3e0d0a202020203c636f6e73756c74614175746f3e533c2f636f6e73756c74614175746f3e0d0a3c2f61797564613e0d0a),
  ('APLICACIONES', 0x3c3f786d6c2076657273696f6e3d22312e302220656e636f64696e673d225554462d38223f3e0d0a3c6179756461206e6f6d6272653d2241504c49434143494f4e4553223e0d0a202020203c746974756c6f3e41797564612064652041706c69636163696f6e65733c2f746974756c6f3e0d0a202020203c6f726967656e207469706f3d22636f6e666967223e434f4e4649475f41504c49434143494f4e45535f5745423c2f6f726967656e3e0d0a202020203c63616d706f733e0d0a20202020202020203c63616d706f2069643d22434f4441504c49434143494f4e22207469706f3d22636f6469676f223e0d0a2020202020202020202020203c65746971756574613e41706c6963616369c3b36e3c2f65746971756574613e0d0a2020202020202020202020203c76697369626c653e4e3c2f76697369626c653e0d0a20202020202020203c2f63616d706f3e0d0a20202020202020203c63616d706f2069643d2244455341504c49434143494f4e22207469706f3d226465736372697063696f6e223e0d0a2020202020202020202020203c65746971756574613e41504c4943414349c3934e3c2f65746971756574613e0d0a20202020202020203c2f63616d706f3e0d0a202020203c2f63616d706f733e0d0a202020203c66696c74726f2f3e0d0a202020203c636f6e73756c74614175746f3e533c2f636f6e73756c74614175746f3e0d0a3c2f61797564613e0d0a),
  ('PROMOCIONES', 0x3c3f786d6c2076657273696f6e3d22312e302220656e636f64696e673d225554462d38223f3e0d0a3c6179756461206e6f6d6272653d2250524f4d4f43494f4e4553223e0d0a202020203c746974756c6f3e41797564612064652050726f6d6f63696f6e65733c2f746974756c6f3e0d0a202020203c6f726967656e207469706f3d22656d7072657361223e445f50524f4d4f43494f4e45535f4341425f54424c3c2f6f726967656e3e0d0a202020203c63616d706f733e0d0a20202020202020203c63616d706f2069643d2249445f50524f4d4f43494f4e22207469706f3d22636f6469676f223e0d0a2020202020202020202020203c65746971756574613e50726f6d6f6369c3b36e3c2f65746971756574613e0d0a2020202020202020202020203c76697369626c653e533c2f76697369626c653e0d0a20202020202020203c2f63616d706f3e0d0a20202020202020203c63616d706f2069643d224445534352495043494f4e22207469706f3d226465736372697063696f6e223e0d0a2020202020202020202020203c65746971756574613e446573637269706369c3b36e3c2f65746971756574613e0d0a20202020202020203c2f63616d706f3e0d0a202020203c2f63616d706f733e0d0a202020203c66696c74726f2f3e0d0a202020203c636f6e73756c74614175746f3e533c2f636f6e73756c74614175746f3e0d0a3c2f61797564613e0d0a),
  ('TIPOSPORTES', 0x3c3f786d6c2076657273696f6e3d22312e302220656e636f64696e673d225554462d38223f3e0d0a3c6179756461206e6f6d6272653d225449504f53504f52544553223e0d0a202020203c746974756c6f3e4179756461206465205469706f7320646520506f727465733c2f746974756c6f3e0d0a202020203c6f726967656e207469706f3d22656d7072657361223e445f5449504f535f504f525445535f54424c3c2f6f726967656e3e0d0a202020203c63616d706f733e0d0a20202020202020203c63616d706f2069643d2249445f5449504f5f504f52544522207469706f3d22636f6469676f223e0d0a2020202020202020202020203c65746971756574613e5469706f20506f7274653c2f65746971756574613e0d0a2020202020202020202020203c76697369626c653e533c2f76697369626c653e0d0a20202020202020203c2f63616d706f3e0d0a20202020202020203c63616d706f2069643d224445535449504f504f52544522207469706f3d226465736372697063696f6e223e0d0a2020202020202020202020203c65746971756574613e446573637269706369c3b36e3c2f65746971756574613e0d0a20202020202020203c2f63616d706f3e0d0a202020203c2f63616d706f733e0d0a202020203c66696c74726f2f3e0d0a202020203c636f6e73756c74614175746f3e533c2f636f6e73756c74614175746f3e0d0a3c2f61797564613e0d0a),
  ('DESGLOSES_ARTICULO', 0x3c3f786d6c2076657273696f6e3d22312e302220656e636f64696e673d225554462d38223f3e0d0a3c6179756461206e6f6d6272653d22445f4152544943554c4f535f434f44424152223e0d0a202020203c746974756c6f3e417975646120646520446573676c6f73657320646520756e20417274c3ad63756c6f3c2f746974756c6f3e0d0a202020203c6f726967656e207469706f3d22656d7072657361223e445f4152544943554c4f535f434f444241523c2f6f726967656e3e0d0a202020203c63616d706f733e0d0a20202020202020203c63616d706f2069643d22444553474c4f53453122207469706f3d22636f6469676f223e0d0a2020202020202020202020203c65746971756574613e446573676c6f736520313c2f65746971756574613e0d0a2020202020202020202020203c76697369626c653e533c2f76697369626c653e0d0a20202020202020203c2f63616d706f3e0d0a20202020202020203c63616d706f2069643d22444553474c4f53453222207469706f3d226465736372697063696f6e223e0d0a2020202020202020202020203c65746971756574613e446573676c6f736520323c2f65746971756574613e0d0a20202020202020203c2f63616d706f3e0d0a202020203c2f63616d706f733e0d0a202020203c63616d706f46696c74726f3e434f444152543c2f63616d706f46696c74726f3e0d0a202020203c66696c74726f2f3e0d0a202020203c636f6e73756c74614175746f3e533c2f636f6e73756c74614175746f3e0d0a3c2f61797564613e),
  ('CONCEPTOS_ALMACENES_BACKOFFICE_APRV', 0x3c3f786d6c2076657273696f6e3d22312e302220656e636f64696e673d225554462d38223f3e0d0a3c6179756461206e6f6d6272653d22434f4e434550544f535f414c4d4143454e45535f4241434b4f46464943455f41505256223e0d0a202020203c746974756c6f3e417975646120646520436f6e636570746f7320646520416c6d6163656e6573206465204170726f766973696f6e616d69656e746f733c2f746974756c6f3e0d0a202020203c6f726967656e207469706f3d22656d7072657361223e445f414c4d4143454e45535f434f4e434550544f533c2f6f726967656e3e0d0a202020203c63616d706f733e0d0a20202020202020203c63616d706f2069643d22434f44434f4e414c4d22207469706f3d22636f6469676f223e0d0a2020202020202020202020203c65746971756574613e436f6e636570746f3c2f65746971756574613e0d0a2020202020202020202020203c76697369626c653e533c2f76697369626c653e0d0a20202020202020203c2f63616d706f3e0d0a20202020202020203c63616d706f2069643d22444553434f4e414c4d22207469706f3d226465736372697063696f6e223e0d0a2020202020202020202020203c65746971756574613e446573637269706369c3b36e3c2f65746971756574613e0d0a20202020202020203c2f63616d706f3e0d0a202020203c2f63616d706f733e0d0a202020203c66696c74726f3e434f4441504c49434143494f4e203d202756454e542720414e442056495349424c455f5449454e444153203d202753273c2f66696c74726f3e0d0a202020203c636f6e73756c74614175746f3e533c2f636f6e73756c74614175746f3e0d0a3c2f61797564613e0d0a),
  ('FAMILIAS', 0x3c3f786d6c2076657273696f6e3d22312e302220656e636f64696e673d225554462d38223f3e0d0a3c6179756461206e6f6d6272653d2246414d494c494153223e0d0a202020203c746974756c6f3e41797564612064652046616d696c6961733c2f746974756c6f3e0d0a202020203c6f726967656e207469706f3d22656d7072657361223e445f46414d494c4941535f54424c3c2f6f726967656e3e0d0a202020203c63616d706f733e0d0a20202020202020203c63616d706f2069643d22434f4446414d22207469706f3d22636f6469676f223e0d0a2020202020202020202020203c65746971756574613e46616d696c69613c2f65746971756574613e0d0a2020202020202020202020203c76697369626c653e533c2f76697369626c653e0d0a20202020202020203c2f63616d706f3e0d0a20202020202020203c63616d706f2069643d2244455346414d22207469706f3d226465736372697063696f6e223e0d0a2020202020202020202020203c65746971756574613e446573637269706369c3b36e3c2f65746971756574613e0d0a20202020202020203c2f63616d706f3e0d0a202020203c2f63616d706f733e0d0a202020203c66696c74726f2f3e0d0a202020203c636f6e73756c74614175746f3e533c2f636f6e73756c74614175746f3e0d0a3c2f61797564613e0d0a),
  ('MEDIOS_PAGO_VEN', 0x3c3f786d6c2076657273696f6e3d22312e302220656e636f64696e673d225554462d38223f3e0d0a3c6179756461206e6f6d6272653d224d4544494f535f5041474f5f56454e223e0d0a202020203c746974756c6f3e4179756461206465204d6564696f73206465205061676f3c2f746974756c6f3e0d0a202020203c6f726967656e207469706f3d22656d7072657361223e445f4d4544494f535f5041474f5f56454e5f54424c3c2f6f726967656e3e0d0a202020203c63616d706f733e0d0a20202020202020203c63616d706f2069643d2249445f4d45445041475f56454e22207469706f3d22636f6469676f223e0d0a2020202020202020202020203c65746971756574613e436f6469676f3c2f65746971756574613e0d0a2020202020202020202020203c76697369626c653e4e3c2f76697369626c653e0d0a20202020202020203c2f63616d706f3e0d0a20202020202020203c63616d706f2069643d224445534d45445041475f56454e22207469706f3d226465736372697063696f6e223e0d0a2020202020202020202020203c65746971756574613e446573637269706369c3b36e3c2f65746971756574613e0d0a20202020202020203c2f63616d706f3e0d0a202020203c2f63616d706f733e0d0a202020203c66696c74726f2f3e0d0a202020203c636f6e73756c74614175746f3e533c2f636f6e73756c74614175746f3e0d0a3c2f61797564613e0d0a),
  ('CONCEPTOS_ALMACENES_BACKOFFICE_REGU', 0x3c3f786d6c2076657273696f6e3d22312e302220656e636f64696e673d225554462d38223f3e0d0a3c6179756461206e6f6d6272653d22434f4e434550544f535f414c4d4143454e45535f4241434b4f46464943455f52454755223e0d0a202020203c746974756c6f3e417975646120646520436f6e636570746f7320646520416c6d6163656e65732064656c204261636b6f66666963653c2f746974756c6f3e0d0a202020203c6f726967656e207469706f3d22656d7072657361223e445f414c4d4143454e45535f434f4e434550544f535f54424c3c2f6f726967656e3e0d0a202020203c63616d706f733e0d0a20202020202020203c63616d706f2069643d22434f44434f4e414c4d22207469706f3d22636f6469676f223e0d0a2020202020202020202020203c65746971756574613e416c6d6163c3a96e3c2f65746971756574613e0d0a2020202020202020202020203c76697369626c653e533c2f76697369626c653e0d0a20202020202020203c2f63616d706f3e0d0a20202020202020203c63616d706f2069643d22444553434f4e414c4d22207469706f3d226465736372697063696f6e223e0d0a2020202020202020202020203c65746971756574613e446573637269706369c3b36e3c2f65746971756574613e0d0a20202020202020203c2f63616d706f3e0d0a202020203c2f63616d706f733e0d0a202020203c66696c74726f3e434f4441504c49434143494f4e203d2027524547552720414e442056495349424c455f5449454e444153203d202753273c2f66696c74726f3e0d0a202020203c636f6e73756c74614175746f3e533c2f636f6e73756c74614175746f3e0d0a3c2f61797564613e0d0a),
  ('EMPRESAS', 0x3c3f786d6c2076657273696f6e3d22312e302220656e636f64696e673d225554462d38223f3e0d0a3c6179756461206e6f6d6272653d22454d505245534153223e0d0a202020203c746974756c6f3e417975646120646520456d7072657361733c2f746974756c6f3e0d0a202020203c6f726967656e207469706f3d22656d7072657361223e445f454d5052455341535f54424c3c2f6f726967656e3e0d0a202020203c63616d706f733e0d0a20202020202020203c63616d706f2069643d22434f44454d5022207469706f3d22636f6469676f223e0d0a2020202020202020202020203c65746971756574613e456d70726573613c2f65746971756574613e0d0a2020202020202020202020203c76697369626c653e533c2f76697369626c653e0d0a20202020202020203c2f63616d706f3e0d0a20202020202020203c63616d706f2069643d22444553454d5022207469706f3d226465736372697063696f6e223e0d0a2020202020202020202020203c65746971756574613e446573637269706369c3b36e3c2f65746971756574613e0d0a20202020202020203c2f63616d706f3e0d0a202020203c2f63616d706f733e0d0a202020203c66696c74726f2f3e0d0a202020203c636f6e73756c74614175746f3e533c2f636f6e73756c74614175746f3e0d0a3c2f61797564613e),
  ('USUARIOS', 0x3c3f786d6c2076657273696f6e3d22312e302220656e636f64696e673d225554462d38223f3e0d0a3c6179756461206e6f6d6272653d225553554152494f53223e0d0a202020203c746974756c6f3e4179756461206465205573756172696f733c2f746974756c6f3e0d0a202020203c6f726967656e207469706f3d22636f6e66696775726163696f6e223e434f4e4649475f5553554152494f535f54424c3c2f6f726967656e3e0d0a202020203c63616d706f733e0d0a20202020202020203c63616d706f2069643d2249445f5553554152494f22207469706f3d22636f6469676f223e0d0a2020202020202020202020203c65746971756574613e43c3b36469676f3c2f65746971756574613e0d0a2020202020202020202020203c76697369626c653e4e3c2f76697369626c653e0d0a20202020202020203c2f63616d706f3e0d0a20202020202020203c63616d706f2069643d224445535553554152494f22207469706f3d226465736372697063696f6e223e0d0a2020202020202020202020203c65746971756574613e5573756172696f3c2f65746971756574613e0d0a20202020202020203c2f63616d706f3e0d0a202020203c2f63616d706f733e0d0a202020203c66696c74726f2f3e0d0a202020203c636f6e73756c74614175746f3e533c2f636f6e73756c74614175746f3e0d0a3c2f61797564613e0d0a),
  ('CONCEPTOS_ALMACENES_VENT', 0x3c3f786d6c2076657273696f6e3d22312e302220656e636f64696e673d225554462d38223f3e0d0a3c6179756461206e6f6d6272653d22434f4e434550544f535f414c4d4143454e45535f56454e54223e0d0a202020203c746974756c6f3e417975646120646520436f6e636570746f7320646520416c6d6163656e65732064652056656e7461733c2f746974756c6f3e0d0a202020203c6f726967656e207469706f3d22656d7072657361223e445f414c4d4143454e45535f434f4e434550544f533c2f6f726967656e3e0d0a202020203c63616d706f733e0d0a20202020202020203c63616d706f2069643d22434f44434f4e414c4d22207469706f3d22636f6469676f223e0d0a2020202020202020202020203c65746971756574613e436f6e636570746f3c2f65746971756574613e0d0a2020202020202020202020203c76697369626c653e533c2f76697369626c653e0d0a20202020202020203c2f63616d706f3e0d0a20202020202020203c63616d706f2069643d22444553434f4e414c4d22207469706f3d226465736372697063696f6e223e0d0a2020202020202020202020203c65746971756574613e446573637269706369c3b36e3c2f65746971756574613e0d0a20202020202020203c2f63616d706f3e0d0a202020203c2f63616d706f733e0d0a202020203c66696c74726f3e434f4441504c49434143494f4e203d202756454e54273c2f66696c74726f3e0d0a202020203c636f6e73756c74614175746f3e533c2f636f6e73756c74614175746f3e0d0a3c2f61797564613e0d0a),
  ('PERFILES', 0x3c3f786d6c2076657273696f6e3d22312e302220656e636f64696e673d225554462d38223f3e0d0a3c6179756461206e6f6d6272653d2250455246494c4553223e0d0a202020203c746974756c6f3e41797564612064652050657266696c65733c2f746974756c6f3e0d0a202020203c6f726967656e207469706f3d22636f6e66696775726163696f6e223e434f4e4649475f50455246494c45535f54424c3c2f6f726967656e3e0d0a202020203c63616d706f733e0d0a20202020202020203c63616d706f2069643d2249445f50455246494c22207469706f3d22636f6469676f223e0d0a2020202020202020202020203c65746971756574613e43c3b36469676f3c2f65746971756574613e0d0a2020202020202020202020203c76697369626c653e4e3c2f76697369626c653e0d0a20202020202020203c2f63616d706f3e0d0a20202020202020203c63616d706f2069643d2244455350455246494c22207469706f3d226465736372697063696f6e223e0d0a2020202020202020202020203c65746971756574613e50657266696c3c2f65746971756574613e0d0a20202020202020203c2f63616d706f3e0d0a202020203c2f63616d706f733e0d0a202020203c66696c74726f2f3e0d0a202020203c636f6e73756c74614175746f3e533c2f636f6e73756c74614175746f3e0d0a3c2f61797564613e0d0a),
  ('MEDIOS_PAGO_EFECTIVOS', 0x3c3f786d6c2076657273696f6e3d22312e302220656e636f64696e673d225554462d38223f3e0d0a3c6179756461206e6f6d6272653d224d4544494f535f5041474f5f454645435449564f53223e0d0a202020203c746974756c6f3e4179756461206465204d6564696f73206465205061676f20456665637469766f733c2f746974756c6f3e0d0a202020203c6f726967656e207469706f3d22656d7072657361223e445f4d4544494f535f5041474f3c2f6f726967656e3e0d0a202020203c63616d706f733e0d0a20202020202020203c63616d706f2069643d22434f444d454450414722207469706f3d22636f6469676f223e0d0a2020202020202020202020203c65746971756574613e436f6469676f3c2f65746971756574613e0d0a2020202020202020202020203c76697369626c653e533c2f76697369626c653e0d0a20202020202020203c2f63616d706f3e0d0a20202020202020203c63616d706f2069643d224445534d454450414722207469706f3d226465736372697063696f6e223e0d0a2020202020202020202020203c65746971756574613e446573637269706369c3b36e3c2f65746971756574613e0d0a20202020202020203c2f63616d706f3e0d0a202020203c2f63616d706f733e0d0a202020203c66696c74726f3e434f4e5441444f203d2027532720414e4420454645435449564f203d2027532720414e442056495349424c455f434f4d505241203d202753273c2f66696c74726f3e0d0a202020203c636f6e73756c74614175746f3e533c2f636f6e73756c74614175746f3e0d0a3c2f61797564613e),
  ('PAISES', 0x3c3f786d6c2076657273696f6e3d22312e302220656e636f64696e673d225554462d38223f3e0d0a3c6179756461206e6f6d6272653d22504149534553223e0d0a202020203c746974756c6f3e4179756461206465205061c3ad7365733c2f746974756c6f3e0d0a202020203c6f726967656e207469706f3d22656d7072657361223e445f5041495345535f54424c3c2f6f726967656e3e0d0a202020203c63616d706f733e0d0a20202020202020203c63616d706f2069643d22434f445041495322207469706f3d22636f6469676f223e0d0a2020202020202020202020203c65746971756574613e5061c3ad733c2f65746971756574613e0d0a2020202020202020202020203c76697369626c653e533c2f76697369626c653e0d0a20202020202020203c2f63616d706f3e0d0a20202020202020203c63616d706f2069643d224445535041495322207469706f3d226465736372697063696f6e223e0d0a2020202020202020202020203c65746971756574613e446573637269706369c3b36e3c2f65746971756574613e0d0a20202020202020203c2f63616d706f3e0d0a202020203c2f63616d706f733e0d0a202020203c66696c74726f2f3e0d0a202020203c636f6e73756c74614175746f3e533c2f636f6e73756c74614175746f3e0d0a3c2f61797564613e0d0a);

INSERT INTO config_contadores_def_tbl(id_contador, usa_codemp, usa_codserie, usa_periodo, descripcion)
VALUES ('ID_TRABAJO', 'N', 'N', 'N', 'ID de trabajo de sincronizacio'),
  ('ID_REMESA', 'N', 'N', 'N', 'ID de Remesa'),
  ('ID_ACTUALIZACION', 'N', 'N', 'N', 'ID de Actualizacion de Tarifa'),
  ('ID_GRUPO_IMPUESTOS', 'N', 'N', 'N', 'ID de grupo de impuestos'),
  ('ID_COBRO', 'N', 'N', 'N', 'ID de Documento de Cobro'),
  ('ID_VENCIMIENTO_COBRO', 'N', 'N', 'N', 'ID de Vencimiento de Cobro'),
  ('ID_FACTURA_SOP', 'N', 'N', 'N', 'Identificador de Factura Sop.'),
  ('ID_FACTURA_REP', 'N', 'N', 'N', 'Identificador de Factura Rep.'),
  ('ID_PAGO', 'N', 'N', 'N', 'ID de Documento de Pago'),
  ('ID_VENCIMIENTO_PAGO', 'N', 'N', 'N', 'ID de Vencimiento de Pago'),
  ('ID_CLIE_ALBARAN', 'N', 'N', 'N', 'ID de Albaranes de Clientes'),
  ('ID_TRAT_IMPUESTOS', 'N', 'N', 'N', 'ID de Tratamiento de Impuestos'),
  ('ID_TICKET', 'N', 'S', 'N', 'Numeros de tickets'),
  ('ID_PROV_ALBARAN', 'N', 'N', 'N', 'ID de Albaranes de Proveedores'),
  ('ID_PROMOCION', 'N', 'N', 'N', 'ID de Promociones'),
  ('ID_TIPO_PORTE', 'N', 'N', 'N', 'ID de Tipo de Porte'),
  ('ID_REGULARIZACION', 'N', 'N', 'N', 'ID de regularizaciones'),
  ('PEDPRO', 'S', 'S', 'S', 'Pedidos de proveedores'),
  ('PEDCLI', 'S', 'S', 'S', 'Pedidos de clientes'),
  ('ALBPRO', 'S', 'S', 'S', 'Albaranes de proveedores'),
  ('ALBCLI', 'S', 'S', 'S', 'Albaranes de clientes'),
  ('SOP_NUMFAC', 'S', 'S', 'S', 'Registro de iva soportado'),
  ('REP_NUMFAC', 'S', 'S', 'S', 'Registro de iva repercutido'),
  ('ID_USUARIO', 'N', 'N', 'N', 'ID de Usuarios'),
  ('ID_PERFIL', 'N', 'N', 'N', 'ID de Perfiles'),
  ('VERSION_TARIFA', 'N', 'N', 'N', 'Versionado de tarifas'),
  ('ID_CLIE_PEDIDO', 'N', 'N', 'N', 'ID de Pedidos de Clientes'),
  ('ID_TRASPASO', 'N', 'N', 'N', 'ID de Traspaso'),
  ('VERSION_ARTICULO', 'N', 'N', 'N', 'Versionado de articulos'),
  ('ID_MEDPAG_VEN', 'N', 'N', 'N', 'ID de Tipo de Vencimientos'),
  ('ID_PROV_PEDIDO', 'N', 'N', 'N', 'ID de Pedido de Proveedores');

INSERT INTO config_contadores_tbl(id_contador, codemp, codserie, periodo, valor)
VALUES ('ID_GRUPO_IMPUESTOS', '****', '****', 0, 1000),
  ('ID_PERFIL', '****', '****', 0, 1000),
  ('ID_TRAT_IMPUESTOS', '****', '****', 0, 1000),
  ('ID_USUARIO', '****', '****', 0, 1000),
  ('ID_MEDPAG_VEN', '****', '****', 0, 1000),
  ('VERSION_ARTICULO', '****', '****', 0, 1),
  ('VERSION_TARIFA', '****', '****', 0, 1);

INSERT INTO config_estados_tbl(proceso, estado, subestado, desestado, abreviatura, icono, ambito_aplicacion)
VALUES ('PEDCLI', 0, 0, 'SOLICITUD DE PEDIDO', 'SOL. PEDIDO', 'ventas/pedidos/buscar/images/estados/emisor/solicitud.gif', 'Solicitud de pedido'),
  ('PEDCLI_LINEA', 10, 0, 'SOL. PDTE. ACEPTACION', 'SOL. PDTE. ACEPT.', 'ventas/pedidos/buscar/images/estados/linea/pendienteAceptacion.gif', 'Mercancia solicitada'),
  ('REMESA_COBRO', 0, 0, 'PREREMESA', 'PREREMESA', 'tesoreria/remesas/cobros/buscar/images/estados/preremesa.gif', 'Remesa en proceso de selección de efectos'),
  ('REMESA_COBRO', 100, 0, 'REMESA', 'REMESA', 'tesoreria/remesas/cobros/buscar/images/estados/remesa.gif', 'Remesa finalizada'),
  ('PEDCLI_RECEPTOR', 0, 0, 'SOLICITUD DE APROVISIONAMIENTO', 'SOL. APROV.', 'backoffice/ventas/pedidos/buscar/images/estados/solicitud.gif', 'Solicitud de mercancía para aprovisionamiento.'),
  ('PEDCLI_LINEA', 20, 10, 'PDTE. PREPARACION, ACEPT. PARCIAL', 'PDTE. PREP. ACEP. PARC.', 'ventas/pedidos/buscar/images/estados/linea/aceptadaPendientePreparacionParcial.gif', 'Mercancía aceptada parcialmente, pendiente de preparación'),
  ('PEDCLI_LINEA', 30, 10, 'PREPARADA PARCIAL', 'PREP. PARCIAL', 'ventas/pedidos/buscar/images/estados/linea/preparadaParcial.gif', 'Mercancía preparada parcialmente'),
  ('PEDCLI_LINEA', 30, 80, 'NO PREPARADA', 'NO PREPARADA', 'ventas/pedidos/buscar/images/estados/linea/preparadaNo.gif', 'Mercancía no preparada'),
  ('PEDCLI_LINEA', 100, 10, 'SERVIDA PARCIAL', 'SERVIDA PARC.', 'ventas/pedidos/buscar/images/estados/linea/servidaParcial.gif', 'Mercancía servida parcialmente'),
  ('PEDCLI_LINEA', 100, 80, 'NO SERVIDA', 'NO SERVIDA', 'ventas/pedidos/buscar/images/estados/linea/servidaNo.gif', 'Mercancía no servida'),
  ('REMESA_PAGO', 0, 0, 'PREREMESA', 'PREREMESA', 'tesoreria/remesas/pagos/buscar/images/estados/preremesa.gif', 'Remesa en proceso de selección de efectos'),
  ('REMESA_PAGO', 100, 0, 'REMESA', 'REMESA', 'tesoreria/remesas/pagos/buscar/images/estados/remesa.gif', 'Remesa finalizada'),
  ('PEDCLI', 10, 0, 'SOL. PDTE. ACEPTACIÓN', 'PDTE. ACEPT.', 'ventas/pedidos/buscar/images/estados/emisor/solicitudPendienteAceptacion.gif', 'Pedido de mercancía solicitado. Queda pendiente de la aceptación/confirmación del almacén al que se solicita'),
  ('PEDCLI', 20, 0, 'EN PREPARACIÓN', 'EN PREPARAC.', 'ventas/pedidos/buscar/images/estados/emisor/aceptadoPendientePreparacion.gif', 'En proceso de preparación'),
  ('PEDCLI', 30, 0, 'PREPARADO', 'PREPARADO', 'ventas/pedidos/buscar/images/estados/emisor/preparado.gif', 'Se ha finalizado la preparación del pedido, quedando a la espera de ser servido/expedido'),
  ('PEDCLI', 90, 0, 'RECHAZADO', 'RECHAZADO', 'ventas/pedidos/buscar/images/estados/emisor/rechazado.gif', 'Se ha rechazado por completo los artículos y cantidades solicitadas'),
  ('PEDCLI', 100, 0, 'SERVIDO', 'SERVIDO', 'ventas/pedidos/buscar/images/estados/emisor/servido.gif', 'Mercancía servida'),
  ('PEDCLI_RECEPTOR', 10, 0, 'SOL. PDTE. ACEPTACION', 'SOL. PDTE. ACEPT.', 'backoffice/ventas/pedidos/buscar/images/estados/pendienteAceptacion.gif', 'Mercancía solicitada a otro almacén.'),
  ('PEDCLI_RECEPTOR', 20, 0, 'ACEPTADO', 'ACEPTADO', 'backoffice/ventas/pedidos/buscar/images/estados/aceptado.gif', 'Solicitud de mercancía aceptada por el almacén.'),
  ('PEDCLI_RECEPTOR', 30, 0, 'ENVIADO. PDTE. RECEPCION', 'PDTE. RECEPCION', 'backoffice/ventas/pedidos/buscar/images/estados/enviadoPendienteRecepcion.gif', 'Mercancía enviada por el almacén. A la espera de su recepción.'),
  ('PEDCLI_RECEPTOR', 100, 0, 'RECEPCIONADO', 'RECEPCIONADO', 'backoffice/ventas/pedidos/buscar/images/estados/recepcionado.gif', 'Mercancía recepcionada.'),
  ('PEDCLI_RECEPTOR', 90, 0, 'RECHAZADO', 'RECHAZADO', 'backoffice/ventas/pedidos/buscar/images/estados/rechazado.gif', 'Solicitud de mercancía rechazada.'),
  ('PEDCLI_LINEA', 0, 0, 'SOLICITADA', 'SOLICITADA', 'ventas/pedidos/buscar/images/estados/linea/solicitada.gif', 'Solicitud de mercancia'),
  ('PEDCLI_LINEA', 20, 0, 'PDTE. PREPARACIÓN', 'PDTE. PREPARAC.', 'ventas/pedidos/buscar/images/estados/linea/aceptadaPendientePreparacion.gif', 'Mercancía aceptada, pendiente de preparación'),
  ('PEDCLI_LINEA', 30, 0, 'PREPARADA', 'PREPARADA', 'ventas/pedidos/buscar/images/estados/linea/preparada.gif', 'Mercancía preparada'),
  ('PEDCLI_LINEA', 90, 0, 'RECHAZADA', 'RECHAZADA', 'ventas/pedidos/buscar/images/estados/linea/rechazada.gif', 'Solicitud rechazada'),
  ('PEDCLI_LINEA', 100, 0, 'SERVIDA', 'SERVIDA', 'ventas/pedidos/buscar/images/estados/linea/servida.gif', 'Mercancía servida'),
  ('PEDPRO', 0, 0, 'SOLICITUD DE PEDIDO', 'SOL. PEDIDO', 'compras/pedidos/buscar/images/estados/emisor/solicitud.gif', 'Solicitud de pedido'),
  ('PEDPRO', 10, 0, 'SOL. PDTE. ACEPTACIÓN', 'PDTE. ACEPT.', 'compras/pedidos/buscar/images/estados/emisor/solicitudPendienteAceptacion.gif', 'Pedido de mercancía solicitado. Queda pendiente de la aceptación/confirmación para el almacén que lo solicita'),
  ('PEDPRO', 20, 0, 'PDTE. RECEPCIÓN', 'PDTE. RECEP.', 'compras/pedidos/buscar/images/estados/emisor/aceptadoPendienteRecepcion.gif', 'En proceso de recepción'),
  ('PEDPRO', 90, 0, 'RECHAZADO', 'RECHAZADO', 'compras/pedidos/buscar/images/estados/emisor/rechazado.gif', 'Se ha rechazado por completo los artículos y cantidades solicitadas'),
  ('PEDPRO', 100, 0, 'RECEPCIONADO', 'RECEPCIONADO', 'compras/pedidos/buscar/images/estados/emisor/recepcionado.gif', 'Mercancía servida'),
  ('PEDPRO_LINEA', 0, 0, 'SOLICITADA', 'SOLICITADA', 'compras/pedidos/buscar/images/estados/linea/solicitada.gif', 'Solicitud de mercancía'),
  ('PEDPRO_LINEA', 10, 0, 'SOL. PDTE. ACEPTACIÓN', 'PDTE. ACEPT.', 'compras/pedidos/buscar/images/estados/linea/pendienteAceptacion.gif', 'Mercancía solicitada'),
  ('PEDPRO_LINEA', 20, 0, 'PDTE. RECEPCIÓN', 'PDTE. RECEPCIÓN', 'compras/pedidos/buscar/images/estados/linea/aceptadaPendienteRecepcion.gif', 'Mercancía aceptada, pendiente de recepción'),
  ('PEDPRO_LINEA', 20, 10, 'PDTE. RECEPCIÓN, ACEPT. PARCIAL', 'PDTE. REC. ACEPT. PARC.', 'compras/pedidos/buscar/images/estados/linea/aceptadaPendienteRecepcionParcial.gif', 'Mercancía aceptada parcialmente, pendiente de recepción'),
  ('PEDPRO_LINEA', 90, 0, 'RECHAZADA', 'RECHAZADA', 'compras/pedidos/buscar/images/estados/linea/rechazada.gif', 'Rechazada'),
  ('PEDPRO_LINEA', 100, 0, 'RECEPCIONADA', 'RECEPCIONADA', 'compras/pedidos/buscar/images/estados/linea/recepcionada.gif', 'Mercancía recepcionada'),
  ('PEDPRO_LINEA', 100, 10, 'RECEPCIONADA PARCIAL', 'RECEP. PARC.', 'compras/pedidos/buscar/images/estados/linea/recepcionadaParcial.gif', 'Mercancía recepcionada parcialmente'),
  ('PEDPRO_LINEA', 100, 80, 'NO RECEPCIONADA', 'NO RECEPCIONADA', 'compras/pedidos/buscar/images/estados/linea/recepcionadaNo.gif', 'Mercancía no recepcionada');

INSERT INTO config_imp_grupos_tbl(id_grupo_impuestos, vigencia_desde)
VALUES (1, '1995-01-01 00:00:00'),
  (2,'2010-07-01 00:00:00'),
  (3,'2012-09-01 00:00:00');

INSERT INTO config_imp_porcentajes_tbl(id_grupo_impuestos, id_trat_impuestos, codimp, porcentaje, porcentaje_recargo)
VALUES (1, 1, '4', 0, 0),
  (1, 1, '1', 16, 0),
  (1, 1, '2', 7, 0),
  (1, 1, '3', 4, 0),
  (1, 2, '4', 0, 0),
  (1, 2, '1', 16, 4),
  (1, 2, '3', 4, 0.5),
  (1, 2, '2', 7, 1),
  (1, 3, '4', 0, 0),
  (1, 3, '3', 0, 0),
  (1, 3, '2', 0, 0),
  (1, 3, '1', 0, 0),
  (1, 6, '4', 0, 0),
  (1, 6, '1', 0, 0),
  (1, 6, '2', 0, 0),
  (1, 6, '3', 0, 0),
  (1, 7, '4', 0, 0),
  (1, 7, '1', 0, 0),
  (1, 7, '2', 0, 0),
  (1, 7, '3', 0, 0),
  (2, 1, '1', 18, 0),
  (2, 1, '2', 8, 0),
  (2, 1, '3', 4, 0),
  (2, 1, '4', 0, 0),
  (2, 2, '1', 18, 4),
  (2, 2, '2', 8, 1),
  (2, 2, '3', 4, 0.5),
  (2, 2, '4', 0, 0),
  (2, 3, '1', 0, 0),
  (2, 3, '2', 0, 0),
  (2, 3, '3', 0, 0),
  (2, 3, '4', 0, 0),
  (2, 6, '1', 0, 0),
  (2, 6, '2', 0, 0),
  (2, 6, '3', 0, 0),
  (2, 6, '4', 0, 0),
  (2, 7, '1', 0, 0),
  (2, 7, '2', 0, 0),
  (2, 7, '3', 0, 0),
  (2, 7, '4', 0, 0),
  (3, 1, '1', 21, 0),
  (3, 1, '2', 10, 0),
  (3, 1, '3', 4, 0),
  (3, 1, '4', 0, 0),
  (3, 2, '1', 21, 4),
  (3, 2, '2', 10, 1),
  (3, 2, '3', 4, 0.5),
  (3, 2, '4', 0, 0),
  (3, 3, '1', 0, 0),
  (3, 3, '2', 0, 0),
  (3, 3, '3', 0, 0),
  (3, 3, '4', 0, 0),
  (3, 6, '1', 0, 0),
  (3, 6, '2', 0, 0),
  (3, 6, '3', 0, 0),
  (3, 6, '4', 0, 0),
  (3, 7, '1', 0, 0),
  (3, 7, '2', 0, 0),
  (3, 7, '3', 0, 0),
  (3, 7, '4', 0, 0);

INSERT INTO config_imp_tipos_tbl(codimp, desimp)
VALUES ('1', 'Normal'),
  ('2', 'Reducido'),
  ('3', 'Super reducido'),
  ('4', 'Exento');

INSERT INTO config_imp_tratamiento_tbl(id_trat_impuestos, codtratimp, destratimp, aplica_recargo)
VALUES (1, '10-NAC', 'Nacional', 'N'),
  (2, '20-NAC-REC', 'Nacional+Recargo Equivalencia', 'S'),
  (3, '30-NAC-EXEN', 'Nacional, exento de IVA', 'N'),
  (6, '60-INTRA', 'Intracomunitario', 'N'),
  (7, '70-IMP-EXP', 'Importación/Exportación', 'N');

INSERT INTO config_menu_tbl(aplicacion, orden, opcion, id_accion, tecla_rapida)
VALUES ('GESTION', 7, 'General\\Mantenimiento de Tiendas', 25, NULL),
  ('GESTION', 8, 'Almacenes\\Regularizaciones', 27, NULL),
  ('GESTION', 9, 'Almacenes\\-', NULL, NULL),
  ('GESTION', 10, 'Almacenes\\Inventarios', 51, NULL),
  ('GESTION', 11, 'Compras\\Introducción de Pedidos de Compras', 55, NULL),
  ('GESTION', 12, 'Compras\\Introducción de Albaranes de Compras', 22, NULL),
  ('GESTION', 13, 'Compras\\-', NULL, NULL),
  ('GESTION', 14, 'Compras\\Conformación de Facturas de Compras', 35, NULL),
  ('GESTION', 15, 'Compras\\Consulta de Facturas de Compras', 46, NULL),
  ('GESTION', 16, 'Compras\\-', NULL, NULL),
  ('GESTION', 17, 'Compras\\Estadísticas', 39, NULL),
  ('GESTION', 18, 'Ventas\\Introducción de Pedidos de Ventas', 42, NULL),
  ('GESTION', 19, 'Ventas\\Introducción de Albaranes de Ventas', 38, NULL),
  ('GESTION', 20, 'Ventas\\-', NULL, NULL),
  ('GESTION', 21, 'Ventas\\Facturación de Albaranes de Ventas', 48, NULL),
  ('GESTION', 22, 'Ventas\\Consulta de Facturas de Ventas', 29, NULL),
  ('GESTION', 23, 'Ventas\\-', NULL, NULL),
  ('GESTION', 24, 'Ventas\\Estadísticas', 40, NULL),
  ('GESTION', 25, 'Tesorería\\Tratamiento de Cobros', 45, NULL),
  ('GESTION', 26, 'Tesorería\\Remesas de Cobros', 49, NULL),
  ('GESTION', 27, 'Tesorería\\-', NULL, NULL),
  ('GESTION', 28, 'Tesorería\\Tratamiento de Pagos', 47, NULL),
  ('GESTION', 29, 'Tesorería\\Remesas de Pagos', 54, NULL),
  ('CENTRAL', 1, 'Artículos\\Mantenimiento de Artículos', 16, NULL),
  ('CENTRAL', 2, 'Artículos\\-', NULL, NULL),
  ('CENTRAL', 3, 'Artículos\\Mantenimiento de Familias', 7, NULL),
  ('CENTRAL', 4, 'Artículos\\Mantenimiento de Categorizaciones', 8, NULL),
  ('CENTRAL', 5, 'Artículos\\Mantenimiento de Secciones', 9, NULL),
  ('CENTRAL', 6, 'Artículos\\-', NULL, NULL),
  ('CENTRAL', 7, 'Artículos\\Mantenimiento de Unidades de Medida de Etiquetas', 11, NULL),
  ('CENTRAL', 8, 'General\\Mantenimiento de Clientes', 15, NULL),
  ('CENTRAL', 9, 'General\\Mantenimiento de Sectores', 13, NULL),
  ('CENTRAL', 10, 'General\\-', NULL, NULL),
  ('CENTRAL', 11, 'General\\Mantenimiento de Proveedores', 18, NULL),
  ('CENTRAL', 12, 'General\\-', NULL, NULL),
  ('CENTRAL', 13, 'General\\Mantenimiento de Medios de Pago', 17, NULL),
  ('CENTRAL', 14, 'General\\-', NULL, NULL),
  ('CENTRAL', 15, 'General\\Mantenimiento de Series', 3, NULL),
  ('CENTRAL', 16, 'General\\Mantenimiento de Países', 4, NULL),
  ('CENTRAL', 17, 'Almacenes\\Mantenimiento de Almacenes', 14, NULL),
  ('CENTRAL', 18, 'Almacenes\\Mantenimiento de Tiendas', 25, NULL),
  ('CENTRAL', 19, 'Almacenes\\-', NULL, NULL),
  ('CENTRAL', 20, 'Almacenes\\Mantenimiento de Conceptos de Almacenes Regularización', 19, NULL),
  ('CENTRAL', 21, 'Almacenes\\Mantenimiento de Conceptos de Almacenes para Compras', 21, NULL),
  ('CENTRAL', 22, 'Almacenes\\Mantenimiento de Conceptos de Almacenes para Ventas', 20, NULL),
  ('CENTRAL', 23, 'Almacenes\\-', NULL, NULL),
  ('CENTRAL', 24, 'Almacenes\\Regularizaciones', 27, NULL),
  ('CENTRAL', 25, 'Almacenes\\-', NULL, NULL),
  ('CENTRAL', 26, 'Almacenes\\Inventarios', 51, NULL),
  ('CENTRAL', 27, 'Compras\\Introducción de Pedidos de Compras', 55, NULL),
  ('CENTRAL', 28, 'Compras\\Introducción de Albaranes de Compras', 22, NULL),
  ('CENTRAL', 29, 'Compras\\-', NULL, NULL),
  ('CENTRAL', 30, 'Compras\\Conformación de Facturas de Compras', 35, NULL),
  ('CENTRAL', 31, 'Compras\\Consulta de Facturas de Compras', 46, NULL),
  ('CENTRAL', 32, 'Compras\\-', NULL, NULL),
  ('CENTRAL', 33, 'Compras\\Estadísticas', 39, NULL),
  ('CENTRAL', 34, 'Ventas\\Introducción de Pedidos de Ventas', 42, NULL),
  ('CENTRAL', 35, 'Ventas\\Introducción de Albaranes de Ventas', 38, NULL),
  ('CENTRAL', 36, 'Ventas\\-', NULL, NULL),
  ('CENTRAL', 37, 'Ventas\\Mantenimiento de Tarifas', 23, NULL),
  ('CENTRAL', 38, 'Ventas\\Mantenimiento de Promociones', 26, NULL),
  ('CENTRAL', 39, 'Ventas\\-', NULL, NULL),
  ('CENTRAL', 40, 'Ventas\\Mantenimiento de Tipos de Portes', 24, NULL),
  ('CENTRAL', 41, 'Ventas\\-', NULL, NULL),
  ('CENTRAL', 42, 'Ventas\\Facturación de Albaranes de Ventas', 48, NULL),
  ('CENTRAL', 43, 'Ventas\\Consulta de Facturas de Ventas', 29, NULL),
  ('CENTRAL', 44, 'Ventas\\-', NULL, NULL),
  ('CENTRAL', 45, 'Ventas\\Estadísticas', 40, NULL),
  ('CENTRAL', 46, 'Tesorería\\Mantenimiento de Bancos', 5, NULL),
  ('CENTRAL', 47, 'Tesorería\\Mantenimiento de Tipos Efectos', 10, NULL),
  ('CENTRAL', 48, 'Tesorería\\-', NULL, NULL),
  ('CENTRAL', 49, 'Tesorería\\Tratamiento de Cobros', 45, NULL),
  ('CENTRAL', 50, 'Tesorería\\Remesas de Cobros', 49, NULL),
  ('CENTRAL', 51, 'Tesorería\\-', NULL, NULL),
  ('CENTRAL', 52, 'Tesorería\\Tratamiento de Pagos', 47, NULL),
  ('CENTRAL', 53, 'Tesorería\\Remesas de Pagos', 54, NULL),
  ('TPV', 7, 'Mantenimientos\\Códigos de Barras', 106, NULL),
  ('TPV', 2, 'Ventas\\Gestión de Caja', 101, NULL),
  ('TPV', 1, 'Ventas\\Tickets', 100, NULL),
  ('TPV', 3, 'Configuración\\Configuración TPV', 102, NULL),
  ('TPV', 4, 'Mantenimientos\\Artículos', 103, NULL),
  ('TPV', 6, 'Configuración\\Datos Generales', 105, NULL),
  ('TPV', 5, 'Mantenimientos\\Clientes', 104, NULL),
  ('BACKOFFICE', 1, 'Backoffice\\Consulta de Artículos', 30, NULL),
  ('BACKOFFICE', 2, 'Backoffice\\Cambios de Artículos y Tarifas', 44, NULL),
  ('BACKOFFICE', 3, 'Backoffice\\-', NULL, NULL),
  ('BACKOFFICE', 4, 'Backoffice\\Aprovisionamientos', 53, NULL),
  ('BACKOFFICE', 5, 'Backoffice\\-', NULL, NULL),
  ('BACKOFFICE', 6, 'Backoffice\\Regularizaciones', 37, NULL),
  ('BACKOFFICE', 7, 'Backoffice\\-', NULL, NULL),
  ('BACKOFFICE', 8, 'Backoffice\\Selección de Almacén', 36, NULL),
  ('ADMINISTRACION', 1, 'Empresa\\Mantenimiento de Usuarios', 1, NULL),
  ('ADMINISTRACION', 2, 'Empresa\\Mantenimiento de Perfiles', 2, NULL),
  ('ADMINISTRACION', 3, 'Empresa\\-', NULL, NULL),
  ('ADMINISTRACION', 4, 'Empresa\\Configuración de la Empresa', 6, NULL),
  ('ADMINISTRACION', 5, 'Empresa\\-', NULL, NULL),
  ('ADMINISTRACION', 6, 'Empresa\\Configuración de Parámetros del Sistema', 50, NULL),
  ('ADMINISTRACION', 7, 'Artículos\\Mantenimiento de Artículos', 16, NULL),
  ('ADMINISTRACION', 8, 'Artículos\\-', NULL, NULL),
  ('ADMINISTRACION', 9, 'Artículos\\Mantenimiento de Familias', 7, NULL),
  ('ADMINISTRACION', 10, 'Artículos\\Mantenimiento de Secciones', 9, NULL),
  ('ADMINISTRACION', 11, 'Artículos\\Mantenimiento de Categorizaciones', 8, NULL),
  ('ADMINISTRACION', 12, 'Artículos\\-', NULL, NULL),
  ('ADMINISTRACION', 13, 'Artículos\\Mantenimiento de Unidades de Medida de Etiquetas', 11, NULL),
  ('ADMINISTRACION', 14, 'Común\\Mantenimiento de Series', 3, NULL),
  ('ADMINISTRACION', 15, 'Común\\Mantenimiento de Países', 4, NULL),
  ('ADMINISTRACION', 16, 'Común\\Mantenimiento de Sectores', 13, NULL),
  ('ADMINISTRACION', 17, 'Común\\-', NULL, NULL),
  ('ADMINISTRACION', 18, 'Común\\Mantenimiento de Medios de Pago', 17, NULL),
  ('ADMINISTRACION', 19, 'Ventas\\Mantenimiento de Clientes', 15, NULL),
  ('ADMINISTRACION', 20, 'Ventas\\-', NULL, NULL),
  ('ADMINISTRACION', 21, 'Ventas\\Mantenimiento de Tarifas', 23, NULL),
  ('ADMINISTRACION', 22, 'Ventas\\Mantenimiento de Promociones', 26, NULL),
  ('ADMINISTRACION', 23, 'Ventas\\-', NULL, NULL),
  ('ADMINISTRACION', 24, 'Ventas\\Mantenimiento de Tipos de Portes', 24, NULL),
  ('ADMINISTRACION', 25, 'Compras\\Mantenimiento de Proveedores', 18, NULL),
  ('ADMINISTRACION', 26, 'Almacen-Tienda\\Mantenimiento de Almacenes', 14, NULL),
  ('ADMINISTRACION', 27, 'Almacen-Tienda\\Mantenimiento de Tiendas', 25, NULL),
  ('ADMINISTRACION', 28, 'Almacen-Tienda\\-', NULL, NULL),
  ('ADMINISTRACION', 29, 'Almacen-Tienda\\Mantenimiento de Conceptos de Almacenes para Compras', 21, NULL),
  ('ADMINISTRACION', 30, 'Almacen-Tienda\\Mantenimiento de Conceptos de Almacenes para Ventas', 20, NULL),
  ('ADMINISTRACION', 31, 'Almacen-Tienda\\Mantenimiento de Conceptos de Almacenes Regularización', 19, NULL),
  ('ADMINISTRACION', 32, 'Almacen-Tienda\\-', NULL, NULL),
  ('ADMINISTRACION', 33, 'Almacen-Tienda\\Sincronizador de Tiendas', 41, NULL),
  ('ADMINISTRACION', 34, 'Almacen-Tienda\\Procesamiento de tickets', 31, NULL),
  ('ADMINISTRACION', 35, 'Tesorería\\Mantenimiento de Bancos', 5, NULL),
  ('ADMINISTRACION', 36, 'Tesorería\\-', NULL, NULL),
  ('ADMINISTRACION', 37, 'Tesorería\\Mantenimiento de Tipos Efectos', 10, NULL),
  ('ADMINISTRACION', 38, 'Impuestos\\Mantenimiento de Tratamientos de Impuestos', 28, NULL),
  ('ADMINISTRACION', 39, 'Impuestos\\Mantenimiento de Tipos de Impuestos', 12, NULL),
  ('ADMINISTRACION', 40, 'Impuestos\\-', NULL, NULL),
  ('ADMINISTRACION', 41, 'Impuestos\\Mantenimiento de Cuadro de Impuestos', 34, NULL),
  ('ADMINISTRACION', 42, 'Sistema\\Estadísticas de uso', 57, NULL),
  ('GESTION', 1, 'General\\Mantenimiento de Artículos', 16, NULL),
  ('GESTION', 2, 'General\\-', NULL, NULL),
  ('GESTION', 3, 'General\\Mantenimiento de Clientes', 15, NULL),
  ('GESTION', 4, 'General\\Mantenimiento de Proveedores', 18, NULL),
  ('GESTION', 5, 'General\\-', NULL, NULL),
  ('GESTION', 6, 'General\\Mantenimiento de Almacenes', 14, NULL);

INSERT INTO config_perfiles_tbl(id_perfil, desperfil)
VALUES (0, 'Administradores'),
  (1, 'Usuarios');

INSERT INTO config_tiendas_tipos_tbl(id_tipo_tienda, destipo_tienda, clase_configuracion, clase_sincronizacion)
VALUES (4, 'TIENDA VIRTUAL', 'com.comerzzia.servicios.sincronizacion.sincronizadores.SincronizadorTiendaVirtual', 'com.comerzzia.servicios.sincronizacion.sincronizadores.SincronizadorTiendaVirtual'),
  (1, 'ON-LINE', 'com.comerzzia.servicios.sincronizacion.sincronizadores.SincronizadorOnline', 'com.comerzzia.servicios.sincronizacion.sincronizadores.SincronizadorOnline'),
  (2, 'OFF-LINE con Base de Datos MySQL', 'com.comerzzia.servicios.sincronizacion.sincronizadores.ConfigSincronizacionMySQL', 'com.comerzzia.servicios.sincronizacion.sincronizadores.SincronizadorMySQL'),
  (3, 'OFF-LINE con Base de Datos Oracle', 'com.comerzzia.servicios.sincronizacion.sincronizadores.ConfigSincronizacionOracle', 'com.comerzzia.servicios.sincronizacion.sincronizadores.SincronizadorOracle');

INSERT INTO config_tiendas_tipos_trab_tbl(id_tipo_tienda, trabajo, clase, intervalo)
VALUES (1, 'Enviar Configuración', 'com.comerzzia.servicios.sincronizacion.trabajos.EnviarConfiguracionJob', NULL),
  (4, 'Enviar Configuración', 'com.comerzzia.servicios.sincronizacion.trabajos.EnviarConfiguracionJob', NULL),
  (4, 'Enviar Artículos', 'com.comerzzia.servicios.sincronizacion.trabajos.EnviarArticulosJob', NULL),
  (1, 'Enviar Artículos', 'com.comerzzia.servicios.sincronizacion.trabajos.EnviarArticulosJob', NULL),
  (1, 'Recibir Tickets', 'com.comerzzia.servicios.sincronizacion.trabajos.RecibirTicketsJob', NULL),
  (2, 'Enviar Configuración', 'com.comerzzia.servicios.sincronizacion.trabajos.EnviarConfiguracionJob', NULL),
  (2, 'Enviar Artículos', 'com.comerzzia.servicios.sincronizacion.trabajos.EnviarArticulosJob', NULL),
  (2, 'Recibir Tickets', 'com.comerzzia.servicios.sincronizacion.trabajos.RecibirTicketsJob', NULL),
  (3, 'Enviar Configuración', 'com.comerzzia.servicios.sincronizacion.trabajos.EnviarConfiguracionJob', NULL),
  (3, 'Enviar Artículos', 'com.comerzzia.servicios.sincronizacion.trabajos.EnviarArticulosJob', NULL),
  (3, 'Recibir Tickets', 'com.comerzzia.servicios.sincronizacion.trabajos.RecibirTicketsJob', NULL);

INSERT INTO config_usuarios_perfiles_tbl(id_usuario, id_perfil)
VALUES (0, 0);

INSERT INTO config_usuarios_tbl(id_usuario, usuario, desusuario, clave, activo, aplicacion_por_defecto, puede_cambiar_aplicacion)
VALUES (0, 'ADMINISTRADOR', 'ADMINISTRADOR', '4afcc456ccfd59d852882f7c4082fc07', 'S', NULL, 'S');

INSERT INTO config_variables_def_tbl(id_variable, descripcion, valor_defecto, nivel_usuario, nivel_grupo, nivel_empresa, nivel_general)
VALUES ('WEBSERVICES.WSCLIENTES', 'Indica la ruta del webservice de clientes', NULL, 'N', 'N', 'N', 'S'),
  ('TPV.AUTONOMO', 'Indica si el TPV tendra disponibles las opciones de edicion de las tablas locales de mantenimiento', 'N', 'N', 'N', 'N', 'S'),
  ('GENERAL.VERSION', 'Versión del gestor de procesos', '1.3.0', 'N', 'N', 'N', 'S'),
  ('APLICACION.TITULO', 'Título de la aplicación', 'Gestor de procesos', 'N', 'N', 'N', 'S'),
  ('TPV.VERSION', 'Versión del TPV', '1.3.0', 'N', 'N', 'N', 'S'),
  ('ARTICULOS.DESGLOSE1_TITULO', 'Titulo para el primer desglose en almacen', NULL, 'N', 'N', 'N', 'S'),
  ('ARTICULOS.DESGLOSE2_TITULO', 'Titulo para el segundo desglose en almacen', NULL, 'N', 'N', 'N', 'S'),
  ('TARIFAS.REDONDEO_NIVEL1', 'Primer nivel de redondeo de tarifas. Desde/Hasta/Valor', '1-2-0', 'N', 'N', 'N', 'S'),
  ('TARIFAS.REDONDEO_NIVEL2', 'Segundo nivel de redondeo de tarifas. Desde/Hasta/Valor', '3-4-5', 'N', 'N', 'N', 'S'),
  ('TARIFAS.REDONDEO_NIVEL3', 'Tercer nivel de redondeo de tarifas. Desde/Hasta/Valor', '6-8-9', 'N', 'N', 'N', 'S'),
  ('SINCRONIZADOR.ARRANQUE_AUTOMATICO', 'Arranque automático del Sincronizador de Tiendas', 'S', 'N', 'N', 'N', 'S'),
  ('TICKETS.PROCESAMIENTO_AUTOMATICO', 'Activación Automática del Servicio de Procesamiento de Tickets', 'S', 'N', 'N', 'N', 'S'),
  ('TICKETS.PROCESAMIENTO_AUTOMATICO_TIEMPO', 'Tiempo en segundos de demora entre procesamiento', '60', 'N', 'N', 'N', 'S'),
  ('SINCRONIZADOR.MAX_TRABAJOS_SIMULTANEOS', 'Número máximo de trabajos simultaneos que puede ejecutar el Sincronizador de Tiendas', '5', 'N', 'N', 'N', 'S'),
  ('TICKETS.USA_DESCUENTO_EN_LINEA', 'Indica si esta activo el uso de descuentos en líneas para los tickets realizados por el TPV', 'N', 'N', 'N', 'N', 'S'),
  ('ARTICULOS.FORMATO_CODBAR_AUTOMATICO','Formato de los códigos de barras aleatorios','EAN8','N','N','N','S');

INSERT INTO d_almacenes_conceptos_tbl(codaplicacion, codconalm, desconalm, signo, codalm_origen, codalm_destino, solicitud_aceptacion_auto, solicitud_recepcion_auto, solicitud_generar_faltas, visible_tiendas, activo)
VALUES ('VENT', '0009', 'PEDIDO INTERNET', NULL, NULL, NULL, 'N', 'N', 'N', 'N', 'S'),
  ('REGU', '0000', 'REGULARIZACIÓN', NULL, NULL, NULL, 'N', 'S', 'N', 'N', 'S'),
  ('VENT', '0000', 'VENTA DIRECTA', NULL, NULL, NULL, 'S', 'S', 'N', 'N', 'S'),
  ('COMP', '0100', 'PEDIDO A PROVEEDOR', NULL, NULL, '0000', 'S', 'S', 'S', 'S', 'S'),
  ('COMP', '0110', 'DEVOLUCION A PROVEEDOR', '-', NULL, NULL, 'S', 'S', 'N', 'N', 'S'),
  ('VENT', '0110', 'DEVOLUCION TIENDA', '-', '0000', NULL, 'S', 'S', 'N', 'S', 'S'),
  ('VENT', '0100', 'PEDIDO TIENDAS', NULL, '0000', NULL, 'N', 'S', 'S', 'S', 'S'),
  ('COMP', '0000', 'COMPRA DIRECTA', NULL, NULL, NULL, 'S', 'S', 'N', 'N', 'S');

INSERT INTO d_almacenes_tbl(codalm, desalm, domicilio, poblacion, provincia, cp, telefono1, telefono2, fax, persona_contacto, codemp, codcli, activo)
VALUES ('0000', '0000', NULL, NULL, NULL, NULL, NULL, NULL, NULL, NULL, '0000', '0000', 'S');

INSERT INTO d_clientes_tbl(codcli, descli, nombre_comercial, domicilio, poblacion, provincia, cp, telefono1, telefono2, fax, codpais, persona_contacto, email, cif, id_trat_impuestos, id_medpag_ven, codtar, codsec, banco, banco_domicilio, banco_poblacion, ccc, observaciones, activo, fecha_alta, fecha_baja, riesgo_concedido)
VALUES ('0000', '0000', NULL, NULL, NULL, NULL, NULL, NULL, NULL, NULL, 'ES', NULL, NULL, '0000', 1, 2, NULL, NULL, NULL, NULL, NULL, NULL, NULL, 'S', '2010-01-29 14:32:22', NULL, NULL);

INSERT INTO d_empresas_tbl(codemp, desemp, nombre_comercial, domicilio, poblacion, provincia, cp, cif, telefono1, telefono2, fax, activo, logotipo, registro_mercantil)
VALUES ('0000', NULL, NULL, NULL, NULL, NULL, NULL, NULL, NULL, NULL, NULL, 'S', NULL, NULL);

INSERT INTO d_medios_pago_tbl(codmedpag, desmedpag, contado, efectivo, tarjeta_credito, codtipoefec, visible_venta, visible_tienda_virtual, visible_compra, activo)
VALUES ('0000', 'EFECTIVO', 'S', 'S', 'N', NULL, 'S', 'N', 'S', 'S'),
  ('0010', 'TARJETA CREDITO', 'S', 'N', 'S', NULL, 'S', 'N', 'S', 'S'),
  ('0020', 'VALE', 'S', 'S', 'N', NULL, 'S', 'N', 'S', 'S'),
  ('0100', 'CHEQUE', 'S', 'N', 'N', '10', 'S', 'N', 'S', 'S'),
  ('0110', 'TRANSFERENCIA', 'S', 'N', 'N', '20', 'S', 'N', 'S', 'S'),
  ('0120', 'CONTRAREEMBOLSO', 'S', 'S', 'N', NULL, 'S', 'S', 'S', 'S'),
  ('0500', 'PAGARE', 'N', 'N', 'N', '30', 'N', 'N', 'S', 'S'),
  ('0510', 'GIRO', 'S', 'N', 'N', '40', 'N', 'N', 'S', 'S');

INSERT INTO d_medios_pago_ven_tbl(id_medpag_ven, codmedpag, desmedpag_ven, numero_vencimientos, dias_cadencia, dias_entre_vencimientos, dias_naturales, activo)
VALUES (2, '0000', 'EFECTIVO', 0, 0, 0, 'N', 'S'),
  (3, '0010', 'TARJETA CREDITO', 0, 0, 0, 'N', 'S'),
  (4, '0020', 'VALE', 0, 0, 0, 'N', 'S'),
  (5, '0100', 'CHEQUE', 1, 0, 0, 'N', 'S'),
  (6, '0110', 'TRANSFERENCIA', 1, 0, 0, 'N', 'S'),
  (7, '0120', 'CONTRAREEMBOLSO', 0, 0, 0, 'N', 'S'),
  (8, '0500', 'PAGARE', 1, 0, 0, 'N', 'S'),
  (9, '0510', 'GIRO', 1, 0, 0, 'N', 'S');

INSERT INTO d_paises_tbl(codpais, despais, activo)
VALUES ('FRAN', 'FRANCIA', 'S'),
  ('PORT', 'PORTUGAL', 'S'),
  ('ALE', 'ALEMANIA', 'N'),
  ('ITA', 'ITALIA', 'S'),
  ('GB', 'GRAN BRETAÑA', 'S'),
  ('NOR', 'NORUEGA', 'S'),
  ('LUX', 'LUXEMBURGO', 'S'),
  ('CV', 'CIUDAD VATICANO', 'S'),
  ('RUS', 'RUSIA', 'S'),
  ('SUE', 'SUECIA', 'S'),
  ('SUZ', 'SUIZA', 'S'),
  ('RP', 'REPUBLICA CHECA', 'S'),
  ('CHN', 'CHINA', 'S'),
  ('JPN', 'JAPON', 'S'),
  ('MOG', 'MONGOLIA', 'S'),
  ('EEUU', 'ESTADOS UNIDOS', 'S'),
  ('BRA', 'BRASIL', 'S'),
  ('ES', 'ESPAÑA', 'S');

INSERT INTO d_promociones_tipos_tbl(id_tipo_promocion, destipopromocion, configuracion)
VALUES (1, 'PRECIO/PUNTOS', NULL);

INSERT INTO d_series_tbl(codserie, desserie, activo)
VALUES ('0000', '0000', 'S');

INSERT INTO d_tarifas_cab_tbl(codtar, destar, version, id_grupo_impuestos, id_trat_impuestos, fecha_version)
VALUES ('GENERAL', 'GENERAL', 1, 3, 1, '2014-09-29 12:00:00');

INSERT INTO d_tipos_efectos_tbl(codtipoefec, destipoefec, remesable, entrada_documento_automatica, activo)
VALUES ('10', 'CHEQUE', 'S', 'N', 'S'),
  ('20', 'TRANSFERENCIA', 'N', 'N', 'S'),
  ('30', 'PAGARE', 'S', 'N', 'S'),
  ('40', 'GIRO', 'S', 'S', 'S');

INSERT INTO d_unidad_medida_etiquetas_tbl(cod_um_etiqueta, des_um_etiqueta, desetiqueta, factor)
VALUES ('00', '1', '1', 1),
  ('01', 'KILOS', 'Kilo', 1000),
  ('02', 'LITRO', 'Litro', 1000),
  ('03', 'DOCENA', 'Docena', 12),
  ('04', 'UNIDAD', 'Unidad', 1),
  ('05', 'DOSIS', 'Dosis', 1),
  ('06', '100 ML', '100ml', 100),
  ('07', '100 GR', '100gr', 100),
  ('08', 'METRO', 'Metro', 1);

INSERT INTO t_tiendas_cajas_tbl(codalm, codcaja, uid_tpv, configuracion)
VALUES ('0000', '00', '{01DBDB28-AE12-4825-BD64-*****CENTRAL}', 0x3c3f786d6c2076657273696f6e3d22312e302220656e636f64696e673d225554462d38223f3e0d0a3c506172616d6574726f733e0d0a20203c646973706f73697469766f733e0d0a202020203c7669736f723e0d0a2020202020203c6d6f64656c6f3e4e4f20555341205649534f523c2f6d6f64656c6f3e0d0a2020202020203c6e6f6d627265636f6e6578696f6e3e3c2f6e6f6d627265636f6e6578696f6e3e0d0a2020202020203c7469706f636f6e6578696f6e3e3c2f7469706f636f6e6578696f6e3e0d0a202020203c2f7669736f723e0d0a202020203c63616a6f6e3e0d0a2020202020203c6d6f64656c6f3e4e4f205553412043414a4f4e3c2f6d6f64656c6f3e0d0a2020202020203c6e6f6d627265636f6e6578696f6e3e3c2f6e6f6d627265636f6e6578696f6e3e0d0a2020202020203c7469706f636f6e6578696f6e3e3c2f7469706f636f6e6578696f6e3e0d0a202020203c2f63616a6f6e3e0d0a202020203c696d707265736f72613e0d0a2020202020203c6d6f64656c6f3e4e4f2055534120494d505245534f52413c2f6d6f64656c6f3e0d0a2020202020203c6e6f6d627265636f6e6578696f6e3e3c2f6e6f6d627265636f6e6578696f6e3e0d0a2020202020203c7469706f636f6e6578696f6e3e3c2f7469706f636f6e6578696f6e3e0d0a202020203c2f696d707265736f72613e0d0a20203c2f646973706f73697469766f733e0d0a3c2f506172616d6574726f733e0d0a);

-- Re-enable foreign key checks
SET FOREIGN_KEY_CHECKS=@OLD_FOREIGN_KEY_CHECKS;

-- End of script
