-- ------------------------------------------------------------
-- Copyright 2009-2014 RED.ES - Desarrollado por TIER1
-- 
-- Licencia con arreglo a la EUPL, versión 1.1 o -en cuanto 
-- sean aprobadas por la comisión Europea- versiones 
-- posteriores de la EUPL (la "Licencia").
-- Solo podrá usarse esta obra si se respeta la Licencia.
-- 
-- http://ec.europa.eu/idabc/eupl.html
-- 
-- Salvo cuando lo exija la legislación aplicable o se acuerde
-- por escrito, el programa distribuido con arreglo a la
-- Licencia se distribuye "TAL CUAL",
-- SIN GARANTÍAS NI CONDICIONES DE NINGÚN TIPO, 
-- ni expresas ni implícitas.
-- Véase la Licencia en el idioma concreto que rige
-- los permisos y limitaciones que establece la Licencia.
-- ------------------------------------------------------------

-- config_acciones_informes_tbl

INSERT INTO config_acciones_informes_tbl (ID_ACCION,ID_VERSION,VERSION,DESCRIPCION,FORMATO_SALIDA,ACTIVO,TITULO) 
VALUES(500,0,'Original','Listado de series','WEB','S','Series');
INSERT INTO config_acciones_informes_tbl (ID_ACCION,ID_VERSION,VERSION,DESCRIPCION,FORMATO_SALIDA,ACTIVO,TITULO) 
VALUES(501,0,'Original','Listado de artículos','WEB','S','Artículos');
INSERT INTO config_acciones_informes_tbl (ID_ACCION,ID_VERSION,VERSION,DESCRIPCION,FORMATO_SALIDA,ACTIVO,TITULO) 
VALUES(501,1,'Etiquetas','Impresión de etiquetas de artículos','WEB','S','Etiquetas');
INSERT INTO config_acciones_informes_tbl (ID_ACCION,ID_VERSION,VERSION,DESCRIPCION,FORMATO_SALIDA,ACTIVO,TITULO) 
VALUES(502,0,'Original','Listado de familias','WEB','S','Familias');
INSERT INTO config_acciones_informes_tbl (ID_ACCION,ID_VERSION,VERSION,DESCRIPCION,FORMATO_SALIDA,ACTIVO,TITULO) 
VALUES(503,0,'Original','Listado de clientes','WEB','S','Clientes');
INSERT INTO config_acciones_informes_tbl (ID_ACCION,ID_VERSION,VERSION,DESCRIPCION,FORMATO_SALIDA,ACTIVO,TITULO) 
VALUES(504,0,'Original','Listado de proveedores','WEB','S','Proveedores');
INSERT INTO config_acciones_informes_tbl (ID_ACCION,ID_VERSION,VERSION,DESCRIPCION,FORMATO_SALIDA,ACTIVO,TITULO) 
VALUES(505,0,'Original','Listado de secciones','WEB','S','Secciones');
INSERT INTO config_acciones_informes_tbl (ID_ACCION,ID_VERSION,VERSION,DESCRIPCION,FORMATO_SALIDA,ACTIVO,TITULO) 
VALUES(506,0,'Original','Listado de categorizaciones','WEB','S','Categorizaciones');
INSERT INTO config_acciones_informes_tbl (ID_ACCION,ID_VERSION,VERSION,DESCRIPCION,FORMATO_SALIDA,ACTIVO,TITULO) 
VALUES(507,0,'Original','Listado de unidades de medida de venta','WEB','S','Unidades de Medidas de Venta');
INSERT INTO config_acciones_informes_tbl (ID_ACCION,ID_VERSION,VERSION,DESCRIPCION,FORMATO_SALIDA,ACTIVO,TITULO) 
VALUES(508,0,'Original','Listado de bancos','WEB','S','Bancos');
INSERT INTO config_acciones_informes_tbl (ID_ACCION,ID_VERSION,VERSION,DESCRIPCION,FORMATO_SALIDA,ACTIVO,TITULO) 
VALUES(509,0,'Original','Listado de países','WEB','S','Países');
INSERT INTO config_acciones_informes_tbl (ID_ACCION,ID_VERSION,VERSION,DESCRIPCION,FORMATO_SALIDA,ACTIVO,TITULO) 
VALUES(510,0,'Original','Documento','WEB','S','Albarán de Compra');
INSERT INTO config_acciones_informes_tbl (ID_ACCION,ID_VERSION,VERSION,DESCRIPCION,FORMATO_SALIDA,ACTIVO,TITULO) 
VALUES(511,0,'Original','Llistado de sectores','WEB','S','Sectores');
INSERT INTO config_acciones_informes_tbl (ID_ACCION,ID_VERSION,VERSION,DESCRIPCION,FORMATO_SALIDA,ACTIVO,TITULO) 
VALUES(512,0,'Original','Listado de tiendas','WEB','S','Tiendas');
INSERT INTO config_acciones_informes_tbl (ID_ACCION,ID_VERSION,VERSION,DESCRIPCION,FORMATO_SALIDA,ACTIVO,TITULO) 
VALUES(513,0,'Original','Listado de tipos de efectos','WEB','S','Tipos de Efectos');
INSERT INTO config_acciones_informes_tbl (ID_ACCION,ID_VERSION,VERSION,DESCRIPCION,FORMATO_SALIDA,ACTIVO,TITULO) 
VALUES(514,0,'Original','Listado de almacenes','WEB','S','Almacenes');
INSERT INTO config_acciones_informes_tbl (ID_ACCION,ID_VERSION,VERSION,DESCRIPCION,FORMATO_SALIDA,ACTIVO,TITULO) 
VALUES(514,1,'BajoMinimos','Agrupado por almacenes, muestra el stock, las entradas y las salidas previstas','WEB','S','Artículos Bajo Mínimos');
INSERT INTO config_acciones_informes_tbl (ID_ACCION,ID_VERSION,VERSION,DESCRIPCION,FORMATO_SALIDA,ACTIVO,TITULO) 
VALUES(514,2,'EstadoDeAlmacen','Agrupado por almacenes, muestra el stock, las entradas y las salidas previstas','WEB','S','Estado de Almacenes');
INSERT INTO config_acciones_informes_tbl (ID_ACCION,ID_VERSION,VERSION,DESCRIPCION,FORMATO_SALIDA,ACTIVO,TITULO) 
VALUES(515,0,'Original','Listado de medios de pago','WEB','S','Medios de Pago');
INSERT INTO config_acciones_informes_tbl (ID_ACCION,ID_VERSION,VERSION,DESCRIPCION,FORMATO_SALIDA,ACTIVO,TITULO) 
VALUES(516,0,'Original','Listado de conceptos de almacenes','WEB','S','Conceptos de Almacén');
INSERT INTO config_acciones_informes_tbl (ID_ACCION,ID_VERSION,VERSION,DESCRIPCION,FORMATO_SALIDA,ACTIVO,TITULO) 
VALUES(517,0,'Original','Listado de tarifas','WEB','S','Tarifas');
INSERT INTO config_acciones_informes_tbl (ID_ACCION,ID_VERSION,VERSION,DESCRIPCION,FORMATO_SALIDA,ACTIVO,TITULO) 
VALUES(518,0,'Original','Listado de promociones','WEB','S','Promociones');
INSERT INTO config_acciones_informes_tbl (ID_ACCION,ID_VERSION,VERSION,DESCRIPCION,FORMATO_SALIDA,ACTIVO,TITULO) 
VALUES(519,0,'Original','Listado de tipos de portes','WEB','S','Tipos de Portes');
INSERT INTO config_acciones_informes_tbl (ID_ACCION,ID_VERSION,VERSION,DESCRIPCION,FORMATO_SALIDA,ACTIVO,TITULO) 
VALUES(520,0,'Original','Listado de regularizaciones de almacen','WEB','S','Regularizaciones de Almacén');
INSERT INTO config_acciones_informes_tbl (ID_ACCION,ID_VERSION,VERSION,DESCRIPCION,FORMATO_SALIDA,ACTIVO,TITULO) 
VALUES(522,0,'Original','Agrupado por proveedores, muestra el total de operaciones, volumen de compras y abonos realizados','WEB','S','Compras por Proveedor');
INSERT INTO config_acciones_informes_tbl (ID_ACCION,ID_VERSION,VERSION,DESCRIPCION,FORMATO_SALIDA,ACTIVO,TITULO) 
VALUES(522,1,'Familias','Agrupado por familias, muestra el total de operaciones, volumen de compras y abonos realizados','WEB','S','Compras por Familias');
INSERT INTO config_acciones_informes_tbl (ID_ACCION,ID_VERSION,VERSION,DESCRIPCION,FORMATO_SALIDA,ACTIVO,TITULO) 
VALUES(522,2,'Articulos','Agrupado por artículos, muestra el total de operaciones, volumen de compras y abonos realizados','WEB','S','Compras por Artículos');
INSERT INTO config_acciones_informes_tbl (ID_ACCION,ID_VERSION,VERSION,DESCRIPCION,FORMATO_SALIDA,ACTIVO,TITULO) 
VALUES(524,0,'Original','Listado de albaranes con el desglose de los artículos que lo componen','WEB','S','Albaranes de Compra');
INSERT INTO config_acciones_informes_tbl (ID_ACCION,ID_VERSION,VERSION,DESCRIPCION,FORMATO_SALIDA,ACTIVO,TITULO) 
VALUES(524,1,'Facturados','Listado de albaranes facturados con el desglose de los artículos que lo componen','WEB','S','Albaranes de Compra Facturados');
INSERT INTO config_acciones_informes_tbl (ID_ACCION,ID_VERSION,VERSION,DESCRIPCION,FORMATO_SALIDA,ACTIVO,TITULO) 
VALUES(524,2,'no_facturados','Listado de albaranes pendientes de facturar con el desglose de los artículos que lo componen','WEB','S','Albaranes de Compra Pendientes Facturar');
INSERT INTO config_acciones_informes_tbl (ID_ACCION,ID_VERSION,VERSION,DESCRIPCION,FORMATO_SALIDA,ACTIVO,TITULO) 
VALUES(526,0,'Original','Agrupado por clientes, muestra el total de operaciones, volumen de ventas y margen de la operación','WEB','S','Ventas por Clientes');
INSERT INTO config_acciones_informes_tbl (ID_ACCION,ID_VERSION,VERSION,DESCRIPCION,FORMATO_SALIDA,ACTIVO,TITULO) 
VALUES(526,1,'Familias','Agrupado por familias, muestra el total de operaciones, volumen de ventas y margen de la operación','WEB','S','Ventas por Familias');
INSERT INTO config_acciones_informes_tbl (ID_ACCION,ID_VERSION,VERSION,DESCRIPCION,FORMATO_SALIDA,ACTIVO,TITULO) 
VALUES(526,2,'Articulos','Agrupado por artículos, muestra el total de operaciones, volumen de ventas y margen de la operación','WEB','S','Ventas por Artículos');
INSERT INTO config_acciones_informes_tbl (ID_ACCION,ID_VERSION,VERSION,DESCRIPCION,FORMATO_SALIDA,ACTIVO,TITULO) 
VALUES(528,0,'Original','Documento','WEB','S','Albarán de Venta');
INSERT INTO config_acciones_informes_tbl (ID_ACCION,ID_VERSION,VERSION,DESCRIPCION,FORMATO_SALIDA,ACTIVO,TITULO) 
VALUES(529,0,'Original','Listado de albaranes con el desglose de los artículos que lo componen','WEB','S','Albaranes de Venta');
INSERT INTO config_acciones_informes_tbl (ID_ACCION,ID_VERSION,VERSION,DESCRIPCION,FORMATO_SALIDA,ACTIVO,TITULO) 
VALUES(529,1,'Facturado','Listado de albaranes facturados con el desglose de los artículos que lo componen','WEB','S','Albaranes de Venta Facturados');
INSERT INTO config_acciones_informes_tbl (ID_ACCION,ID_VERSION,VERSION,DESCRIPCION,FORMATO_SALIDA,ACTIVO,TITULO) 
VALUES(529,2,'Nofacturado','Listado de albaranes pendientes de facturar con el desglose de los artículos que lo componen','WEB','S','Albaranes de Venta Pendientes de Facturar');
INSERT INTO config_acciones_informes_tbl (ID_ACCION,ID_VERSION,VERSION,DESCRIPCION,FORMATO_SALIDA,ACTIVO,TITULO) 
VALUES(530,0,'Original','Listado de artículos que han sufrido modificaciones en su descripción','WEB','S','Descripciones de Artículos Modificadas');
INSERT INTO config_acciones_informes_tbl (ID_ACCION,ID_VERSION,VERSION,DESCRIPCION,FORMATO_SALIDA,ACTIVO,TITULO) 
VALUES(530,1,'Etiquetas','Impresión de nuevas etiquetas','WEB','S','Etiquetas');
INSERT INTO config_acciones_informes_tbl (ID_ACCION,ID_VERSION,VERSION,DESCRIPCION,FORMATO_SALIDA,ACTIVO,TITULO) 
VALUES(531,0,'Original','Listado de artículos que han sufrido modificaciones en su precio','WEB','S','Precios de Artículos Modificados');
INSERT INTO config_acciones_informes_tbl (ID_ACCION,ID_VERSION,VERSION,DESCRIPCION,FORMATO_SALIDA,ACTIVO,TITULO) 
VALUES(532,0,'Original','Documento','WEB','S','Pedido de Venta');
INSERT INTO config_acciones_informes_tbl (ID_ACCION,ID_VERSION,VERSION,DESCRIPCION,FORMATO_SALIDA,ACTIVO,TITULO) 
VALUES(533,0,'Original','Agrupado por pedidos, muestra toda la información del pedido y el estado del suministro','WEB','S','Pedidos Detallado');
INSERT INTO config_acciones_informes_tbl (ID_ACCION,ID_VERSION,VERSION,DESCRIPCION,FORMATO_SALIDA,ACTIVO,TITULO) 
VALUES(533,1,'pdte_suministro','Agrupado por pedidos, muestra un listado simplificado de los pedidos pendientes de suministro','WEB','S','Pendiente de Suministro');
INSERT INTO config_acciones_informes_tbl (ID_ACCION,ID_VERSION,VERSION,DESCRIPCION,FORMATO_SALIDA,ACTIVO,TITULO) 
VALUES(533,2,'pdte_suministro_detallado','Agrupado por pedidos, muestra toda la información del pedido pendiente de suministro','WEB','S','Pendiente de Suministro Detallado');
INSERT INTO config_acciones_informes_tbl (ID_ACCION,ID_VERSION,VERSION,DESCRIPCION,FORMATO_SALIDA,ACTIVO,TITULO) 
VALUES(533,3,'preparacion_por_articulo','Relación de artículos en pedidos para su preparación','WEB','S','Preparación de artículos en pedidos');
INSERT INTO config_acciones_informes_tbl (ID_ACCION,ID_VERSION,VERSION,DESCRIPCION,FORMATO_SALIDA,ACTIVO,TITULO) 
VALUES(533,4,'preparacion_por_pedido','Relación de pedidos para su preparación','WEB','S','Preparación de pedidos');
INSERT INTO config_acciones_informes_tbl (ID_ACCION,ID_VERSION,VERSION,DESCRIPCION,FORMATO_SALIDA,ACTIVO,TITULO) 
VALUES(534,0,'Original','Agrupado por clientes, muestra el detalle de las remesas','WEB','S','Cobrado y no cobrado');
INSERT INTO config_acciones_informes_tbl (ID_ACCION,ID_VERSION,VERSION,DESCRIPCION,FORMATO_SALIDA,ACTIVO,TITULO) 
VALUES(535,0,'Original','Agrupado por proveedores, muestra el detalle de las remesas','WEB','S','Pagado y no pagado');
INSERT INTO config_acciones_informes_tbl (ID_ACCION,ID_VERSION,VERSION,DESCRIPCION,FORMATO_SALIDA,ACTIVO,TITULO) 
VALUES(536,0,'Original','Efectos asignados a una remesa de cobro','WEB','S','Remesa de Cobros');
INSERT INTO config_acciones_informes_tbl (ID_ACCION,ID_VERSION,VERSION,DESCRIPCION,FORMATO_SALIDA,ACTIVO,TITULO) 
VALUES(537,0,'Original','Inventario de almacenes','WEB','S','Inventario de almacenes');
INSERT INTO config_acciones_informes_tbl (ID_ACCION,ID_VERSION,VERSION,DESCRIPCION,FORMATO_SALIDA,ACTIVO,TITULO) 
VALUES(538,0,'Original','Impresión de facturas de ventas','WEB','S','Facturas de Ventas');
INSERT INTO config_acciones_informes_tbl (ID_ACCION,ID_VERSION,VERSION,DESCRIPCION,FORMATO_SALIDA,ACTIVO,TITULO) 
VALUES(539,0,'Original','Listado de aprovisionamientos','WEB','S','Listado de aprovisionamientos');
INSERT INTO config_acciones_informes_tbl (ID_ACCION,ID_VERSION,VERSION,DESCRIPCION,FORMATO_SALIDA,ACTIVO,TITULO) 
VALUES(540,0,'Original','Informe de aprovisionamientos','WEB','S','Informe de aprovisionamientos');
INSERT INTO config_acciones_informes_tbl (ID_ACCION,ID_VERSION,VERSION,DESCRIPCION,FORMATO_SALIDA,ACTIVO,TITULO) 
VALUES(541,0,'Original','Efectos asignados a una remesa de pago','WEB','S','Remesa de Pagos');
INSERT INTO config_acciones_informes_tbl (ID_ACCION,ID_VERSION,VERSION,DESCRIPCION,FORMATO_SALIDA,ACTIVO,TITULO) 
VALUES(542,0,'Original','Agrupado por pedidos, muestra toda la información del pedido y el estado del suministro','WEB','S','Pedidos Detallado');
INSERT INTO config_acciones_informes_tbl (ID_ACCION,ID_VERSION,VERSION,DESCRIPCION,FORMATO_SALIDA,ACTIVO,TITULO) 
VALUES(542,1,'pdte_suministro','Agrupado por pedidos, muestra un listado simplificado de los pedidos pendientes de suministro','WEB','S','Pendiente de Suministro');
INSERT INTO config_acciones_informes_tbl (ID_ACCION,ID_VERSION,VERSION,DESCRIPCION,FORMATO_SALIDA,ACTIVO,TITULO) 
VALUES(542,2,'pdte_suministro_detallado','Agrupado por pedidos, muestra toda la información del pedido pendiente de suministro','WEB','S','Pendiente de Suministro Detallado');
INSERT INTO config_acciones_informes_tbl (ID_ACCION,ID_VERSION,VERSION,DESCRIPCION,FORMATO_SALIDA,ACTIVO,TITULO) 
VALUES(543,0,'Original','Documento','WEB','S','Pedido de Compra');


-- config_acciones_operacione_tbl

INSERT INTO config_acciones_operacione_tbl (ID_ACCION,ID_OPERACION,ORDEN,DESOPERACION) 
VALUES(1,0,0,'EJECUTAR');
INSERT INTO config_acciones_operacione_tbl (ID_ACCION,ID_OPERACION,ORDEN,DESOPERACION) 
VALUES(1,1,1,'AÑADIR');
INSERT INTO config_acciones_operacione_tbl (ID_ACCION,ID_OPERACION,ORDEN,DESOPERACION) 
VALUES(1,2,2,'EDITAR');
INSERT INTO config_acciones_operacione_tbl (ID_ACCION,ID_OPERACION,ORDEN,DESOPERACION) 
VALUES(1,3,3,'ELIMINAR');
INSERT INTO config_acciones_operacione_tbl (ID_ACCION,ID_OPERACION,ORDEN,DESOPERACION) 
VALUES(2,0,0,'EJECUTAR');
INSERT INTO config_acciones_operacione_tbl (ID_ACCION,ID_OPERACION,ORDEN,DESOPERACION) 
VALUES(2,1,1,'AÑADIR');
INSERT INTO config_acciones_operacione_tbl (ID_ACCION,ID_OPERACION,ORDEN,DESOPERACION) 
VALUES(2,2,2,'EDITAR');
INSERT INTO config_acciones_operacione_tbl (ID_ACCION,ID_OPERACION,ORDEN,DESOPERACION) 
VALUES(2,3,3,'ELIMINAR');
INSERT INTO config_acciones_operacione_tbl (ID_ACCION,ID_OPERACION,ORDEN,DESOPERACION) 
VALUES(3,0,0,'EJECUTAR');
INSERT INTO config_acciones_operacione_tbl (ID_ACCION,ID_OPERACION,ORDEN,DESOPERACION) 
VALUES(3,1,1,'AÑADIR');
INSERT INTO config_acciones_operacione_tbl (ID_ACCION,ID_OPERACION,ORDEN,DESOPERACION) 
VALUES(3,2,2,'EDITAR');
INSERT INTO config_acciones_operacione_tbl (ID_ACCION,ID_OPERACION,ORDEN,DESOPERACION) 
VALUES(3,3,3,'ELIMINAR');
INSERT INTO config_acciones_operacione_tbl (ID_ACCION,ID_OPERACION,ORDEN,DESOPERACION) 
VALUES(4,0,0,'EJECUTAR');
INSERT INTO config_acciones_operacione_tbl (ID_ACCION,ID_OPERACION,ORDEN,DESOPERACION) 
VALUES(4,1,1,'AÑADIR');
INSERT INTO config_acciones_operacione_tbl (ID_ACCION,ID_OPERACION,ORDEN,DESOPERACION) 
VALUES(4,2,2,'EDITAR');
INSERT INTO config_acciones_operacione_tbl (ID_ACCION,ID_OPERACION,ORDEN,DESOPERACION) 
VALUES(4,3,3,'ELIMINAR');
INSERT INTO config_acciones_operacione_tbl (ID_ACCION,ID_OPERACION,ORDEN,DESOPERACION) 
VALUES(5,0,0,'EJECUTAR');
INSERT INTO config_acciones_operacione_tbl (ID_ACCION,ID_OPERACION,ORDEN,DESOPERACION) 
VALUES(5,1,1,'AÑADIR');
INSERT INTO config_acciones_operacione_tbl (ID_ACCION,ID_OPERACION,ORDEN,DESOPERACION) 
VALUES(5,2,2,'EDITAR');
INSERT INTO config_acciones_operacione_tbl (ID_ACCION,ID_OPERACION,ORDEN,DESOPERACION) 
VALUES(5,3,3,'ELIMINAR');
INSERT INTO config_acciones_operacione_tbl (ID_ACCION,ID_OPERACION,ORDEN,DESOPERACION) 
VALUES(6,0,0,'EJECUTAR');
INSERT INTO config_acciones_operacione_tbl (ID_ACCION,ID_OPERACION,ORDEN,DESOPERACION) 
VALUES(6,2,2,'EDITAR');
INSERT INTO config_acciones_operacione_tbl (ID_ACCION,ID_OPERACION,ORDEN,DESOPERACION) 
VALUES(7,0,0,'EJECUTAR');
INSERT INTO config_acciones_operacione_tbl (ID_ACCION,ID_OPERACION,ORDEN,DESOPERACION) 
VALUES(7,1,1,'AÑADIR');
INSERT INTO config_acciones_operacione_tbl (ID_ACCION,ID_OPERACION,ORDEN,DESOPERACION) 
VALUES(7,2,2,'EDITAR');
INSERT INTO config_acciones_operacione_tbl (ID_ACCION,ID_OPERACION,ORDEN,DESOPERACION) 
VALUES(7,3,3,'ELIMINAR');
INSERT INTO config_acciones_operacione_tbl (ID_ACCION,ID_OPERACION,ORDEN,DESOPERACION) 
VALUES(8,0,0,'EJECUTAR');
INSERT INTO config_acciones_operacione_tbl (ID_ACCION,ID_OPERACION,ORDEN,DESOPERACION) 
VALUES(8,1,1,'AÑADIR');
INSERT INTO config_acciones_operacione_tbl (ID_ACCION,ID_OPERACION,ORDEN,DESOPERACION) 
VALUES(8,2,2,'EDITAR');
INSERT INTO config_acciones_operacione_tbl (ID_ACCION,ID_OPERACION,ORDEN,DESOPERACION) 
VALUES(8,3,3,'ELIMINAR');
INSERT INTO config_acciones_operacione_tbl (ID_ACCION,ID_OPERACION,ORDEN,DESOPERACION) 
VALUES(9,0,0,'EJECUTAR');
INSERT INTO config_acciones_operacione_tbl (ID_ACCION,ID_OPERACION,ORDEN,DESOPERACION) 
VALUES(9,1,1,'AÑADIR');
INSERT INTO config_acciones_operacione_tbl (ID_ACCION,ID_OPERACION,ORDEN,DESOPERACION) 
VALUES(9,2,2,'EDITAR');
INSERT INTO config_acciones_operacione_tbl (ID_ACCION,ID_OPERACION,ORDEN,DESOPERACION) 
VALUES(9,3,3,'ELIMINAR');
INSERT INTO config_acciones_operacione_tbl (ID_ACCION,ID_OPERACION,ORDEN,DESOPERACION) 
VALUES(10,0,0,'EJECUTAR');
INSERT INTO config_acciones_operacione_tbl (ID_ACCION,ID_OPERACION,ORDEN,DESOPERACION) 
VALUES(10,1,1,'AÑADIR');
INSERT INTO config_acciones_operacione_tbl (ID_ACCION,ID_OPERACION,ORDEN,DESOPERACION) 
VALUES(10,2,2,'EDITAR');
INSERT INTO config_acciones_operacione_tbl (ID_ACCION,ID_OPERACION,ORDEN,DESOPERACION) 
VALUES(10,3,3,'ELIMINAR');
INSERT INTO config_acciones_operacione_tbl (ID_ACCION,ID_OPERACION,ORDEN,DESOPERACION) 
VALUES(11,0,0,'EJECUTAR');
INSERT INTO config_acciones_operacione_tbl (ID_ACCION,ID_OPERACION,ORDEN,DESOPERACION) 
VALUES(11,1,1,'AÑADIR');
INSERT INTO config_acciones_operacione_tbl (ID_ACCION,ID_OPERACION,ORDEN,DESOPERACION) 
VALUES(11,2,2,'EDITAR');
INSERT INTO config_acciones_operacione_tbl (ID_ACCION,ID_OPERACION,ORDEN,DESOPERACION) 
VALUES(11,3,3,'ELIMINAR');
INSERT INTO config_acciones_operacione_tbl (ID_ACCION,ID_OPERACION,ORDEN,DESOPERACION) 
VALUES(12,0,0,'EJECUTAR');
INSERT INTO config_acciones_operacione_tbl (ID_ACCION,ID_OPERACION,ORDEN,DESOPERACION) 
VALUES(12,1,1,'AÑADIR');
INSERT INTO config_acciones_operacione_tbl (ID_ACCION,ID_OPERACION,ORDEN,DESOPERACION) 
VALUES(12,2,2,'EDITAR');
INSERT INTO config_acciones_operacione_tbl (ID_ACCION,ID_OPERACION,ORDEN,DESOPERACION) 
VALUES(12,3,3,'ELIMINAR');
INSERT INTO config_acciones_operacione_tbl (ID_ACCION,ID_OPERACION,ORDEN,DESOPERACION) 
VALUES(13,0,0,'EJECUTAR');
INSERT INTO config_acciones_operacione_tbl (ID_ACCION,ID_OPERACION,ORDEN,DESOPERACION) 
VALUES(13,1,1,'AÑADIR');
INSERT INTO config_acciones_operacione_tbl (ID_ACCION,ID_OPERACION,ORDEN,DESOPERACION) 
VALUES(13,2,2,'EDITAR');
INSERT INTO config_acciones_operacione_tbl (ID_ACCION,ID_OPERACION,ORDEN,DESOPERACION) 
VALUES(13,3,3,'ELIMINAR');
INSERT INTO config_acciones_operacione_tbl (ID_ACCION,ID_OPERACION,ORDEN,DESOPERACION) 
VALUES(14,0,0,'EJECUTAR');
INSERT INTO config_acciones_operacione_tbl (ID_ACCION,ID_OPERACION,ORDEN,DESOPERACION) 
VALUES(14,1,1,'AÑADIR');
INSERT INTO config_acciones_operacione_tbl (ID_ACCION,ID_OPERACION,ORDEN,DESOPERACION) 
VALUES(14,2,2,'EDITAR');
INSERT INTO config_acciones_operacione_tbl (ID_ACCION,ID_OPERACION,ORDEN,DESOPERACION) 
VALUES(14,3,3,'ELIMINAR');
INSERT INTO config_acciones_operacione_tbl (ID_ACCION,ID_OPERACION,ORDEN,DESOPERACION) 
VALUES(15,0,0,'EJECUTAR');
INSERT INTO config_acciones_operacione_tbl (ID_ACCION,ID_OPERACION,ORDEN,DESOPERACION) 
VALUES(15,1,1,'AÑADIR');
INSERT INTO config_acciones_operacione_tbl (ID_ACCION,ID_OPERACION,ORDEN,DESOPERACION) 
VALUES(15,2,2,'EDITAR');
INSERT INTO config_acciones_operacione_tbl (ID_ACCION,ID_OPERACION,ORDEN,DESOPERACION) 
VALUES(15,3,3,'ELIMINAR');
INSERT INTO config_acciones_operacione_tbl (ID_ACCION,ID_OPERACION,ORDEN,DESOPERACION) 
VALUES(16,0,0,'EJECUTAR');
INSERT INTO config_acciones_operacione_tbl (ID_ACCION,ID_OPERACION,ORDEN,DESOPERACION) 
VALUES(16,1,1,'AÑADIR');
INSERT INTO config_acciones_operacione_tbl (ID_ACCION,ID_OPERACION,ORDEN,DESOPERACION) 
VALUES(16,2,2,'EDITAR');
INSERT INTO config_acciones_operacione_tbl (ID_ACCION,ID_OPERACION,ORDEN,DESOPERACION) 
VALUES(16,3,3,'ELIMINAR');
INSERT INTO config_acciones_operacione_tbl (ID_ACCION,ID_OPERACION,ORDEN,DESOPERACION) 
VALUES(17,0,0,'EJECUTAR');
INSERT INTO config_acciones_operacione_tbl (ID_ACCION,ID_OPERACION,ORDEN,DESOPERACION) 
VALUES(17,1,1,'AÑADIR');
INSERT INTO config_acciones_operacione_tbl (ID_ACCION,ID_OPERACION,ORDEN,DESOPERACION) 
VALUES(17,2,2,'EDITAR');
INSERT INTO config_acciones_operacione_tbl (ID_ACCION,ID_OPERACION,ORDEN,DESOPERACION) 
VALUES(17,3,3,'ELIMINAR');
INSERT INTO config_acciones_operacione_tbl (ID_ACCION,ID_OPERACION,ORDEN,DESOPERACION) 
VALUES(18,0,0,'EJECUTAR');
INSERT INTO config_acciones_operacione_tbl (ID_ACCION,ID_OPERACION,ORDEN,DESOPERACION) 
VALUES(18,1,1,'AÑADIR');
INSERT INTO config_acciones_operacione_tbl (ID_ACCION,ID_OPERACION,ORDEN,DESOPERACION) 
VALUES(18,2,2,'EDITAR');
INSERT INTO config_acciones_operacione_tbl (ID_ACCION,ID_OPERACION,ORDEN,DESOPERACION) 
VALUES(18,3,3,'ELIMINAR');
INSERT INTO config_acciones_operacione_tbl (ID_ACCION,ID_OPERACION,ORDEN,DESOPERACION) 
VALUES(19,0,0,'EJECUTAR');
INSERT INTO config_acciones_operacione_tbl (ID_ACCION,ID_OPERACION,ORDEN,DESOPERACION) 
VALUES(19,1,1,'AÑADIR');
INSERT INTO config_acciones_operacione_tbl (ID_ACCION,ID_OPERACION,ORDEN,DESOPERACION) 
VALUES(19,2,2,'EDITAR');
INSERT INTO config_acciones_operacione_tbl (ID_ACCION,ID_OPERACION,ORDEN,DESOPERACION) 
VALUES(19,3,3,'ELIMINAR');
INSERT INTO config_acciones_operacione_tbl (ID_ACCION,ID_OPERACION,ORDEN,DESOPERACION) 
VALUES(20,0,0,'EJECUTAR');
INSERT INTO config_acciones_operacione_tbl (ID_ACCION,ID_OPERACION,ORDEN,DESOPERACION) 
VALUES(20,1,1,'AÑADIR');
INSERT INTO config_acciones_operacione_tbl (ID_ACCION,ID_OPERACION,ORDEN,DESOPERACION) 
VALUES(20,2,2,'EDITAR');
INSERT INTO config_acciones_operacione_tbl (ID_ACCION,ID_OPERACION,ORDEN,DESOPERACION) 
VALUES(20,3,3,'ELIMINAR');
INSERT INTO config_acciones_operacione_tbl (ID_ACCION,ID_OPERACION,ORDEN,DESOPERACION) 
VALUES(21,0,0,'EJECUTAR');
INSERT INTO config_acciones_operacione_tbl (ID_ACCION,ID_OPERACION,ORDEN,DESOPERACION) 
VALUES(21,1,1,'AÑADIR');
INSERT INTO config_acciones_operacione_tbl (ID_ACCION,ID_OPERACION,ORDEN,DESOPERACION) 
VALUES(21,2,2,'EDITAR');
INSERT INTO config_acciones_operacione_tbl (ID_ACCION,ID_OPERACION,ORDEN,DESOPERACION) 
VALUES(21,3,3,'ELIMINAR');
INSERT INTO config_acciones_operacione_tbl (ID_ACCION,ID_OPERACION,ORDEN,DESOPERACION) 
VALUES(22,0,0,'EJECUTAR');
INSERT INTO config_acciones_operacione_tbl (ID_ACCION,ID_OPERACION,ORDEN,DESOPERACION) 
VALUES(22,1,1,'AÑADIR');
INSERT INTO config_acciones_operacione_tbl (ID_ACCION,ID_OPERACION,ORDEN,DESOPERACION) 
VALUES(22,2,2,'EDITAR');
INSERT INTO config_acciones_operacione_tbl (ID_ACCION,ID_OPERACION,ORDEN,DESOPERACION) 
VALUES(22,3,3,'ELIMINAR');
INSERT INTO config_acciones_operacione_tbl (ID_ACCION,ID_OPERACION,ORDEN,DESOPERACION) 
VALUES(23,0,0,'EJECUTAR');
INSERT INTO config_acciones_operacione_tbl (ID_ACCION,ID_OPERACION,ORDEN,DESOPERACION) 
VALUES(23,1,1,'AÑADIR');
INSERT INTO config_acciones_operacione_tbl (ID_ACCION,ID_OPERACION,ORDEN,DESOPERACION) 
VALUES(23,2,2,'EDITAR');
INSERT INTO config_acciones_operacione_tbl (ID_ACCION,ID_OPERACION,ORDEN,DESOPERACION) 
VALUES(23,3,3,'ELIMINAR');
INSERT INTO config_acciones_operacione_tbl (ID_ACCION,ID_OPERACION,ORDEN,DESOPERACION) 
VALUES(24,0,0,'EJECUTAR');
INSERT INTO config_acciones_operacione_tbl (ID_ACCION,ID_OPERACION,ORDEN,DESOPERACION) 
VALUES(24,1,1,'AÑADIR');
INSERT INTO config_acciones_operacione_tbl (ID_ACCION,ID_OPERACION,ORDEN,DESOPERACION) 
VALUES(24,2,2,'EDITAR');
INSERT INTO config_acciones_operacione_tbl (ID_ACCION,ID_OPERACION,ORDEN,DESOPERACION) 
VALUES(24,3,3,'ELIMINAR');
INSERT INTO config_acciones_operacione_tbl (ID_ACCION,ID_OPERACION,ORDEN,DESOPERACION) 
VALUES(25,0,0,'EJECUTAR');
INSERT INTO config_acciones_operacione_tbl (ID_ACCION,ID_OPERACION,ORDEN,DESOPERACION) 
VALUES(25,1,1,'AÑADIR');
INSERT INTO config_acciones_operacione_tbl (ID_ACCION,ID_OPERACION,ORDEN,DESOPERACION) 
VALUES(25,2,2,'EDITAR');
INSERT INTO config_acciones_operacione_tbl (ID_ACCION,ID_OPERACION,ORDEN,DESOPERACION) 
VALUES(25,3,3,'ELIMINAR');
INSERT INTO config_acciones_operacione_tbl (ID_ACCION,ID_OPERACION,ORDEN,DESOPERACION) 
VALUES(26,0,0,'EJECUTAR');
INSERT INTO config_acciones_operacione_tbl (ID_ACCION,ID_OPERACION,ORDEN,DESOPERACION) 
VALUES(26,1,1,'AÑADIR');
INSERT INTO config_acciones_operacione_tbl (ID_ACCION,ID_OPERACION,ORDEN,DESOPERACION) 
VALUES(26,2,2,'EDITAR');
INSERT INTO config_acciones_operacione_tbl (ID_ACCION,ID_OPERACION,ORDEN,DESOPERACION) 
VALUES(26,3,3,'ELIMINAR');
INSERT INTO config_acciones_operacione_tbl (ID_ACCION,ID_OPERACION,ORDEN,DESOPERACION) 
VALUES(27,0,0,'EJECUTAR');
INSERT INTO config_acciones_operacione_tbl (ID_ACCION,ID_OPERACION,ORDEN,DESOPERACION) 
VALUES(27,1,1,'AÑADIR');
INSERT INTO config_acciones_operacione_tbl (ID_ACCION,ID_OPERACION,ORDEN,DESOPERACION) 
VALUES(27,2,2,'EDITAR');
INSERT INTO config_acciones_operacione_tbl (ID_ACCION,ID_OPERACION,ORDEN,DESOPERACION) 
VALUES(27,3,3,'ELIMINAR');
INSERT INTO config_acciones_operacione_tbl (ID_ACCION,ID_OPERACION,ORDEN,DESOPERACION) 
VALUES(28,0,0,'EJECUTAR');
INSERT INTO config_acciones_operacione_tbl (ID_ACCION,ID_OPERACION,ORDEN,DESOPERACION) 
VALUES(28,1,1,'AÑADIR');
INSERT INTO config_acciones_operacione_tbl (ID_ACCION,ID_OPERACION,ORDEN,DESOPERACION) 
VALUES(28,2,2,'EDITAR');
INSERT INTO config_acciones_operacione_tbl (ID_ACCION,ID_OPERACION,ORDEN,DESOPERACION) 
VALUES(28,3,3,'ELIMINAR');
INSERT INTO config_acciones_operacione_tbl (ID_ACCION,ID_OPERACION,ORDEN,DESOPERACION) 
VALUES(29,0,0,'EJECUTAR');
INSERT INTO config_acciones_operacione_tbl (ID_ACCION,ID_OPERACION,ORDEN,DESOPERACION) 
VALUES(29,1,1,'IMPRIMIR');
INSERT INTO config_acciones_operacione_tbl (ID_ACCION,ID_OPERACION,ORDEN,DESOPERACION) 
VALUES(30,0,0,'EJECUTAR');
INSERT INTO config_acciones_operacione_tbl (ID_ACCION,ID_OPERACION,ORDEN,DESOPERACION) 
VALUES(31,0,0,'EJECUTAR');
INSERT INTO config_acciones_operacione_tbl (ID_ACCION,ID_OPERACION,ORDEN,DESOPERACION) 
VALUES(31,2,2,'EDITAR');
INSERT INTO config_acciones_operacione_tbl (ID_ACCION,ID_OPERACION,ORDEN,DESOPERACION) 
VALUES(31,3,3,'ELIMINAR');
INSERT INTO config_acciones_operacione_tbl (ID_ACCION,ID_OPERACION,ORDEN,DESOPERACION) 
VALUES(32,0,0,'EJECUTAR');
INSERT INTO config_acciones_operacione_tbl (ID_ACCION,ID_OPERACION,ORDEN,DESOPERACION) 
VALUES(33,0,0,'EJECUTAR');
INSERT INTO config_acciones_operacione_tbl (ID_ACCION,ID_OPERACION,ORDEN,DESOPERACION) 
VALUES(33,1,1,'AÑADIR');
INSERT INTO config_acciones_operacione_tbl (ID_ACCION,ID_OPERACION,ORDEN,DESOPERACION) 
VALUES(33,2,2,'EDITAR');
INSERT INTO config_acciones_operacione_tbl (ID_ACCION,ID_OPERACION,ORDEN,DESOPERACION) 
VALUES(33,3,3,'ELIMINAR');
INSERT INTO config_acciones_operacione_tbl (ID_ACCION,ID_OPERACION,ORDEN,DESOPERACION) 
VALUES(34,0,0,'EJECUTAR');
INSERT INTO config_acciones_operacione_tbl (ID_ACCION,ID_OPERACION,ORDEN,DESOPERACION) 
VALUES(34,1,1,'AÑADIR');
INSERT INTO config_acciones_operacione_tbl (ID_ACCION,ID_OPERACION,ORDEN,DESOPERACION) 
VALUES(34,2,2,'EDITAR');
INSERT INTO config_acciones_operacione_tbl (ID_ACCION,ID_OPERACION,ORDEN,DESOPERACION) 
VALUES(34,3,3,'ELIMINAR');
INSERT INTO config_acciones_operacione_tbl (ID_ACCION,ID_OPERACION,ORDEN,DESOPERACION) 
VALUES(35,0,0,'EJECUTAR');
INSERT INTO config_acciones_operacione_tbl (ID_ACCION,ID_OPERACION,ORDEN,DESOPERACION) 
VALUES(36,0,0,'EJECUTAR');
INSERT INTO config_acciones_operacione_tbl (ID_ACCION,ID_OPERACION,ORDEN,DESOPERACION) 
VALUES(37,0,0,'EJECUTAR');
INSERT INTO config_acciones_operacione_tbl (ID_ACCION,ID_OPERACION,ORDEN,DESOPERACION) 
VALUES(37,1,1,'AÑADIR');
INSERT INTO config_acciones_operacione_tbl (ID_ACCION,ID_OPERACION,ORDEN,DESOPERACION) 
VALUES(37,2,2,'EDITAR');
INSERT INTO config_acciones_operacione_tbl (ID_ACCION,ID_OPERACION,ORDEN,DESOPERACION) 
VALUES(37,3,3,'ELIMINAR');
INSERT INTO config_acciones_operacione_tbl (ID_ACCION,ID_OPERACION,ORDEN,DESOPERACION) 
VALUES(38,0,0,'EJECUTAR');
INSERT INTO config_acciones_operacione_tbl (ID_ACCION,ID_OPERACION,ORDEN,DESOPERACION) 
VALUES(38,1,1,'AÑADIR');
INSERT INTO config_acciones_operacione_tbl (ID_ACCION,ID_OPERACION,ORDEN,DESOPERACION) 
VALUES(38,2,2,'EDITAR');
INSERT INTO config_acciones_operacione_tbl (ID_ACCION,ID_OPERACION,ORDEN,DESOPERACION) 
VALUES(38,3,3,'ELIMINAR');
INSERT INTO config_acciones_operacione_tbl (ID_ACCION,ID_OPERACION,ORDEN,DESOPERACION) 
VALUES(39,0,0,'EJECUTAR');
INSERT INTO config_acciones_operacione_tbl (ID_ACCION,ID_OPERACION,ORDEN,DESOPERACION) 
VALUES(40,0,0,'EJECUTAR');
INSERT INTO config_acciones_operacione_tbl (ID_ACCION,ID_OPERACION,ORDEN,DESOPERACION) 
VALUES(41,0,0,'EJECUTAR');
INSERT INTO config_acciones_operacione_tbl (ID_ACCION,ID_OPERACION,ORDEN,DESOPERACION) 
VALUES(42,0,0,'EJECUTAR');
INSERT INTO config_acciones_operacione_tbl (ID_ACCION,ID_OPERACION,ORDEN,DESOPERACION) 
VALUES(42,1,1,'AÑADIR');
INSERT INTO config_acciones_operacione_tbl (ID_ACCION,ID_OPERACION,ORDEN,DESOPERACION) 
VALUES(42,2,2,'EDITAR');
INSERT INTO config_acciones_operacione_tbl (ID_ACCION,ID_OPERACION,ORDEN,DESOPERACION) 
VALUES(42,3,3,'ELIMINAR');
INSERT INTO config_acciones_operacione_tbl (ID_ACCION,ID_OPERACION,ORDEN,DESOPERACION) 
VALUES(43,0,0,'EJECUTAR');
INSERT INTO config_acciones_operacione_tbl (ID_ACCION,ID_OPERACION,ORDEN,DESOPERACION) 
VALUES(44,0,0,'EJECUTAR');
INSERT INTO config_acciones_operacione_tbl (ID_ACCION,ID_OPERACION,ORDEN,DESOPERACION) 
VALUES(44,1,1,'EDITAR');
INSERT INTO config_acciones_operacione_tbl (ID_ACCION,ID_OPERACION,ORDEN,DESOPERACION) 
VALUES(45,0,0,'EJECUTAR');
INSERT INTO config_acciones_operacione_tbl (ID_ACCION,ID_OPERACION,ORDEN,DESOPERACION) 
VALUES(45,1,1,'AÑADIR');
INSERT INTO config_acciones_operacione_tbl (ID_ACCION,ID_OPERACION,ORDEN,DESOPERACION) 
VALUES(45,2,2,'EDITAR');
INSERT INTO config_acciones_operacione_tbl (ID_ACCION,ID_OPERACION,ORDEN,DESOPERACION) 
VALUES(46,0,0,'EJECUTAR');
INSERT INTO config_acciones_operacione_tbl (ID_ACCION,ID_OPERACION,ORDEN,DESOPERACION) 
VALUES(47,0,0,'EJECUTAR');
INSERT INTO config_acciones_operacione_tbl (ID_ACCION,ID_OPERACION,ORDEN,DESOPERACION) 
VALUES(47,1,1,'AÑADIR');
INSERT INTO config_acciones_operacione_tbl (ID_ACCION,ID_OPERACION,ORDEN,DESOPERACION) 
VALUES(47,2,2,'EDITAR');
INSERT INTO config_acciones_operacione_tbl (ID_ACCION,ID_OPERACION,ORDEN,DESOPERACION) 
VALUES(48,0,0,'EJECUTAR');
INSERT INTO config_acciones_operacione_tbl (ID_ACCION,ID_OPERACION,ORDEN,DESOPERACION) 
VALUES(48,1,1,'IMPRIMIR');
INSERT INTO config_acciones_operacione_tbl (ID_ACCION,ID_OPERACION,ORDEN,DESOPERACION) 
VALUES(49,0,0,'EJECUTAR');
INSERT INTO config_acciones_operacione_tbl (ID_ACCION,ID_OPERACION,ORDEN,DESOPERACION) 
VALUES(49,1,1,'AÑADIR');
INSERT INTO config_acciones_operacione_tbl (ID_ACCION,ID_OPERACION,ORDEN,DESOPERACION) 
VALUES(49,2,2,'EDITAR');
INSERT INTO config_acciones_operacione_tbl (ID_ACCION,ID_OPERACION,ORDEN,DESOPERACION) 
VALUES(49,3,3,'ELIMINAR');
INSERT INTO config_acciones_operacione_tbl (ID_ACCION,ID_OPERACION,ORDEN,DESOPERACION) 
VALUES(50,0,0,'EJECUTAR');
INSERT INTO config_acciones_operacione_tbl (ID_ACCION,ID_OPERACION,ORDEN,DESOPERACION) 
VALUES(50,2,2,'EDITAR');
INSERT INTO config_acciones_operacione_tbl (ID_ACCION,ID_OPERACION,ORDEN,DESOPERACION) 
VALUES(51,0,0,'EJECUTAR');
INSERT INTO config_acciones_operacione_tbl (ID_ACCION,ID_OPERACION,ORDEN,DESOPERACION) 
VALUES(51,1,1,'AÑADIR');
INSERT INTO config_acciones_operacione_tbl (ID_ACCION,ID_OPERACION,ORDEN,DESOPERACION) 
VALUES(53,0,0,'EJECUTAR');
INSERT INTO config_acciones_operacione_tbl (ID_ACCION,ID_OPERACION,ORDEN,DESOPERACION) 
VALUES(53,1,1,'AÑADIR');
INSERT INTO config_acciones_operacione_tbl (ID_ACCION,ID_OPERACION,ORDEN,DESOPERACION) 
VALUES(53,2,2,'EDITAR');
INSERT INTO config_acciones_operacione_tbl (ID_ACCION,ID_OPERACION,ORDEN,DESOPERACION) 
VALUES(53,3,3,'ELIMINAR');
INSERT INTO config_acciones_operacione_tbl (ID_ACCION,ID_OPERACION,ORDEN,DESOPERACION) 
VALUES(53,4,4,'IMPRIMIR');
INSERT INTO config_acciones_operacione_tbl (ID_ACCION,ID_OPERACION,ORDEN,DESOPERACION) 
VALUES(54,0,0,'EJECUTAR');
INSERT INTO config_acciones_operacione_tbl (ID_ACCION,ID_OPERACION,ORDEN,DESOPERACION) 
VALUES(54,1,1,'AÑADIR');
INSERT INTO config_acciones_operacione_tbl (ID_ACCION,ID_OPERACION,ORDEN,DESOPERACION) 
VALUES(54,2,2,'EDITAR');
INSERT INTO config_acciones_operacione_tbl (ID_ACCION,ID_OPERACION,ORDEN,DESOPERACION) 
VALUES(54,3,3,'ELIMINAR');
INSERT INTO config_acciones_operacione_tbl (ID_ACCION,ID_OPERACION,ORDEN,DESOPERACION) 
VALUES(54,4,4,'IMPRIMIR');
INSERT INTO config_acciones_operacione_tbl (ID_ACCION,ID_OPERACION,ORDEN,DESOPERACION) 
VALUES(55,0,0,'EJECUTAR');
INSERT INTO config_acciones_operacione_tbl (ID_ACCION,ID_OPERACION,ORDEN,DESOPERACION) 
VALUES(55,1,1,'AÑADIR');
INSERT INTO config_acciones_operacione_tbl (ID_ACCION,ID_OPERACION,ORDEN,DESOPERACION) 
VALUES(55,2,2,'EDITAR');
INSERT INTO config_acciones_operacione_tbl (ID_ACCION,ID_OPERACION,ORDEN,DESOPERACION) 
VALUES(55,3,3,'ELIMINAR');
INSERT INTO config_acciones_operacione_tbl (ID_ACCION,ID_OPERACION,ORDEN,DESOPERACION) 
VALUES(56,0,0,'EJECUTAR');
INSERT INTO config_acciones_operacione_tbl (ID_ACCION,ID_OPERACION,ORDEN,DESOPERACION) 
VALUES(56,1,1,'AÑADIR');
INSERT INTO config_acciones_operacione_tbl (ID_ACCION,ID_OPERACION,ORDEN,DESOPERACION) 
VALUES(56,2,2,'EDITAR');
INSERT INTO config_acciones_operacione_tbl (ID_ACCION,ID_OPERACION,ORDEN,DESOPERACION) 
VALUES(56,3,3,'ELIMINAR');
INSERT INTO config_acciones_operacione_tbl (ID_ACCION,ID_OPERACION,ORDEN,DESOPERACION) 
VALUES(57,0,0,'EJECUTAR');
INSERT INTO config_acciones_operacione_tbl (ID_ACCION,ID_OPERACION,ORDEN,DESOPERACION) 
VALUES(57,1,1,'AÑADIR');
INSERT INTO config_acciones_operacione_tbl (ID_ACCION,ID_OPERACION,ORDEN,DESOPERACION) 
VALUES(57,2,2,'EDITAR');
INSERT INTO config_acciones_operacione_tbl (ID_ACCION,ID_OPERACION,ORDEN,DESOPERACION) 
VALUES(57,3,3,'ELIMINAR');
INSERT INTO config_acciones_operacione_tbl (ID_ACCION,ID_OPERACION,ORDEN,DESOPERACION) 
VALUES(100,0,1,'EJECUCION');
INSERT INTO config_acciones_operacione_tbl (ID_ACCION,ID_OPERACION,ORDEN,DESOPERACION) 
VALUES(500,0,0,'EJECUTAR');
INSERT INTO config_acciones_operacione_tbl (ID_ACCION,ID_OPERACION,ORDEN,DESOPERACION) 
VALUES(501,0,0,'EJECUTAR');
INSERT INTO config_acciones_operacione_tbl (ID_ACCION,ID_OPERACION,ORDEN,DESOPERACION) 
VALUES(502,0,0,'EJECUTAR');
INSERT INTO config_acciones_operacione_tbl (ID_ACCION,ID_OPERACION,ORDEN,DESOPERACION) 
VALUES(503,0,0,'EJECUTAR');
INSERT INTO config_acciones_operacione_tbl (ID_ACCION,ID_OPERACION,ORDEN,DESOPERACION) 
VALUES(504,0,0,'EJECUTAR');
INSERT INTO config_acciones_operacione_tbl (ID_ACCION,ID_OPERACION,ORDEN,DESOPERACION) 
VALUES(505,0,0,'EJECUTAR');
INSERT INTO config_acciones_operacione_tbl (ID_ACCION,ID_OPERACION,ORDEN,DESOPERACION) 
VALUES(506,0,0,'EJECUTAR');
INSERT INTO config_acciones_operacione_tbl (ID_ACCION,ID_OPERACION,ORDEN,DESOPERACION) 
VALUES(507,0,0,'EJECUTAR');
INSERT INTO config_acciones_operacione_tbl (ID_ACCION,ID_OPERACION,ORDEN,DESOPERACION) 
VALUES(508,0,0,'EJECUTAR');
INSERT INTO config_acciones_operacione_tbl (ID_ACCION,ID_OPERACION,ORDEN,DESOPERACION) 
VALUES(509,0,0,'EJECUTAR');
INSERT INTO config_acciones_operacione_tbl (ID_ACCION,ID_OPERACION,ORDEN,DESOPERACION) 
VALUES(510,0,0,'EJECUTAR');
INSERT INTO config_acciones_operacione_tbl (ID_ACCION,ID_OPERACION,ORDEN,DESOPERACION) 
VALUES(511,0,0,'EJECUTAR');
INSERT INTO config_acciones_operacione_tbl (ID_ACCION,ID_OPERACION,ORDEN,DESOPERACION) 
VALUES(512,0,0,'EJECUTAR');
INSERT INTO config_acciones_operacione_tbl (ID_ACCION,ID_OPERACION,ORDEN,DESOPERACION) 
VALUES(513,0,0,'EJECUTAR');
INSERT INTO config_acciones_operacione_tbl (ID_ACCION,ID_OPERACION,ORDEN,DESOPERACION) 
VALUES(514,0,0,'EJECUTAR');
INSERT INTO config_acciones_operacione_tbl (ID_ACCION,ID_OPERACION,ORDEN,DESOPERACION) 
VALUES(515,0,0,'EJECUTAR');
INSERT INTO config_acciones_operacione_tbl (ID_ACCION,ID_OPERACION,ORDEN,DESOPERACION) 
VALUES(516,0,0,'EJECUTAR');
INSERT INTO config_acciones_operacione_tbl (ID_ACCION,ID_OPERACION,ORDEN,DESOPERACION) 
VALUES(517,0,0,'EJECUTAR');
INSERT INTO config_acciones_operacione_tbl (ID_ACCION,ID_OPERACION,ORDEN,DESOPERACION) 
VALUES(518,0,0,'EJECUTAR');
INSERT INTO config_acciones_operacione_tbl (ID_ACCION,ID_OPERACION,ORDEN,DESOPERACION) 
VALUES(519,0,0,'EJECUTAR');
INSERT INTO config_acciones_operacione_tbl (ID_ACCION,ID_OPERACION,ORDEN,DESOPERACION) 
VALUES(520,0,0,'EJECUTAR');
INSERT INTO config_acciones_operacione_tbl (ID_ACCION,ID_OPERACION,ORDEN,DESOPERACION) 
VALUES(522,0,0,'EJECUTAR');
INSERT INTO config_acciones_operacione_tbl (ID_ACCION,ID_OPERACION,ORDEN,DESOPERACION) 
VALUES(524,0,0,'EJECUTAR');
INSERT INTO config_acciones_operacione_tbl (ID_ACCION,ID_OPERACION,ORDEN,DESOPERACION) 
VALUES(526,0,0,'EJECUTAR');
INSERT INTO config_acciones_operacione_tbl (ID_ACCION,ID_OPERACION,ORDEN,DESOPERACION) 
VALUES(528,0,0,'EJECUTAR');
INSERT INTO config_acciones_operacione_tbl (ID_ACCION,ID_OPERACION,ORDEN,DESOPERACION) 
VALUES(529,0,0,'EJECUTAR');
INSERT INTO config_acciones_operacione_tbl (ID_ACCION,ID_OPERACION,ORDEN,DESOPERACION) 
VALUES(530,0,0,'EJECUTAR');
INSERT INTO config_acciones_operacione_tbl (ID_ACCION,ID_OPERACION,ORDEN,DESOPERACION) 
VALUES(531,0,0,'EJECUTAR');
INSERT INTO config_acciones_operacione_tbl (ID_ACCION,ID_OPERACION,ORDEN,DESOPERACION) 
VALUES(532,0,0,'EJECUTAR');
INSERT INTO config_acciones_operacione_tbl (ID_ACCION,ID_OPERACION,ORDEN,DESOPERACION) 
VALUES(533,0,0,'EJECUTAR');
INSERT INTO config_acciones_operacione_tbl (ID_ACCION,ID_OPERACION,ORDEN,DESOPERACION) 
VALUES(534,0,0,'EJECUTAR');
INSERT INTO config_acciones_operacione_tbl (ID_ACCION,ID_OPERACION,ORDEN,DESOPERACION) 
VALUES(535,0,0,'EJECUTAR');
INSERT INTO config_acciones_operacione_tbl (ID_ACCION,ID_OPERACION,ORDEN,DESOPERACION) 
VALUES(536,0,0,'EJECUTAR');
INSERT INTO config_acciones_operacione_tbl (ID_ACCION,ID_OPERACION,ORDEN,DESOPERACION) 
VALUES(537,0,0,'EJECUTAR');
INSERT INTO config_acciones_operacione_tbl (ID_ACCION,ID_OPERACION,ORDEN,DESOPERACION) 
VALUES(538,0,0,'EJECUTAR');
INSERT INTO config_acciones_operacione_tbl (ID_ACCION,ID_OPERACION,ORDEN,DESOPERACION) 
VALUES(539,0,0,'EJECUTAR');
INSERT INTO config_acciones_operacione_tbl (ID_ACCION,ID_OPERACION,ORDEN,DESOPERACION) 
VALUES(540,0,0,'EJECUTAR');
INSERT INTO config_acciones_operacione_tbl (ID_ACCION,ID_OPERACION,ORDEN,DESOPERACION) 
VALUES(541,0,0,'EJECUTAR');
INSERT INTO config_acciones_operacione_tbl (ID_ACCION,ID_OPERACION,ORDEN,DESOPERACION) 
VALUES(542,0,0,'EJECUTAR');
INSERT INTO config_acciones_operacione_tbl (ID_ACCION,ID_OPERACION,ORDEN,DESOPERACION) 
VALUES(543,0,0,'EJECUTAR');


-- config_acciones_permisos_tbl

INSERT INTO config_acciones_permisos_tbl (ID_ACCION,ID_OPERACION,ID_USUARIO,ID_PERFIL,ACCESO) 
VALUES(1,0,-1,0,2);
INSERT INTO config_acciones_permisos_tbl (ID_ACCION,ID_OPERACION,ID_USUARIO,ID_PERFIL,ACCESO) 
VALUES(1,0,-1,1,1);
INSERT INTO config_acciones_permisos_tbl (ID_ACCION,ID_OPERACION,ID_USUARIO,ID_PERFIL,ACCESO) 
VALUES(1,1,-1,0,2);
INSERT INTO config_acciones_permisos_tbl (ID_ACCION,ID_OPERACION,ID_USUARIO,ID_PERFIL,ACCESO) 
VALUES(1,1,-1,1,1);
INSERT INTO config_acciones_permisos_tbl (ID_ACCION,ID_OPERACION,ID_USUARIO,ID_PERFIL,ACCESO) 
VALUES(1,2,-1,0,2);
INSERT INTO config_acciones_permisos_tbl (ID_ACCION,ID_OPERACION,ID_USUARIO,ID_PERFIL,ACCESO) 
VALUES(1,2,-1,1,1);
INSERT INTO config_acciones_permisos_tbl (ID_ACCION,ID_OPERACION,ID_USUARIO,ID_PERFIL,ACCESO) 
VALUES(1,3,-1,0,2);
INSERT INTO config_acciones_permisos_tbl (ID_ACCION,ID_OPERACION,ID_USUARIO,ID_PERFIL,ACCESO) 
VALUES(1,3,-1,1,1);
INSERT INTO config_acciones_permisos_tbl (ID_ACCION,ID_OPERACION,ID_USUARIO,ID_PERFIL,ACCESO) 
VALUES(2,0,-1,0,2);
INSERT INTO config_acciones_permisos_tbl (ID_ACCION,ID_OPERACION,ID_USUARIO,ID_PERFIL,ACCESO) 
VALUES(2,0,-1,1,1);
INSERT INTO config_acciones_permisos_tbl (ID_ACCION,ID_OPERACION,ID_USUARIO,ID_PERFIL,ACCESO) 
VALUES(2,1,-1,0,2);
INSERT INTO config_acciones_permisos_tbl (ID_ACCION,ID_OPERACION,ID_USUARIO,ID_PERFIL,ACCESO) 
VALUES(2,1,-1,1,1);
INSERT INTO config_acciones_permisos_tbl (ID_ACCION,ID_OPERACION,ID_USUARIO,ID_PERFIL,ACCESO) 
VALUES(2,2,-1,0,2);
INSERT INTO config_acciones_permisos_tbl (ID_ACCION,ID_OPERACION,ID_USUARIO,ID_PERFIL,ACCESO) 
VALUES(2,2,-1,1,1);
INSERT INTO config_acciones_permisos_tbl (ID_ACCION,ID_OPERACION,ID_USUARIO,ID_PERFIL,ACCESO) 
VALUES(2,3,-1,0,2);
INSERT INTO config_acciones_permisos_tbl (ID_ACCION,ID_OPERACION,ID_USUARIO,ID_PERFIL,ACCESO) 
VALUES(2,3,-1,1,1);
INSERT INTO config_acciones_permisos_tbl (ID_ACCION,ID_OPERACION,ID_USUARIO,ID_PERFIL,ACCESO) 
VALUES(3,0,-1,0,2);
INSERT INTO config_acciones_permisos_tbl (ID_ACCION,ID_OPERACION,ID_USUARIO,ID_PERFIL,ACCESO) 
VALUES(3,0,-1,1,1);
INSERT INTO config_acciones_permisos_tbl (ID_ACCION,ID_OPERACION,ID_USUARIO,ID_PERFIL,ACCESO) 
VALUES(3,1,-1,0,2);
INSERT INTO config_acciones_permisos_tbl (ID_ACCION,ID_OPERACION,ID_USUARIO,ID_PERFIL,ACCESO) 
VALUES(3,1,-1,1,1);
INSERT INTO config_acciones_permisos_tbl (ID_ACCION,ID_OPERACION,ID_USUARIO,ID_PERFIL,ACCESO) 
VALUES(3,2,-1,0,2);
INSERT INTO config_acciones_permisos_tbl (ID_ACCION,ID_OPERACION,ID_USUARIO,ID_PERFIL,ACCESO) 
VALUES(3,2,-1,1,1);
INSERT INTO config_acciones_permisos_tbl (ID_ACCION,ID_OPERACION,ID_USUARIO,ID_PERFIL,ACCESO) 
VALUES(3,3,-1,0,2);
INSERT INTO config_acciones_permisos_tbl (ID_ACCION,ID_OPERACION,ID_USUARIO,ID_PERFIL,ACCESO) 
VALUES(3,3,-1,1,1);
INSERT INTO config_acciones_permisos_tbl (ID_ACCION,ID_OPERACION,ID_USUARIO,ID_PERFIL,ACCESO) 
VALUES(3,4,-1,0,2);
INSERT INTO config_acciones_permisos_tbl (ID_ACCION,ID_OPERACION,ID_USUARIO,ID_PERFIL,ACCESO) 
VALUES(3,4,-1,1,1);
INSERT INTO config_acciones_permisos_tbl (ID_ACCION,ID_OPERACION,ID_USUARIO,ID_PERFIL,ACCESO) 
VALUES(4,0,-1,0,2);
INSERT INTO config_acciones_permisos_tbl (ID_ACCION,ID_OPERACION,ID_USUARIO,ID_PERFIL,ACCESO) 
VALUES(4,0,-1,1,1);
INSERT INTO config_acciones_permisos_tbl (ID_ACCION,ID_OPERACION,ID_USUARIO,ID_PERFIL,ACCESO) 
VALUES(4,1,-1,0,2);
INSERT INTO config_acciones_permisos_tbl (ID_ACCION,ID_OPERACION,ID_USUARIO,ID_PERFIL,ACCESO) 
VALUES(4,1,-1,1,1);
INSERT INTO config_acciones_permisos_tbl (ID_ACCION,ID_OPERACION,ID_USUARIO,ID_PERFIL,ACCESO) 
VALUES(4,2,-1,0,2);
INSERT INTO config_acciones_permisos_tbl (ID_ACCION,ID_OPERACION,ID_USUARIO,ID_PERFIL,ACCESO) 
VALUES(4,2,-1,1,1);
INSERT INTO config_acciones_permisos_tbl (ID_ACCION,ID_OPERACION,ID_USUARIO,ID_PERFIL,ACCESO) 
VALUES(4,3,-1,0,2);
INSERT INTO config_acciones_permisos_tbl (ID_ACCION,ID_OPERACION,ID_USUARIO,ID_PERFIL,ACCESO) 
VALUES(4,3,-1,1,1);
INSERT INTO config_acciones_permisos_tbl (ID_ACCION,ID_OPERACION,ID_USUARIO,ID_PERFIL,ACCESO) 
VALUES(4,4,-1,0,2);
INSERT INTO config_acciones_permisos_tbl (ID_ACCION,ID_OPERACION,ID_USUARIO,ID_PERFIL,ACCESO) 
VALUES(4,4,-1,1,1);
INSERT INTO config_acciones_permisos_tbl (ID_ACCION,ID_OPERACION,ID_USUARIO,ID_PERFIL,ACCESO) 
VALUES(5,0,-1,0,2);
INSERT INTO config_acciones_permisos_tbl (ID_ACCION,ID_OPERACION,ID_USUARIO,ID_PERFIL,ACCESO) 
VALUES(5,0,-1,1,1);
INSERT INTO config_acciones_permisos_tbl (ID_ACCION,ID_OPERACION,ID_USUARIO,ID_PERFIL,ACCESO) 
VALUES(5,1,-1,0,2);
INSERT INTO config_acciones_permisos_tbl (ID_ACCION,ID_OPERACION,ID_USUARIO,ID_PERFIL,ACCESO) 
VALUES(5,1,-1,1,1);
INSERT INTO config_acciones_permisos_tbl (ID_ACCION,ID_OPERACION,ID_USUARIO,ID_PERFIL,ACCESO) 
VALUES(5,2,-1,0,2);
INSERT INTO config_acciones_permisos_tbl (ID_ACCION,ID_OPERACION,ID_USUARIO,ID_PERFIL,ACCESO) 
VALUES(5,2,-1,1,1);
INSERT INTO config_acciones_permisos_tbl (ID_ACCION,ID_OPERACION,ID_USUARIO,ID_PERFIL,ACCESO) 
VALUES(5,3,-1,0,2);
INSERT INTO config_acciones_permisos_tbl (ID_ACCION,ID_OPERACION,ID_USUARIO,ID_PERFIL,ACCESO) 
VALUES(5,3,-1,1,1);
INSERT INTO config_acciones_permisos_tbl (ID_ACCION,ID_OPERACION,ID_USUARIO,ID_PERFIL,ACCESO) 
VALUES(5,4,-1,0,2);
INSERT INTO config_acciones_permisos_tbl (ID_ACCION,ID_OPERACION,ID_USUARIO,ID_PERFIL,ACCESO) 
VALUES(5,4,-1,1,1);
INSERT INTO config_acciones_permisos_tbl (ID_ACCION,ID_OPERACION,ID_USUARIO,ID_PERFIL,ACCESO) 
VALUES(6,0,-1,0,2);
INSERT INTO config_acciones_permisos_tbl (ID_ACCION,ID_OPERACION,ID_USUARIO,ID_PERFIL,ACCESO) 
VALUES(6,0,-1,1,1);
INSERT INTO config_acciones_permisos_tbl (ID_ACCION,ID_OPERACION,ID_USUARIO,ID_PERFIL,ACCESO) 
VALUES(6,2,-1,0,2);
INSERT INTO config_acciones_permisos_tbl (ID_ACCION,ID_OPERACION,ID_USUARIO,ID_PERFIL,ACCESO) 
VALUES(6,2,-1,1,1);
INSERT INTO config_acciones_permisos_tbl (ID_ACCION,ID_OPERACION,ID_USUARIO,ID_PERFIL,ACCESO) 
VALUES(7,0,-1,0,2);
INSERT INTO config_acciones_permisos_tbl (ID_ACCION,ID_OPERACION,ID_USUARIO,ID_PERFIL,ACCESO) 
VALUES(7,0,-1,1,1);
INSERT INTO config_acciones_permisos_tbl (ID_ACCION,ID_OPERACION,ID_USUARIO,ID_PERFIL,ACCESO) 
VALUES(7,1,-1,0,2);
INSERT INTO config_acciones_permisos_tbl (ID_ACCION,ID_OPERACION,ID_USUARIO,ID_PERFIL,ACCESO) 
VALUES(7,1,-1,1,1);
INSERT INTO config_acciones_permisos_tbl (ID_ACCION,ID_OPERACION,ID_USUARIO,ID_PERFIL,ACCESO) 
VALUES(7,2,-1,0,2);
INSERT INTO config_acciones_permisos_tbl (ID_ACCION,ID_OPERACION,ID_USUARIO,ID_PERFIL,ACCESO) 
VALUES(7,2,-1,1,1);
INSERT INTO config_acciones_permisos_tbl (ID_ACCION,ID_OPERACION,ID_USUARIO,ID_PERFIL,ACCESO) 
VALUES(7,3,-1,0,2);
INSERT INTO config_acciones_permisos_tbl (ID_ACCION,ID_OPERACION,ID_USUARIO,ID_PERFIL,ACCESO) 
VALUES(7,3,-1,1,1);
INSERT INTO config_acciones_permisos_tbl (ID_ACCION,ID_OPERACION,ID_USUARIO,ID_PERFIL,ACCESO) 
VALUES(7,4,-1,0,2);
INSERT INTO config_acciones_permisos_tbl (ID_ACCION,ID_OPERACION,ID_USUARIO,ID_PERFIL,ACCESO) 
VALUES(7,4,-1,1,1);
INSERT INTO config_acciones_permisos_tbl (ID_ACCION,ID_OPERACION,ID_USUARIO,ID_PERFIL,ACCESO) 
VALUES(8,0,-1,0,2);
INSERT INTO config_acciones_permisos_tbl (ID_ACCION,ID_OPERACION,ID_USUARIO,ID_PERFIL,ACCESO) 
VALUES(8,0,-1,1,1);
INSERT INTO config_acciones_permisos_tbl (ID_ACCION,ID_OPERACION,ID_USUARIO,ID_PERFIL,ACCESO) 
VALUES(8,1,-1,0,2);
INSERT INTO config_acciones_permisos_tbl (ID_ACCION,ID_OPERACION,ID_USUARIO,ID_PERFIL,ACCESO) 
VALUES(8,1,-1,1,1);
INSERT INTO config_acciones_permisos_tbl (ID_ACCION,ID_OPERACION,ID_USUARIO,ID_PERFIL,ACCESO) 
VALUES(8,2,-1,0,2);
INSERT INTO config_acciones_permisos_tbl (ID_ACCION,ID_OPERACION,ID_USUARIO,ID_PERFIL,ACCESO) 
VALUES(8,2,-1,1,1);
INSERT INTO config_acciones_permisos_tbl (ID_ACCION,ID_OPERACION,ID_USUARIO,ID_PERFIL,ACCESO) 
VALUES(8,3,-1,0,2);
INSERT INTO config_acciones_permisos_tbl (ID_ACCION,ID_OPERACION,ID_USUARIO,ID_PERFIL,ACCESO) 
VALUES(8,3,-1,1,1);
INSERT INTO config_acciones_permisos_tbl (ID_ACCION,ID_OPERACION,ID_USUARIO,ID_PERFIL,ACCESO) 
VALUES(8,4,-1,0,2);
INSERT INTO config_acciones_permisos_tbl (ID_ACCION,ID_OPERACION,ID_USUARIO,ID_PERFIL,ACCESO) 
VALUES(8,4,-1,1,1);
INSERT INTO config_acciones_permisos_tbl (ID_ACCION,ID_OPERACION,ID_USUARIO,ID_PERFIL,ACCESO) 
VALUES(9,0,-1,0,2);
INSERT INTO config_acciones_permisos_tbl (ID_ACCION,ID_OPERACION,ID_USUARIO,ID_PERFIL,ACCESO) 
VALUES(9,0,-1,1,1);
INSERT INTO config_acciones_permisos_tbl (ID_ACCION,ID_OPERACION,ID_USUARIO,ID_PERFIL,ACCESO) 
VALUES(9,1,-1,0,2);
INSERT INTO config_acciones_permisos_tbl (ID_ACCION,ID_OPERACION,ID_USUARIO,ID_PERFIL,ACCESO) 
VALUES(9,1,-1,1,1);
INSERT INTO config_acciones_permisos_tbl (ID_ACCION,ID_OPERACION,ID_USUARIO,ID_PERFIL,ACCESO) 
VALUES(9,2,-1,0,2);
INSERT INTO config_acciones_permisos_tbl (ID_ACCION,ID_OPERACION,ID_USUARIO,ID_PERFIL,ACCESO) 
VALUES(9,2,-1,1,1);
INSERT INTO config_acciones_permisos_tbl (ID_ACCION,ID_OPERACION,ID_USUARIO,ID_PERFIL,ACCESO) 
VALUES(9,3,-1,0,2);
INSERT INTO config_acciones_permisos_tbl (ID_ACCION,ID_OPERACION,ID_USUARIO,ID_PERFIL,ACCESO) 
VALUES(9,3,-1,1,1);
INSERT INTO config_acciones_permisos_tbl (ID_ACCION,ID_OPERACION,ID_USUARIO,ID_PERFIL,ACCESO) 
VALUES(9,4,-1,0,2);
INSERT INTO config_acciones_permisos_tbl (ID_ACCION,ID_OPERACION,ID_USUARIO,ID_PERFIL,ACCESO) 
VALUES(9,4,-1,1,1);
INSERT INTO config_acciones_permisos_tbl (ID_ACCION,ID_OPERACION,ID_USUARIO,ID_PERFIL,ACCESO) 
VALUES(10,0,-1,0,2);
INSERT INTO config_acciones_permisos_tbl (ID_ACCION,ID_OPERACION,ID_USUARIO,ID_PERFIL,ACCESO) 
VALUES(10,0,-1,1,1);
INSERT INTO config_acciones_permisos_tbl (ID_ACCION,ID_OPERACION,ID_USUARIO,ID_PERFIL,ACCESO) 
VALUES(10,1,-1,0,2);
INSERT INTO config_acciones_permisos_tbl (ID_ACCION,ID_OPERACION,ID_USUARIO,ID_PERFIL,ACCESO) 
VALUES(10,1,-1,1,1);
INSERT INTO config_acciones_permisos_tbl (ID_ACCION,ID_OPERACION,ID_USUARIO,ID_PERFIL,ACCESO) 
VALUES(10,2,-1,0,2);
INSERT INTO config_acciones_permisos_tbl (ID_ACCION,ID_OPERACION,ID_USUARIO,ID_PERFIL,ACCESO) 
VALUES(10,2,-1,1,1);
INSERT INTO config_acciones_permisos_tbl (ID_ACCION,ID_OPERACION,ID_USUARIO,ID_PERFIL,ACCESO) 
VALUES(10,3,-1,0,2);
INSERT INTO config_acciones_permisos_tbl (ID_ACCION,ID_OPERACION,ID_USUARIO,ID_PERFIL,ACCESO) 
VALUES(10,3,-1,1,1);
INSERT INTO config_acciones_permisos_tbl (ID_ACCION,ID_OPERACION,ID_USUARIO,ID_PERFIL,ACCESO) 
VALUES(10,4,-1,0,2);
INSERT INTO config_acciones_permisos_tbl (ID_ACCION,ID_OPERACION,ID_USUARIO,ID_PERFIL,ACCESO) 
VALUES(10,4,-1,1,1);
INSERT INTO config_acciones_permisos_tbl (ID_ACCION,ID_OPERACION,ID_USUARIO,ID_PERFIL,ACCESO) 
VALUES(11,0,-1,0,2);
INSERT INTO config_acciones_permisos_tbl (ID_ACCION,ID_OPERACION,ID_USUARIO,ID_PERFIL,ACCESO) 
VALUES(11,0,-1,1,1);
INSERT INTO config_acciones_permisos_tbl (ID_ACCION,ID_OPERACION,ID_USUARIO,ID_PERFIL,ACCESO) 
VALUES(11,1,-1,0,2);
INSERT INTO config_acciones_permisos_tbl (ID_ACCION,ID_OPERACION,ID_USUARIO,ID_PERFIL,ACCESO) 
VALUES(11,1,-1,1,1);
INSERT INTO config_acciones_permisos_tbl (ID_ACCION,ID_OPERACION,ID_USUARIO,ID_PERFIL,ACCESO) 
VALUES(11,2,-1,0,2);
INSERT INTO config_acciones_permisos_tbl (ID_ACCION,ID_OPERACION,ID_USUARIO,ID_PERFIL,ACCESO) 
VALUES(11,2,-1,1,1);
INSERT INTO config_acciones_permisos_tbl (ID_ACCION,ID_OPERACION,ID_USUARIO,ID_PERFIL,ACCESO) 
VALUES(11,3,-1,0,2);
INSERT INTO config_acciones_permisos_tbl (ID_ACCION,ID_OPERACION,ID_USUARIO,ID_PERFIL,ACCESO) 
VALUES(11,3,-1,1,1);
INSERT INTO config_acciones_permisos_tbl (ID_ACCION,ID_OPERACION,ID_USUARIO,ID_PERFIL,ACCESO) 
VALUES(11,4,-1,0,2);
INSERT INTO config_acciones_permisos_tbl (ID_ACCION,ID_OPERACION,ID_USUARIO,ID_PERFIL,ACCESO) 
VALUES(11,4,-1,1,1);
INSERT INTO config_acciones_permisos_tbl (ID_ACCION,ID_OPERACION,ID_USUARIO,ID_PERFIL,ACCESO) 
VALUES(12,0,-1,0,2);
INSERT INTO config_acciones_permisos_tbl (ID_ACCION,ID_OPERACION,ID_USUARIO,ID_PERFIL,ACCESO) 
VALUES(12,0,-1,1,1);
INSERT INTO config_acciones_permisos_tbl (ID_ACCION,ID_OPERACION,ID_USUARIO,ID_PERFIL,ACCESO) 
VALUES(12,1,-1,0,2);
INSERT INTO config_acciones_permisos_tbl (ID_ACCION,ID_OPERACION,ID_USUARIO,ID_PERFIL,ACCESO) 
VALUES(12,1,-1,1,1);
INSERT INTO config_acciones_permisos_tbl (ID_ACCION,ID_OPERACION,ID_USUARIO,ID_PERFIL,ACCESO) 
VALUES(12,2,-1,0,2);
INSERT INTO config_acciones_permisos_tbl (ID_ACCION,ID_OPERACION,ID_USUARIO,ID_PERFIL,ACCESO) 
VALUES(12,2,-1,1,1);
INSERT INTO config_acciones_permisos_tbl (ID_ACCION,ID_OPERACION,ID_USUARIO,ID_PERFIL,ACCESO) 
VALUES(12,3,-1,0,2);
INSERT INTO config_acciones_permisos_tbl (ID_ACCION,ID_OPERACION,ID_USUARIO,ID_PERFIL,ACCESO) 
VALUES(12,3,-1,1,1);
INSERT INTO config_acciones_permisos_tbl (ID_ACCION,ID_OPERACION,ID_USUARIO,ID_PERFIL,ACCESO) 
VALUES(13,0,-1,0,2);
INSERT INTO config_acciones_permisos_tbl (ID_ACCION,ID_OPERACION,ID_USUARIO,ID_PERFIL,ACCESO) 
VALUES(13,0,-1,1,1);
INSERT INTO config_acciones_permisos_tbl (ID_ACCION,ID_OPERACION,ID_USUARIO,ID_PERFIL,ACCESO) 
VALUES(13,1,-1,0,2);
INSERT INTO config_acciones_permisos_tbl (ID_ACCION,ID_OPERACION,ID_USUARIO,ID_PERFIL,ACCESO) 
VALUES(13,1,-1,1,1);
INSERT INTO config_acciones_permisos_tbl (ID_ACCION,ID_OPERACION,ID_USUARIO,ID_PERFIL,ACCESO) 
VALUES(13,2,-1,0,2);
INSERT INTO config_acciones_permisos_tbl (ID_ACCION,ID_OPERACION,ID_USUARIO,ID_PERFIL,ACCESO) 
VALUES(13,2,-1,1,1);
INSERT INTO config_acciones_permisos_tbl (ID_ACCION,ID_OPERACION,ID_USUARIO,ID_PERFIL,ACCESO) 
VALUES(13,3,-1,0,2);
INSERT INTO config_acciones_permisos_tbl (ID_ACCION,ID_OPERACION,ID_USUARIO,ID_PERFIL,ACCESO) 
VALUES(13,3,-1,1,1);
INSERT INTO config_acciones_permisos_tbl (ID_ACCION,ID_OPERACION,ID_USUARIO,ID_PERFIL,ACCESO) 
VALUES(13,4,-1,0,2);
INSERT INTO config_acciones_permisos_tbl (ID_ACCION,ID_OPERACION,ID_USUARIO,ID_PERFIL,ACCESO) 
VALUES(13,4,-1,1,1);
INSERT INTO config_acciones_permisos_tbl (ID_ACCION,ID_OPERACION,ID_USUARIO,ID_PERFIL,ACCESO) 
VALUES(14,0,-1,0,2);
INSERT INTO config_acciones_permisos_tbl (ID_ACCION,ID_OPERACION,ID_USUARIO,ID_PERFIL,ACCESO) 
VALUES(14,0,-1,1,1);
INSERT INTO config_acciones_permisos_tbl (ID_ACCION,ID_OPERACION,ID_USUARIO,ID_PERFIL,ACCESO) 
VALUES(14,1,-1,0,2);
INSERT INTO config_acciones_permisos_tbl (ID_ACCION,ID_OPERACION,ID_USUARIO,ID_PERFIL,ACCESO) 
VALUES(14,1,-1,1,1);
INSERT INTO config_acciones_permisos_tbl (ID_ACCION,ID_OPERACION,ID_USUARIO,ID_PERFIL,ACCESO) 
VALUES(14,2,-1,0,2);
INSERT INTO config_acciones_permisos_tbl (ID_ACCION,ID_OPERACION,ID_USUARIO,ID_PERFIL,ACCESO) 
VALUES(14,2,-1,1,1);
INSERT INTO config_acciones_permisos_tbl (ID_ACCION,ID_OPERACION,ID_USUARIO,ID_PERFIL,ACCESO) 
VALUES(14,3,-1,0,2);
INSERT INTO config_acciones_permisos_tbl (ID_ACCION,ID_OPERACION,ID_USUARIO,ID_PERFIL,ACCESO) 
VALUES(14,3,-1,1,1);
INSERT INTO config_acciones_permisos_tbl (ID_ACCION,ID_OPERACION,ID_USUARIO,ID_PERFIL,ACCESO) 
VALUES(14,4,-1,0,2);
INSERT INTO config_acciones_permisos_tbl (ID_ACCION,ID_OPERACION,ID_USUARIO,ID_PERFIL,ACCESO) 
VALUES(14,4,-1,1,1);
INSERT INTO config_acciones_permisos_tbl (ID_ACCION,ID_OPERACION,ID_USUARIO,ID_PERFIL,ACCESO) 
VALUES(15,0,-1,0,2);
INSERT INTO config_acciones_permisos_tbl (ID_ACCION,ID_OPERACION,ID_USUARIO,ID_PERFIL,ACCESO) 
VALUES(15,0,-1,1,1);
INSERT INTO config_acciones_permisos_tbl (ID_ACCION,ID_OPERACION,ID_USUARIO,ID_PERFIL,ACCESO) 
VALUES(15,1,-1,0,2);
INSERT INTO config_acciones_permisos_tbl (ID_ACCION,ID_OPERACION,ID_USUARIO,ID_PERFIL,ACCESO) 
VALUES(15,1,-1,1,1);
INSERT INTO config_acciones_permisos_tbl (ID_ACCION,ID_OPERACION,ID_USUARIO,ID_PERFIL,ACCESO) 
VALUES(15,2,-1,0,2);
INSERT INTO config_acciones_permisos_tbl (ID_ACCION,ID_OPERACION,ID_USUARIO,ID_PERFIL,ACCESO) 
VALUES(15,2,-1,1,1);
INSERT INTO config_acciones_permisos_tbl (ID_ACCION,ID_OPERACION,ID_USUARIO,ID_PERFIL,ACCESO) 
VALUES(15,3,-1,0,2);
INSERT INTO config_acciones_permisos_tbl (ID_ACCION,ID_OPERACION,ID_USUARIO,ID_PERFIL,ACCESO) 
VALUES(15,3,-1,1,1);
INSERT INTO config_acciones_permisos_tbl (ID_ACCION,ID_OPERACION,ID_USUARIO,ID_PERFIL,ACCESO) 
VALUES(15,4,-1,0,2);
INSERT INTO config_acciones_permisos_tbl (ID_ACCION,ID_OPERACION,ID_USUARIO,ID_PERFIL,ACCESO) 
VALUES(15,4,-1,1,1);
INSERT INTO config_acciones_permisos_tbl (ID_ACCION,ID_OPERACION,ID_USUARIO,ID_PERFIL,ACCESO) 
VALUES(16,0,-1,0,2);
INSERT INTO config_acciones_permisos_tbl (ID_ACCION,ID_OPERACION,ID_USUARIO,ID_PERFIL,ACCESO) 
VALUES(16,0,-1,1,1);
INSERT INTO config_acciones_permisos_tbl (ID_ACCION,ID_OPERACION,ID_USUARIO,ID_PERFIL,ACCESO) 
VALUES(16,1,-1,0,2);
INSERT INTO config_acciones_permisos_tbl (ID_ACCION,ID_OPERACION,ID_USUARIO,ID_PERFIL,ACCESO) 
VALUES(16,1,-1,1,1);
INSERT INTO config_acciones_permisos_tbl (ID_ACCION,ID_OPERACION,ID_USUARIO,ID_PERFIL,ACCESO) 
VALUES(16,2,-1,0,2);
INSERT INTO config_acciones_permisos_tbl (ID_ACCION,ID_OPERACION,ID_USUARIO,ID_PERFIL,ACCESO) 
VALUES(16,2,-1,1,1);
INSERT INTO config_acciones_permisos_tbl (ID_ACCION,ID_OPERACION,ID_USUARIO,ID_PERFIL,ACCESO) 
VALUES(16,3,-1,0,2);
INSERT INTO config_acciones_permisos_tbl (ID_ACCION,ID_OPERACION,ID_USUARIO,ID_PERFIL,ACCESO) 
VALUES(16,3,-1,1,1);
INSERT INTO config_acciones_permisos_tbl (ID_ACCION,ID_OPERACION,ID_USUARIO,ID_PERFIL,ACCESO) 
VALUES(16,4,-1,0,2);
INSERT INTO config_acciones_permisos_tbl (ID_ACCION,ID_OPERACION,ID_USUARIO,ID_PERFIL,ACCESO) 
VALUES(16,4,-1,1,1);
INSERT INTO config_acciones_permisos_tbl (ID_ACCION,ID_OPERACION,ID_USUARIO,ID_PERFIL,ACCESO) 
VALUES(17,0,-1,0,2);
INSERT INTO config_acciones_permisos_tbl (ID_ACCION,ID_OPERACION,ID_USUARIO,ID_PERFIL,ACCESO) 
VALUES(17,0,-1,1,1);
INSERT INTO config_acciones_permisos_tbl (ID_ACCION,ID_OPERACION,ID_USUARIO,ID_PERFIL,ACCESO) 
VALUES(17,1,-1,0,2);
INSERT INTO config_acciones_permisos_tbl (ID_ACCION,ID_OPERACION,ID_USUARIO,ID_PERFIL,ACCESO) 
VALUES(17,1,-1,1,1);
INSERT INTO config_acciones_permisos_tbl (ID_ACCION,ID_OPERACION,ID_USUARIO,ID_PERFIL,ACCESO) 
VALUES(17,2,-1,0,2);
INSERT INTO config_acciones_permisos_tbl (ID_ACCION,ID_OPERACION,ID_USUARIO,ID_PERFIL,ACCESO) 
VALUES(17,2,-1,1,1);
INSERT INTO config_acciones_permisos_tbl (ID_ACCION,ID_OPERACION,ID_USUARIO,ID_PERFIL,ACCESO) 
VALUES(17,3,-1,0,2);
INSERT INTO config_acciones_permisos_tbl (ID_ACCION,ID_OPERACION,ID_USUARIO,ID_PERFIL,ACCESO) 
VALUES(17,3,-1,1,1);
INSERT INTO config_acciones_permisos_tbl (ID_ACCION,ID_OPERACION,ID_USUARIO,ID_PERFIL,ACCESO) 
VALUES(17,4,-1,0,2);
INSERT INTO config_acciones_permisos_tbl (ID_ACCION,ID_OPERACION,ID_USUARIO,ID_PERFIL,ACCESO) 
VALUES(17,4,-1,1,1);
INSERT INTO config_acciones_permisos_tbl (ID_ACCION,ID_OPERACION,ID_USUARIO,ID_PERFIL,ACCESO) 
VALUES(18,0,-1,0,2);
INSERT INTO config_acciones_permisos_tbl (ID_ACCION,ID_OPERACION,ID_USUARIO,ID_PERFIL,ACCESO) 
VALUES(18,0,-1,1,1);
INSERT INTO config_acciones_permisos_tbl (ID_ACCION,ID_OPERACION,ID_USUARIO,ID_PERFIL,ACCESO) 
VALUES(18,1,-1,0,2);
INSERT INTO config_acciones_permisos_tbl (ID_ACCION,ID_OPERACION,ID_USUARIO,ID_PERFIL,ACCESO) 
VALUES(18,1,-1,1,1);
INSERT INTO config_acciones_permisos_tbl (ID_ACCION,ID_OPERACION,ID_USUARIO,ID_PERFIL,ACCESO) 
VALUES(18,2,-1,0,2);
INSERT INTO config_acciones_permisos_tbl (ID_ACCION,ID_OPERACION,ID_USUARIO,ID_PERFIL,ACCESO) 
VALUES(18,2,-1,1,1);
INSERT INTO config_acciones_permisos_tbl (ID_ACCION,ID_OPERACION,ID_USUARIO,ID_PERFIL,ACCESO) 
VALUES(18,3,-1,0,2);
INSERT INTO config_acciones_permisos_tbl (ID_ACCION,ID_OPERACION,ID_USUARIO,ID_PERFIL,ACCESO) 
VALUES(18,3,-1,1,1);
INSERT INTO config_acciones_permisos_tbl (ID_ACCION,ID_OPERACION,ID_USUARIO,ID_PERFIL,ACCESO) 
VALUES(18,4,-1,0,2);
INSERT INTO config_acciones_permisos_tbl (ID_ACCION,ID_OPERACION,ID_USUARIO,ID_PERFIL,ACCESO) 
VALUES(18,4,-1,1,1);
INSERT INTO config_acciones_permisos_tbl (ID_ACCION,ID_OPERACION,ID_USUARIO,ID_PERFIL,ACCESO) 
VALUES(19,0,-1,0,2);
INSERT INTO config_acciones_permisos_tbl (ID_ACCION,ID_OPERACION,ID_USUARIO,ID_PERFIL,ACCESO) 
VALUES(19,0,-1,1,1);
INSERT INTO config_acciones_permisos_tbl (ID_ACCION,ID_OPERACION,ID_USUARIO,ID_PERFIL,ACCESO) 
VALUES(19,1,-1,0,2);
INSERT INTO config_acciones_permisos_tbl (ID_ACCION,ID_OPERACION,ID_USUARIO,ID_PERFIL,ACCESO) 
VALUES(19,1,-1,1,1);
INSERT INTO config_acciones_permisos_tbl (ID_ACCION,ID_OPERACION,ID_USUARIO,ID_PERFIL,ACCESO) 
VALUES(19,2,-1,0,2);
INSERT INTO config_acciones_permisos_tbl (ID_ACCION,ID_OPERACION,ID_USUARIO,ID_PERFIL,ACCESO) 
VALUES(19,2,-1,1,1);
INSERT INTO config_acciones_permisos_tbl (ID_ACCION,ID_OPERACION,ID_USUARIO,ID_PERFIL,ACCESO) 
VALUES(19,3,-1,0,2);
INSERT INTO config_acciones_permisos_tbl (ID_ACCION,ID_OPERACION,ID_USUARIO,ID_PERFIL,ACCESO) 
VALUES(19,3,-1,1,1);
INSERT INTO config_acciones_permisos_tbl (ID_ACCION,ID_OPERACION,ID_USUARIO,ID_PERFIL,ACCESO) 
VALUES(19,4,-1,0,2);
INSERT INTO config_acciones_permisos_tbl (ID_ACCION,ID_OPERACION,ID_USUARIO,ID_PERFIL,ACCESO) 
VALUES(19,4,-1,1,1);
INSERT INTO config_acciones_permisos_tbl (ID_ACCION,ID_OPERACION,ID_USUARIO,ID_PERFIL,ACCESO) 
VALUES(20,0,-1,0,2);
INSERT INTO config_acciones_permisos_tbl (ID_ACCION,ID_OPERACION,ID_USUARIO,ID_PERFIL,ACCESO) 
VALUES(20,0,-1,1,1);
INSERT INTO config_acciones_permisos_tbl (ID_ACCION,ID_OPERACION,ID_USUARIO,ID_PERFIL,ACCESO) 
VALUES(20,1,-1,0,2);
INSERT INTO config_acciones_permisos_tbl (ID_ACCION,ID_OPERACION,ID_USUARIO,ID_PERFIL,ACCESO) 
VALUES(20,1,-1,1,1);
INSERT INTO config_acciones_permisos_tbl (ID_ACCION,ID_OPERACION,ID_USUARIO,ID_PERFIL,ACCESO) 
VALUES(20,2,-1,0,2);
INSERT INTO config_acciones_permisos_tbl (ID_ACCION,ID_OPERACION,ID_USUARIO,ID_PERFIL,ACCESO) 
VALUES(20,2,-1,1,1);
INSERT INTO config_acciones_permisos_tbl (ID_ACCION,ID_OPERACION,ID_USUARIO,ID_PERFIL,ACCESO) 
VALUES(20,3,-1,0,2);
INSERT INTO config_acciones_permisos_tbl (ID_ACCION,ID_OPERACION,ID_USUARIO,ID_PERFIL,ACCESO) 
VALUES(20,3,-1,1,1);
INSERT INTO config_acciones_permisos_tbl (ID_ACCION,ID_OPERACION,ID_USUARIO,ID_PERFIL,ACCESO) 
VALUES(20,4,-1,0,2);
INSERT INTO config_acciones_permisos_tbl (ID_ACCION,ID_OPERACION,ID_USUARIO,ID_PERFIL,ACCESO) 
VALUES(20,4,-1,1,1);
INSERT INTO config_acciones_permisos_tbl (ID_ACCION,ID_OPERACION,ID_USUARIO,ID_PERFIL,ACCESO) 
VALUES(21,0,-1,0,2);
INSERT INTO config_acciones_permisos_tbl (ID_ACCION,ID_OPERACION,ID_USUARIO,ID_PERFIL,ACCESO) 
VALUES(21,0,-1,1,1);
INSERT INTO config_acciones_permisos_tbl (ID_ACCION,ID_OPERACION,ID_USUARIO,ID_PERFIL,ACCESO) 
VALUES(21,1,-1,0,2);
INSERT INTO config_acciones_permisos_tbl (ID_ACCION,ID_OPERACION,ID_USUARIO,ID_PERFIL,ACCESO) 
VALUES(21,1,-1,1,1);
INSERT INTO config_acciones_permisos_tbl (ID_ACCION,ID_OPERACION,ID_USUARIO,ID_PERFIL,ACCESO) 
VALUES(21,2,-1,0,2);
INSERT INTO config_acciones_permisos_tbl (ID_ACCION,ID_OPERACION,ID_USUARIO,ID_PERFIL,ACCESO) 
VALUES(21,2,-1,1,1);
INSERT INTO config_acciones_permisos_tbl (ID_ACCION,ID_OPERACION,ID_USUARIO,ID_PERFIL,ACCESO) 
VALUES(21,3,-1,0,2);
INSERT INTO config_acciones_permisos_tbl (ID_ACCION,ID_OPERACION,ID_USUARIO,ID_PERFIL,ACCESO) 
VALUES(21,3,-1,1,1);
INSERT INTO config_acciones_permisos_tbl (ID_ACCION,ID_OPERACION,ID_USUARIO,ID_PERFIL,ACCESO) 
VALUES(21,4,-1,0,2);
INSERT INTO config_acciones_permisos_tbl (ID_ACCION,ID_OPERACION,ID_USUARIO,ID_PERFIL,ACCESO) 
VALUES(21,4,-1,1,1);
INSERT INTO config_acciones_permisos_tbl (ID_ACCION,ID_OPERACION,ID_USUARIO,ID_PERFIL,ACCESO) 
VALUES(22,0,-1,0,2);
INSERT INTO config_acciones_permisos_tbl (ID_ACCION,ID_OPERACION,ID_USUARIO,ID_PERFIL,ACCESO) 
VALUES(22,0,-1,1,1);
INSERT INTO config_acciones_permisos_tbl (ID_ACCION,ID_OPERACION,ID_USUARIO,ID_PERFIL,ACCESO) 
VALUES(22,1,-1,0,2);
INSERT INTO config_acciones_permisos_tbl (ID_ACCION,ID_OPERACION,ID_USUARIO,ID_PERFIL,ACCESO) 
VALUES(22,1,-1,1,1);
INSERT INTO config_acciones_permisos_tbl (ID_ACCION,ID_OPERACION,ID_USUARIO,ID_PERFIL,ACCESO) 
VALUES(22,2,-1,0,2);
INSERT INTO config_acciones_permisos_tbl (ID_ACCION,ID_OPERACION,ID_USUARIO,ID_PERFIL,ACCESO) 
VALUES(22,2,-1,1,1);
INSERT INTO config_acciones_permisos_tbl (ID_ACCION,ID_OPERACION,ID_USUARIO,ID_PERFIL,ACCESO) 
VALUES(22,3,-1,0,2);
INSERT INTO config_acciones_permisos_tbl (ID_ACCION,ID_OPERACION,ID_USUARIO,ID_PERFIL,ACCESO) 
VALUES(22,3,-1,1,1);
INSERT INTO config_acciones_permisos_tbl (ID_ACCION,ID_OPERACION,ID_USUARIO,ID_PERFIL,ACCESO) 
VALUES(22,4,-1,0,2);
INSERT INTO config_acciones_permisos_tbl (ID_ACCION,ID_OPERACION,ID_USUARIO,ID_PERFIL,ACCESO) 
VALUES(22,4,-1,1,1);
INSERT INTO config_acciones_permisos_tbl (ID_ACCION,ID_OPERACION,ID_USUARIO,ID_PERFIL,ACCESO) 
VALUES(23,0,-1,0,2);
INSERT INTO config_acciones_permisos_tbl (ID_ACCION,ID_OPERACION,ID_USUARIO,ID_PERFIL,ACCESO) 
VALUES(23,0,-1,1,1);
INSERT INTO config_acciones_permisos_tbl (ID_ACCION,ID_OPERACION,ID_USUARIO,ID_PERFIL,ACCESO) 
VALUES(23,1,-1,0,2);
INSERT INTO config_acciones_permisos_tbl (ID_ACCION,ID_OPERACION,ID_USUARIO,ID_PERFIL,ACCESO) 
VALUES(23,1,-1,1,1);
INSERT INTO config_acciones_permisos_tbl (ID_ACCION,ID_OPERACION,ID_USUARIO,ID_PERFIL,ACCESO) 
VALUES(23,2,-1,0,2);
INSERT INTO config_acciones_permisos_tbl (ID_ACCION,ID_OPERACION,ID_USUARIO,ID_PERFIL,ACCESO) 
VALUES(23,2,-1,1,2);
INSERT INTO config_acciones_permisos_tbl (ID_ACCION,ID_OPERACION,ID_USUARIO,ID_PERFIL,ACCESO) 
VALUES(23,3,-1,0,2);
INSERT INTO config_acciones_permisos_tbl (ID_ACCION,ID_OPERACION,ID_USUARIO,ID_PERFIL,ACCESO) 
VALUES(23,3,-1,1,0);
INSERT INTO config_acciones_permisos_tbl (ID_ACCION,ID_OPERACION,ID_USUARIO,ID_PERFIL,ACCESO) 
VALUES(23,4,-1,0,2);
INSERT INTO config_acciones_permisos_tbl (ID_ACCION,ID_OPERACION,ID_USUARIO,ID_PERFIL,ACCESO) 
VALUES(23,4,-1,1,1);
INSERT INTO config_acciones_permisos_tbl (ID_ACCION,ID_OPERACION,ID_USUARIO,ID_PERFIL,ACCESO) 
VALUES(24,0,-1,0,2);
INSERT INTO config_acciones_permisos_tbl (ID_ACCION,ID_OPERACION,ID_USUARIO,ID_PERFIL,ACCESO) 
VALUES(24,0,-1,1,1);
INSERT INTO config_acciones_permisos_tbl (ID_ACCION,ID_OPERACION,ID_USUARIO,ID_PERFIL,ACCESO) 
VALUES(24,1,-1,0,2);
INSERT INTO config_acciones_permisos_tbl (ID_ACCION,ID_OPERACION,ID_USUARIO,ID_PERFIL,ACCESO) 
VALUES(24,1,-1,1,1);
INSERT INTO config_acciones_permisos_tbl (ID_ACCION,ID_OPERACION,ID_USUARIO,ID_PERFIL,ACCESO) 
VALUES(24,2,-1,0,2);
INSERT INTO config_acciones_permisos_tbl (ID_ACCION,ID_OPERACION,ID_USUARIO,ID_PERFIL,ACCESO) 
VALUES(24,2,-1,1,1);
INSERT INTO config_acciones_permisos_tbl (ID_ACCION,ID_OPERACION,ID_USUARIO,ID_PERFIL,ACCESO) 
VALUES(24,3,-1,0,2);
INSERT INTO config_acciones_permisos_tbl (ID_ACCION,ID_OPERACION,ID_USUARIO,ID_PERFIL,ACCESO) 
VALUES(24,3,-1,1,1);
INSERT INTO config_acciones_permisos_tbl (ID_ACCION,ID_OPERACION,ID_USUARIO,ID_PERFIL,ACCESO) 
VALUES(24,4,-1,0,2);
INSERT INTO config_acciones_permisos_tbl (ID_ACCION,ID_OPERACION,ID_USUARIO,ID_PERFIL,ACCESO) 
VALUES(24,4,-1,1,1);
INSERT INTO config_acciones_permisos_tbl (ID_ACCION,ID_OPERACION,ID_USUARIO,ID_PERFIL,ACCESO) 
VALUES(25,0,-1,0,2);
INSERT INTO config_acciones_permisos_tbl (ID_ACCION,ID_OPERACION,ID_USUARIO,ID_PERFIL,ACCESO) 
VALUES(25,0,-1,1,1);
INSERT INTO config_acciones_permisos_tbl (ID_ACCION,ID_OPERACION,ID_USUARIO,ID_PERFIL,ACCESO) 
VALUES(25,1,-1,0,2);
INSERT INTO config_acciones_permisos_tbl (ID_ACCION,ID_OPERACION,ID_USUARIO,ID_PERFIL,ACCESO) 
VALUES(25,1,-1,1,1);
INSERT INTO config_acciones_permisos_tbl (ID_ACCION,ID_OPERACION,ID_USUARIO,ID_PERFIL,ACCESO) 
VALUES(25,2,-1,0,2);
INSERT INTO config_acciones_permisos_tbl (ID_ACCION,ID_OPERACION,ID_USUARIO,ID_PERFIL,ACCESO) 
VALUES(25,2,-1,1,1);
INSERT INTO config_acciones_permisos_tbl (ID_ACCION,ID_OPERACION,ID_USUARIO,ID_PERFIL,ACCESO) 
VALUES(25,3,-1,0,2);
INSERT INTO config_acciones_permisos_tbl (ID_ACCION,ID_OPERACION,ID_USUARIO,ID_PERFIL,ACCESO) 
VALUES(25,3,-1,1,1);
INSERT INTO config_acciones_permisos_tbl (ID_ACCION,ID_OPERACION,ID_USUARIO,ID_PERFIL,ACCESO) 
VALUES(25,4,-1,0,2);
INSERT INTO config_acciones_permisos_tbl (ID_ACCION,ID_OPERACION,ID_USUARIO,ID_PERFIL,ACCESO) 
VALUES(25,4,-1,1,1);
INSERT INTO config_acciones_permisos_tbl (ID_ACCION,ID_OPERACION,ID_USUARIO,ID_PERFIL,ACCESO) 
VALUES(26,0,-1,0,2);
INSERT INTO config_acciones_permisos_tbl (ID_ACCION,ID_OPERACION,ID_USUARIO,ID_PERFIL,ACCESO) 
VALUES(26,0,-1,1,1);
INSERT INTO config_acciones_permisos_tbl (ID_ACCION,ID_OPERACION,ID_USUARIO,ID_PERFIL,ACCESO) 
VALUES(26,1,-1,0,2);
INSERT INTO config_acciones_permisos_tbl (ID_ACCION,ID_OPERACION,ID_USUARIO,ID_PERFIL,ACCESO) 
VALUES(26,1,-1,1,1);
INSERT INTO config_acciones_permisos_tbl (ID_ACCION,ID_OPERACION,ID_USUARIO,ID_PERFIL,ACCESO) 
VALUES(26,2,-1,0,2);
INSERT INTO config_acciones_permisos_tbl (ID_ACCION,ID_OPERACION,ID_USUARIO,ID_PERFIL,ACCESO) 
VALUES(26,2,-1,1,1);
INSERT INTO config_acciones_permisos_tbl (ID_ACCION,ID_OPERACION,ID_USUARIO,ID_PERFIL,ACCESO) 
VALUES(26,3,-1,0,2);
INSERT INTO config_acciones_permisos_tbl (ID_ACCION,ID_OPERACION,ID_USUARIO,ID_PERFIL,ACCESO) 
VALUES(26,3,-1,1,1);
INSERT INTO config_acciones_permisos_tbl (ID_ACCION,ID_OPERACION,ID_USUARIO,ID_PERFIL,ACCESO) 
VALUES(26,4,-1,0,2);
INSERT INTO config_acciones_permisos_tbl (ID_ACCION,ID_OPERACION,ID_USUARIO,ID_PERFIL,ACCESO) 
VALUES(26,4,-1,1,1);
INSERT INTO config_acciones_permisos_tbl (ID_ACCION,ID_OPERACION,ID_USUARIO,ID_PERFIL,ACCESO) 
VALUES(27,0,-1,0,2);
INSERT INTO config_acciones_permisos_tbl (ID_ACCION,ID_OPERACION,ID_USUARIO,ID_PERFIL,ACCESO) 
VALUES(27,0,-1,1,1);
INSERT INTO config_acciones_permisos_tbl (ID_ACCION,ID_OPERACION,ID_USUARIO,ID_PERFIL,ACCESO) 
VALUES(27,1,-1,0,2);
INSERT INTO config_acciones_permisos_tbl (ID_ACCION,ID_OPERACION,ID_USUARIO,ID_PERFIL,ACCESO) 
VALUES(27,1,-1,1,1);
INSERT INTO config_acciones_permisos_tbl (ID_ACCION,ID_OPERACION,ID_USUARIO,ID_PERFIL,ACCESO) 
VALUES(27,2,-1,0,2);
INSERT INTO config_acciones_permisos_tbl (ID_ACCION,ID_OPERACION,ID_USUARIO,ID_PERFIL,ACCESO) 
VALUES(27,2,-1,1,1);
INSERT INTO config_acciones_permisos_tbl (ID_ACCION,ID_OPERACION,ID_USUARIO,ID_PERFIL,ACCESO) 
VALUES(27,3,-1,0,2);
INSERT INTO config_acciones_permisos_tbl (ID_ACCION,ID_OPERACION,ID_USUARIO,ID_PERFIL,ACCESO) 
VALUES(27,3,-1,1,1);
INSERT INTO config_acciones_permisos_tbl (ID_ACCION,ID_OPERACION,ID_USUARIO,ID_PERFIL,ACCESO) 
VALUES(27,4,-1,0,2);
INSERT INTO config_acciones_permisos_tbl (ID_ACCION,ID_OPERACION,ID_USUARIO,ID_PERFIL,ACCESO) 
VALUES(27,4,-1,1,1);
INSERT INTO config_acciones_permisos_tbl (ID_ACCION,ID_OPERACION,ID_USUARIO,ID_PERFIL,ACCESO) 
VALUES(28,0,-1,0,2);
INSERT INTO config_acciones_permisos_tbl (ID_ACCION,ID_OPERACION,ID_USUARIO,ID_PERFIL,ACCESO) 
VALUES(28,0,-1,1,1);
INSERT INTO config_acciones_permisos_tbl (ID_ACCION,ID_OPERACION,ID_USUARIO,ID_PERFIL,ACCESO) 
VALUES(28,1,-1,0,2);
INSERT INTO config_acciones_permisos_tbl (ID_ACCION,ID_OPERACION,ID_USUARIO,ID_PERFIL,ACCESO) 
VALUES(28,1,-1,1,1);
INSERT INTO config_acciones_permisos_tbl (ID_ACCION,ID_OPERACION,ID_USUARIO,ID_PERFIL,ACCESO) 
VALUES(28,2,-1,0,2);
INSERT INTO config_acciones_permisos_tbl (ID_ACCION,ID_OPERACION,ID_USUARIO,ID_PERFIL,ACCESO) 
VALUES(28,2,-1,1,1);
INSERT INTO config_acciones_permisos_tbl (ID_ACCION,ID_OPERACION,ID_USUARIO,ID_PERFIL,ACCESO) 
VALUES(28,3,-1,0,2);
INSERT INTO config_acciones_permisos_tbl (ID_ACCION,ID_OPERACION,ID_USUARIO,ID_PERFIL,ACCESO) 
VALUES(28,3,-1,1,1);
INSERT INTO config_acciones_permisos_tbl (ID_ACCION,ID_OPERACION,ID_USUARIO,ID_PERFIL,ACCESO) 
VALUES(29,0,-1,0,2);
INSERT INTO config_acciones_permisos_tbl (ID_ACCION,ID_OPERACION,ID_USUARIO,ID_PERFIL,ACCESO) 
VALUES(29,0,-1,1,1);
INSERT INTO config_acciones_permisos_tbl (ID_ACCION,ID_OPERACION,ID_USUARIO,ID_PERFIL,ACCESO) 
VALUES(29,1,-1,0,2);
INSERT INTO config_acciones_permisos_tbl (ID_ACCION,ID_OPERACION,ID_USUARIO,ID_PERFIL,ACCESO) 
VALUES(29,1,-1,1,1);
INSERT INTO config_acciones_permisos_tbl (ID_ACCION,ID_OPERACION,ID_USUARIO,ID_PERFIL,ACCESO) 
VALUES(30,0,-1,0,2);
INSERT INTO config_acciones_permisos_tbl (ID_ACCION,ID_OPERACION,ID_USUARIO,ID_PERFIL,ACCESO) 
VALUES(30,0,-1,1,1);
INSERT INTO config_acciones_permisos_tbl (ID_ACCION,ID_OPERACION,ID_USUARIO,ID_PERFIL,ACCESO) 
VALUES(31,0,-1,0,2);
INSERT INTO config_acciones_permisos_tbl (ID_ACCION,ID_OPERACION,ID_USUARIO,ID_PERFIL,ACCESO) 
VALUES(31,0,-1,1,0);
INSERT INTO config_acciones_permisos_tbl (ID_ACCION,ID_OPERACION,ID_USUARIO,ID_PERFIL,ACCESO) 
VALUES(31,2,-1,0,2);
INSERT INTO config_acciones_permisos_tbl (ID_ACCION,ID_OPERACION,ID_USUARIO,ID_PERFIL,ACCESO) 
VALUES(31,2,-1,1,0);
INSERT INTO config_acciones_permisos_tbl (ID_ACCION,ID_OPERACION,ID_USUARIO,ID_PERFIL,ACCESO) 
VALUES(31,3,-1,0,2);
INSERT INTO config_acciones_permisos_tbl (ID_ACCION,ID_OPERACION,ID_USUARIO,ID_PERFIL,ACCESO) 
VALUES(31,3,-1,1,0);
INSERT INTO config_acciones_permisos_tbl (ID_ACCION,ID_OPERACION,ID_USUARIO,ID_PERFIL,ACCESO) 
VALUES(32,0,-1,0,2);
INSERT INTO config_acciones_permisos_tbl (ID_ACCION,ID_OPERACION,ID_USUARIO,ID_PERFIL,ACCESO) 
VALUES(32,0,-1,1,1);
INSERT INTO config_acciones_permisos_tbl (ID_ACCION,ID_OPERACION,ID_USUARIO,ID_PERFIL,ACCESO) 
VALUES(33,0,-1,0,2);
INSERT INTO config_acciones_permisos_tbl (ID_ACCION,ID_OPERACION,ID_USUARIO,ID_PERFIL,ACCESO) 
VALUES(33,0,-1,1,1);
INSERT INTO config_acciones_permisos_tbl (ID_ACCION,ID_OPERACION,ID_USUARIO,ID_PERFIL,ACCESO) 
VALUES(33,1,-1,0,2);
INSERT INTO config_acciones_permisos_tbl (ID_ACCION,ID_OPERACION,ID_USUARIO,ID_PERFIL,ACCESO) 
VALUES(33,1,-1,1,1);
INSERT INTO config_acciones_permisos_tbl (ID_ACCION,ID_OPERACION,ID_USUARIO,ID_PERFIL,ACCESO) 
VALUES(33,2,-1,0,2);
INSERT INTO config_acciones_permisos_tbl (ID_ACCION,ID_OPERACION,ID_USUARIO,ID_PERFIL,ACCESO) 
VALUES(33,2,-1,1,1);
INSERT INTO config_acciones_permisos_tbl (ID_ACCION,ID_OPERACION,ID_USUARIO,ID_PERFIL,ACCESO) 
VALUES(33,3,-1,0,2);
INSERT INTO config_acciones_permisos_tbl (ID_ACCION,ID_OPERACION,ID_USUARIO,ID_PERFIL,ACCESO) 
VALUES(33,3,-1,1,1);
INSERT INTO config_acciones_permisos_tbl (ID_ACCION,ID_OPERACION,ID_USUARIO,ID_PERFIL,ACCESO) 
VALUES(34,0,-1,0,2);
INSERT INTO config_acciones_permisos_tbl (ID_ACCION,ID_OPERACION,ID_USUARIO,ID_PERFIL,ACCESO) 
VALUES(34,0,-1,1,1);
INSERT INTO config_acciones_permisos_tbl (ID_ACCION,ID_OPERACION,ID_USUARIO,ID_PERFIL,ACCESO) 
VALUES(34,1,-1,0,2);
INSERT INTO config_acciones_permisos_tbl (ID_ACCION,ID_OPERACION,ID_USUARIO,ID_PERFIL,ACCESO) 
VALUES(34,1,-1,1,1);
INSERT INTO config_acciones_permisos_tbl (ID_ACCION,ID_OPERACION,ID_USUARIO,ID_PERFIL,ACCESO) 
VALUES(34,2,-1,0,2);
INSERT INTO config_acciones_permisos_tbl (ID_ACCION,ID_OPERACION,ID_USUARIO,ID_PERFIL,ACCESO) 
VALUES(34,2,-1,1,1);
INSERT INTO config_acciones_permisos_tbl (ID_ACCION,ID_OPERACION,ID_USUARIO,ID_PERFIL,ACCESO) 
VALUES(34,3,-1,0,2);
INSERT INTO config_acciones_permisos_tbl (ID_ACCION,ID_OPERACION,ID_USUARIO,ID_PERFIL,ACCESO) 
VALUES(34,3,-1,1,1);
INSERT INTO config_acciones_permisos_tbl (ID_ACCION,ID_OPERACION,ID_USUARIO,ID_PERFIL,ACCESO) 
VALUES(34,4,-1,0,2);
INSERT INTO config_acciones_permisos_tbl (ID_ACCION,ID_OPERACION,ID_USUARIO,ID_PERFIL,ACCESO) 
VALUES(34,4,-1,1,1);
INSERT INTO config_acciones_permisos_tbl (ID_ACCION,ID_OPERACION,ID_USUARIO,ID_PERFIL,ACCESO) 
VALUES(35,0,-1,0,2);
INSERT INTO config_acciones_permisos_tbl (ID_ACCION,ID_OPERACION,ID_USUARIO,ID_PERFIL,ACCESO) 
VALUES(35,0,-1,1,1);
INSERT INTO config_acciones_permisos_tbl (ID_ACCION,ID_OPERACION,ID_USUARIO,ID_PERFIL,ACCESO) 
VALUES(36,0,-1,0,2);
INSERT INTO config_acciones_permisos_tbl (ID_ACCION,ID_OPERACION,ID_USUARIO,ID_PERFIL,ACCESO) 
VALUES(36,0,-1,1,1);
INSERT INTO config_acciones_permisos_tbl (ID_ACCION,ID_OPERACION,ID_USUARIO,ID_PERFIL,ACCESO) 
VALUES(37,0,-1,0,2);
INSERT INTO config_acciones_permisos_tbl (ID_ACCION,ID_OPERACION,ID_USUARIO,ID_PERFIL,ACCESO) 
VALUES(37,0,-1,1,1);
INSERT INTO config_acciones_permisos_tbl (ID_ACCION,ID_OPERACION,ID_USUARIO,ID_PERFIL,ACCESO) 
VALUES(37,1,-1,0,2);
INSERT INTO config_acciones_permisos_tbl (ID_ACCION,ID_OPERACION,ID_USUARIO,ID_PERFIL,ACCESO) 
VALUES(37,1,-1,1,1);
INSERT INTO config_acciones_permisos_tbl (ID_ACCION,ID_OPERACION,ID_USUARIO,ID_PERFIL,ACCESO) 
VALUES(37,2,-1,0,2);
INSERT INTO config_acciones_permisos_tbl (ID_ACCION,ID_OPERACION,ID_USUARIO,ID_PERFIL,ACCESO) 
VALUES(37,2,-1,1,1);
INSERT INTO config_acciones_permisos_tbl (ID_ACCION,ID_OPERACION,ID_USUARIO,ID_PERFIL,ACCESO) 
VALUES(37,3,-1,0,2);
INSERT INTO config_acciones_permisos_tbl (ID_ACCION,ID_OPERACION,ID_USUARIO,ID_PERFIL,ACCESO) 
VALUES(37,3,-1,1,1);
INSERT INTO config_acciones_permisos_tbl (ID_ACCION,ID_OPERACION,ID_USUARIO,ID_PERFIL,ACCESO) 
VALUES(37,4,-1,0,2);
INSERT INTO config_acciones_permisos_tbl (ID_ACCION,ID_OPERACION,ID_USUARIO,ID_PERFIL,ACCESO) 
VALUES(37,4,-1,1,1);
INSERT INTO config_acciones_permisos_tbl (ID_ACCION,ID_OPERACION,ID_USUARIO,ID_PERFIL,ACCESO) 
VALUES(38,0,-1,0,2);
INSERT INTO config_acciones_permisos_tbl (ID_ACCION,ID_OPERACION,ID_USUARIO,ID_PERFIL,ACCESO) 
VALUES(38,0,-1,1,1);
INSERT INTO config_acciones_permisos_tbl (ID_ACCION,ID_OPERACION,ID_USUARIO,ID_PERFIL,ACCESO) 
VALUES(38,1,-1,0,2);
INSERT INTO config_acciones_permisos_tbl (ID_ACCION,ID_OPERACION,ID_USUARIO,ID_PERFIL,ACCESO) 
VALUES(38,1,-1,1,1);
INSERT INTO config_acciones_permisos_tbl (ID_ACCION,ID_OPERACION,ID_USUARIO,ID_PERFIL,ACCESO) 
VALUES(38,2,-1,0,2);
INSERT INTO config_acciones_permisos_tbl (ID_ACCION,ID_OPERACION,ID_USUARIO,ID_PERFIL,ACCESO) 
VALUES(38,2,-1,1,1);
INSERT INTO config_acciones_permisos_tbl (ID_ACCION,ID_OPERACION,ID_USUARIO,ID_PERFIL,ACCESO) 
VALUES(38,3,-1,0,2);
INSERT INTO config_acciones_permisos_tbl (ID_ACCION,ID_OPERACION,ID_USUARIO,ID_PERFIL,ACCESO) 
VALUES(38,3,-1,1,1);
INSERT INTO config_acciones_permisos_tbl (ID_ACCION,ID_OPERACION,ID_USUARIO,ID_PERFIL,ACCESO) 
VALUES(38,4,-1,0,2);
INSERT INTO config_acciones_permisos_tbl (ID_ACCION,ID_OPERACION,ID_USUARIO,ID_PERFIL,ACCESO) 
VALUES(38,4,-1,1,1);
INSERT INTO config_acciones_permisos_tbl (ID_ACCION,ID_OPERACION,ID_USUARIO,ID_PERFIL,ACCESO) 
VALUES(39,0,-1,0,2);
INSERT INTO config_acciones_permisos_tbl (ID_ACCION,ID_OPERACION,ID_USUARIO,ID_PERFIL,ACCESO) 
VALUES(39,0,-1,1,1);
INSERT INTO config_acciones_permisos_tbl (ID_ACCION,ID_OPERACION,ID_USUARIO,ID_PERFIL,ACCESO) 
VALUES(40,0,-1,0,2);
INSERT INTO config_acciones_permisos_tbl (ID_ACCION,ID_OPERACION,ID_USUARIO,ID_PERFIL,ACCESO) 
VALUES(40,0,-1,1,1);
INSERT INTO config_acciones_permisos_tbl (ID_ACCION,ID_OPERACION,ID_USUARIO,ID_PERFIL,ACCESO) 
VALUES(41,0,-1,0,2);
INSERT INTO config_acciones_permisos_tbl (ID_ACCION,ID_OPERACION,ID_USUARIO,ID_PERFIL,ACCESO) 
VALUES(41,0,-1,1,1);
INSERT INTO config_acciones_permisos_tbl (ID_ACCION,ID_OPERACION,ID_USUARIO,ID_PERFIL,ACCESO) 
VALUES(42,0,-1,0,2);
INSERT INTO config_acciones_permisos_tbl (ID_ACCION,ID_OPERACION,ID_USUARIO,ID_PERFIL,ACCESO) 
VALUES(42,0,-1,1,1);
INSERT INTO config_acciones_permisos_tbl (ID_ACCION,ID_OPERACION,ID_USUARIO,ID_PERFIL,ACCESO) 
VALUES(42,1,-1,0,2);
INSERT INTO config_acciones_permisos_tbl (ID_ACCION,ID_OPERACION,ID_USUARIO,ID_PERFIL,ACCESO) 
VALUES(42,1,-1,1,1);
INSERT INTO config_acciones_permisos_tbl (ID_ACCION,ID_OPERACION,ID_USUARIO,ID_PERFIL,ACCESO) 
VALUES(42,2,-1,0,2);
INSERT INTO config_acciones_permisos_tbl (ID_ACCION,ID_OPERACION,ID_USUARIO,ID_PERFIL,ACCESO) 
VALUES(42,2,-1,1,1);
INSERT INTO config_acciones_permisos_tbl (ID_ACCION,ID_OPERACION,ID_USUARIO,ID_PERFIL,ACCESO) 
VALUES(42,3,-1,0,2);
INSERT INTO config_acciones_permisos_tbl (ID_ACCION,ID_OPERACION,ID_USUARIO,ID_PERFIL,ACCESO) 
VALUES(42,3,-1,1,1);
INSERT INTO config_acciones_permisos_tbl (ID_ACCION,ID_OPERACION,ID_USUARIO,ID_PERFIL,ACCESO) 
VALUES(43,0,-1,0,2);
INSERT INTO config_acciones_permisos_tbl (ID_ACCION,ID_OPERACION,ID_USUARIO,ID_PERFIL,ACCESO) 
VALUES(43,0,-1,1,1);
INSERT INTO config_acciones_permisos_tbl (ID_ACCION,ID_OPERACION,ID_USUARIO,ID_PERFIL,ACCESO) 
VALUES(44,0,-1,0,2);
INSERT INTO config_acciones_permisos_tbl (ID_ACCION,ID_OPERACION,ID_USUARIO,ID_PERFIL,ACCESO) 
VALUES(44,0,-1,1,1);
INSERT INTO config_acciones_permisos_tbl (ID_ACCION,ID_OPERACION,ID_USUARIO,ID_PERFIL,ACCESO) 
VALUES(44,1,-1,0,2);
INSERT INTO config_acciones_permisos_tbl (ID_ACCION,ID_OPERACION,ID_USUARIO,ID_PERFIL,ACCESO) 
VALUES(44,1,-1,1,1);
INSERT INTO config_acciones_permisos_tbl (ID_ACCION,ID_OPERACION,ID_USUARIO,ID_PERFIL,ACCESO) 
VALUES(45,0,-1,0,2);
INSERT INTO config_acciones_permisos_tbl (ID_ACCION,ID_OPERACION,ID_USUARIO,ID_PERFIL,ACCESO) 
VALUES(45,0,-1,1,1);
INSERT INTO config_acciones_permisos_tbl (ID_ACCION,ID_OPERACION,ID_USUARIO,ID_PERFIL,ACCESO) 
VALUES(45,1,-1,0,2);
INSERT INTO config_acciones_permisos_tbl (ID_ACCION,ID_OPERACION,ID_USUARIO,ID_PERFIL,ACCESO) 
VALUES(45,1,-1,1,1);
INSERT INTO config_acciones_permisos_tbl (ID_ACCION,ID_OPERACION,ID_USUARIO,ID_PERFIL,ACCESO) 
VALUES(45,2,-1,0,2);
INSERT INTO config_acciones_permisos_tbl (ID_ACCION,ID_OPERACION,ID_USUARIO,ID_PERFIL,ACCESO) 
VALUES(45,2,-1,1,1);
INSERT INTO config_acciones_permisos_tbl (ID_ACCION,ID_OPERACION,ID_USUARIO,ID_PERFIL,ACCESO) 
VALUES(46,0,-1,0,2);
INSERT INTO config_acciones_permisos_tbl (ID_ACCION,ID_OPERACION,ID_USUARIO,ID_PERFIL,ACCESO) 
VALUES(46,0,-1,1,1);
INSERT INTO config_acciones_permisos_tbl (ID_ACCION,ID_OPERACION,ID_USUARIO,ID_PERFIL,ACCESO) 
VALUES(47,0,-1,0,2);
INSERT INTO config_acciones_permisos_tbl (ID_ACCION,ID_OPERACION,ID_USUARIO,ID_PERFIL,ACCESO) 
VALUES(47,0,-1,1,1);
INSERT INTO config_acciones_permisos_tbl (ID_ACCION,ID_OPERACION,ID_USUARIO,ID_PERFIL,ACCESO) 
VALUES(47,1,-1,0,2);
INSERT INTO config_acciones_permisos_tbl (ID_ACCION,ID_OPERACION,ID_USUARIO,ID_PERFIL,ACCESO) 
VALUES(47,1,-1,1,1);
INSERT INTO config_acciones_permisos_tbl (ID_ACCION,ID_OPERACION,ID_USUARIO,ID_PERFIL,ACCESO) 
VALUES(47,2,-1,0,2);
INSERT INTO config_acciones_permisos_tbl (ID_ACCION,ID_OPERACION,ID_USUARIO,ID_PERFIL,ACCESO) 
VALUES(47,2,-1,1,1);
INSERT INTO config_acciones_permisos_tbl (ID_ACCION,ID_OPERACION,ID_USUARIO,ID_PERFIL,ACCESO) 
VALUES(47,3,-1,0,2);
INSERT INTO config_acciones_permisos_tbl (ID_ACCION,ID_OPERACION,ID_USUARIO,ID_PERFIL,ACCESO) 
VALUES(48,0,-1,0,2);
INSERT INTO config_acciones_permisos_tbl (ID_ACCION,ID_OPERACION,ID_USUARIO,ID_PERFIL,ACCESO) 
VALUES(48,0,-1,1,1);
INSERT INTO config_acciones_permisos_tbl (ID_ACCION,ID_OPERACION,ID_USUARIO,ID_PERFIL,ACCESO) 
VALUES(48,1,-1,0,2);
INSERT INTO config_acciones_permisos_tbl (ID_ACCION,ID_OPERACION,ID_USUARIO,ID_PERFIL,ACCESO) 
VALUES(48,1,-1,1,1);
INSERT INTO config_acciones_permisos_tbl (ID_ACCION,ID_OPERACION,ID_USUARIO,ID_PERFIL,ACCESO) 
VALUES(49,0,-1,0,2);
INSERT INTO config_acciones_permisos_tbl (ID_ACCION,ID_OPERACION,ID_USUARIO,ID_PERFIL,ACCESO) 
VALUES(49,0,-1,1,1);
INSERT INTO config_acciones_permisos_tbl (ID_ACCION,ID_OPERACION,ID_USUARIO,ID_PERFIL,ACCESO) 
VALUES(49,1,-1,0,2);
INSERT INTO config_acciones_permisos_tbl (ID_ACCION,ID_OPERACION,ID_USUARIO,ID_PERFIL,ACCESO) 
VALUES(49,1,-1,1,1);
INSERT INTO config_acciones_permisos_tbl (ID_ACCION,ID_OPERACION,ID_USUARIO,ID_PERFIL,ACCESO) 
VALUES(49,2,-1,0,2);
INSERT INTO config_acciones_permisos_tbl (ID_ACCION,ID_OPERACION,ID_USUARIO,ID_PERFIL,ACCESO) 
VALUES(49,2,-1,1,1);
INSERT INTO config_acciones_permisos_tbl (ID_ACCION,ID_OPERACION,ID_USUARIO,ID_PERFIL,ACCESO) 
VALUES(49,3,-1,0,2);
INSERT INTO config_acciones_permisos_tbl (ID_ACCION,ID_OPERACION,ID_USUARIO,ID_PERFIL,ACCESO) 
VALUES(49,3,-1,1,1);
INSERT INTO config_acciones_permisos_tbl (ID_ACCION,ID_OPERACION,ID_USUARIO,ID_PERFIL,ACCESO) 
VALUES(50,0,-1,0,2);
INSERT INTO config_acciones_permisos_tbl (ID_ACCION,ID_OPERACION,ID_USUARIO,ID_PERFIL,ACCESO) 
VALUES(50,2,-1,0,2);
INSERT INTO config_acciones_permisos_tbl (ID_ACCION,ID_OPERACION,ID_USUARIO,ID_PERFIL,ACCESO) 
VALUES(51,0,-1,0,2);
INSERT INTO config_acciones_permisos_tbl (ID_ACCION,ID_OPERACION,ID_USUARIO,ID_PERFIL,ACCESO) 
VALUES(51,0,-1,1,2);
INSERT INTO config_acciones_permisos_tbl (ID_ACCION,ID_OPERACION,ID_USUARIO,ID_PERFIL,ACCESO) 
VALUES(51,1,-1,0,2);
INSERT INTO config_acciones_permisos_tbl (ID_ACCION,ID_OPERACION,ID_USUARIO,ID_PERFIL,ACCESO) 
VALUES(51,1,-1,1,2);
INSERT INTO config_acciones_permisos_tbl (ID_ACCION,ID_OPERACION,ID_USUARIO,ID_PERFIL,ACCESO) 
VALUES(53,0,-1,0,2);
INSERT INTO config_acciones_permisos_tbl (ID_ACCION,ID_OPERACION,ID_USUARIO,ID_PERFIL,ACCESO) 
VALUES(53,0,-1,1,1);
INSERT INTO config_acciones_permisos_tbl (ID_ACCION,ID_OPERACION,ID_USUARIO,ID_PERFIL,ACCESO) 
VALUES(53,1,-1,0,2);
INSERT INTO config_acciones_permisos_tbl (ID_ACCION,ID_OPERACION,ID_USUARIO,ID_PERFIL,ACCESO) 
VALUES(53,1,-1,1,1);
INSERT INTO config_acciones_permisos_tbl (ID_ACCION,ID_OPERACION,ID_USUARIO,ID_PERFIL,ACCESO) 
VALUES(53,2,-1,0,2);
INSERT INTO config_acciones_permisos_tbl (ID_ACCION,ID_OPERACION,ID_USUARIO,ID_PERFIL,ACCESO) 
VALUES(53,2,-1,1,1);
INSERT INTO config_acciones_permisos_tbl (ID_ACCION,ID_OPERACION,ID_USUARIO,ID_PERFIL,ACCESO) 
VALUES(53,3,-1,0,2);
INSERT INTO config_acciones_permisos_tbl (ID_ACCION,ID_OPERACION,ID_USUARIO,ID_PERFIL,ACCESO) 
VALUES(53,3,-1,1,1);
INSERT INTO config_acciones_permisos_tbl (ID_ACCION,ID_OPERACION,ID_USUARIO,ID_PERFIL,ACCESO) 
VALUES(53,4,-1,0,2);
INSERT INTO config_acciones_permisos_tbl (ID_ACCION,ID_OPERACION,ID_USUARIO,ID_PERFIL,ACCESO) 
VALUES(53,4,-1,1,1);
INSERT INTO config_acciones_permisos_tbl (ID_ACCION,ID_OPERACION,ID_USUARIO,ID_PERFIL,ACCESO) 
VALUES(54,0,-1,0,2);
INSERT INTO config_acciones_permisos_tbl (ID_ACCION,ID_OPERACION,ID_USUARIO,ID_PERFIL,ACCESO) 
VALUES(54,0,-1,1,1);
INSERT INTO config_acciones_permisos_tbl (ID_ACCION,ID_OPERACION,ID_USUARIO,ID_PERFIL,ACCESO) 
VALUES(54,1,-1,0,2);
INSERT INTO config_acciones_permisos_tbl (ID_ACCION,ID_OPERACION,ID_USUARIO,ID_PERFIL,ACCESO) 
VALUES(54,1,-1,1,1);
INSERT INTO config_acciones_permisos_tbl (ID_ACCION,ID_OPERACION,ID_USUARIO,ID_PERFIL,ACCESO) 
VALUES(54,2,-1,0,2);
INSERT INTO config_acciones_permisos_tbl (ID_ACCION,ID_OPERACION,ID_USUARIO,ID_PERFIL,ACCESO) 
VALUES(54,2,-1,1,1);
INSERT INTO config_acciones_permisos_tbl (ID_ACCION,ID_OPERACION,ID_USUARIO,ID_PERFIL,ACCESO) 
VALUES(54,3,-1,0,2);
INSERT INTO config_acciones_permisos_tbl (ID_ACCION,ID_OPERACION,ID_USUARIO,ID_PERFIL,ACCESO) 
VALUES(54,3,-1,1,1);
INSERT INTO config_acciones_permisos_tbl (ID_ACCION,ID_OPERACION,ID_USUARIO,ID_PERFIL,ACCESO) 
VALUES(54,4,-1,0,2);
INSERT INTO config_acciones_permisos_tbl (ID_ACCION,ID_OPERACION,ID_USUARIO,ID_PERFIL,ACCESO) 
VALUES(54,4,-1,1,1);
INSERT INTO config_acciones_permisos_tbl (ID_ACCION,ID_OPERACION,ID_USUARIO,ID_PERFIL,ACCESO) 
VALUES(55,0,-1,0,2);
INSERT INTO config_acciones_permisos_tbl (ID_ACCION,ID_OPERACION,ID_USUARIO,ID_PERFIL,ACCESO) 
VALUES(55,0,-1,1,1);
INSERT INTO config_acciones_permisos_tbl (ID_ACCION,ID_OPERACION,ID_USUARIO,ID_PERFIL,ACCESO) 
VALUES(55,1,-1,0,2);
INSERT INTO config_acciones_permisos_tbl (ID_ACCION,ID_OPERACION,ID_USUARIO,ID_PERFIL,ACCESO) 
VALUES(55,1,-1,1,1);
INSERT INTO config_acciones_permisos_tbl (ID_ACCION,ID_OPERACION,ID_USUARIO,ID_PERFIL,ACCESO) 
VALUES(55,2,-1,0,2);
INSERT INTO config_acciones_permisos_tbl (ID_ACCION,ID_OPERACION,ID_USUARIO,ID_PERFIL,ACCESO) 
VALUES(55,2,-1,1,1);
INSERT INTO config_acciones_permisos_tbl (ID_ACCION,ID_OPERACION,ID_USUARIO,ID_PERFIL,ACCESO) 
VALUES(55,3,-1,0,2);
INSERT INTO config_acciones_permisos_tbl (ID_ACCION,ID_OPERACION,ID_USUARIO,ID_PERFIL,ACCESO) 
VALUES(55,3,-1,1,1);
INSERT INTO config_acciones_permisos_tbl (ID_ACCION,ID_OPERACION,ID_USUARIO,ID_PERFIL,ACCESO) 
VALUES(56,0,-1,0,2);
INSERT INTO config_acciones_permisos_tbl (ID_ACCION,ID_OPERACION,ID_USUARIO,ID_PERFIL,ACCESO) 
VALUES(56,0,-1,1,1);
INSERT INTO config_acciones_permisos_tbl (ID_ACCION,ID_OPERACION,ID_USUARIO,ID_PERFIL,ACCESO) 
VALUES(56,1,-1,0,2);
INSERT INTO config_acciones_permisos_tbl (ID_ACCION,ID_OPERACION,ID_USUARIO,ID_PERFIL,ACCESO) 
VALUES(56,1,-1,1,1);
INSERT INTO config_acciones_permisos_tbl (ID_ACCION,ID_OPERACION,ID_USUARIO,ID_PERFIL,ACCESO) 
VALUES(56,2,-1,0,2);
INSERT INTO config_acciones_permisos_tbl (ID_ACCION,ID_OPERACION,ID_USUARIO,ID_PERFIL,ACCESO) 
VALUES(56,2,-1,1,1);
INSERT INTO config_acciones_permisos_tbl (ID_ACCION,ID_OPERACION,ID_USUARIO,ID_PERFIL,ACCESO) 
VALUES(56,3,-1,0,2);
INSERT INTO config_acciones_permisos_tbl (ID_ACCION,ID_OPERACION,ID_USUARIO,ID_PERFIL,ACCESO) 
VALUES(56,3,-1,1,1);
INSERT INTO config_acciones_permisos_tbl (ID_ACCION,ID_OPERACION,ID_USUARIO,ID_PERFIL,ACCESO) 
VALUES(57,0,-1,0,2);
INSERT INTO config_acciones_permisos_tbl (ID_ACCION,ID_OPERACION,ID_USUARIO,ID_PERFIL,ACCESO) 
VALUES(57,0,-1,1,1);
INSERT INTO config_acciones_permisos_tbl (ID_ACCION,ID_OPERACION,ID_USUARIO,ID_PERFIL,ACCESO) 
VALUES(57,1,-1,0,2);
INSERT INTO config_acciones_permisos_tbl (ID_ACCION,ID_OPERACION,ID_USUARIO,ID_PERFIL,ACCESO) 
VALUES(57,1,-1,1,1);
INSERT INTO config_acciones_permisos_tbl (ID_ACCION,ID_OPERACION,ID_USUARIO,ID_PERFIL,ACCESO) 
VALUES(57,2,-1,0,2);
INSERT INTO config_acciones_permisos_tbl (ID_ACCION,ID_OPERACION,ID_USUARIO,ID_PERFIL,ACCESO) 
VALUES(57,2,-1,1,1);
INSERT INTO config_acciones_permisos_tbl (ID_ACCION,ID_OPERACION,ID_USUARIO,ID_PERFIL,ACCESO) 
VALUES(57,3,-1,0,2);
INSERT INTO config_acciones_permisos_tbl (ID_ACCION,ID_OPERACION,ID_USUARIO,ID_PERFIL,ACCESO) 
VALUES(57,3,-1,1,1);
INSERT INTO config_acciones_permisos_tbl (ID_ACCION,ID_OPERACION,ID_USUARIO,ID_PERFIL,ACCESO) 
VALUES(500,0,-1,0,2);
INSERT INTO config_acciones_permisos_tbl (ID_ACCION,ID_OPERACION,ID_USUARIO,ID_PERFIL,ACCESO) 
VALUES(500,0,-1,1,1);
INSERT INTO config_acciones_permisos_tbl (ID_ACCION,ID_OPERACION,ID_USUARIO,ID_PERFIL,ACCESO) 
VALUES(501,0,-1,0,2);
INSERT INTO config_acciones_permisos_tbl (ID_ACCION,ID_OPERACION,ID_USUARIO,ID_PERFIL,ACCESO) 
VALUES(501,0,-1,1,1);
INSERT INTO config_acciones_permisos_tbl (ID_ACCION,ID_OPERACION,ID_USUARIO,ID_PERFIL,ACCESO) 
VALUES(502,0,-1,0,2);
INSERT INTO config_acciones_permisos_tbl (ID_ACCION,ID_OPERACION,ID_USUARIO,ID_PERFIL,ACCESO) 
VALUES(502,0,-1,1,1);
INSERT INTO config_acciones_permisos_tbl (ID_ACCION,ID_OPERACION,ID_USUARIO,ID_PERFIL,ACCESO) 
VALUES(503,0,-1,0,2);
INSERT INTO config_acciones_permisos_tbl (ID_ACCION,ID_OPERACION,ID_USUARIO,ID_PERFIL,ACCESO) 
VALUES(503,0,-1,1,1);
INSERT INTO config_acciones_permisos_tbl (ID_ACCION,ID_OPERACION,ID_USUARIO,ID_PERFIL,ACCESO) 
VALUES(504,0,-1,0,2);
INSERT INTO config_acciones_permisos_tbl (ID_ACCION,ID_OPERACION,ID_USUARIO,ID_PERFIL,ACCESO) 
VALUES(504,0,-1,1,1);
INSERT INTO config_acciones_permisos_tbl (ID_ACCION,ID_OPERACION,ID_USUARIO,ID_PERFIL,ACCESO) 
VALUES(505,0,-1,0,2);
INSERT INTO config_acciones_permisos_tbl (ID_ACCION,ID_OPERACION,ID_USUARIO,ID_PERFIL,ACCESO) 
VALUES(505,0,-1,1,1);
INSERT INTO config_acciones_permisos_tbl (ID_ACCION,ID_OPERACION,ID_USUARIO,ID_PERFIL,ACCESO) 
VALUES(506,0,-1,0,2);
INSERT INTO config_acciones_permisos_tbl (ID_ACCION,ID_OPERACION,ID_USUARIO,ID_PERFIL,ACCESO) 
VALUES(506,0,-1,1,1);
INSERT INTO config_acciones_permisos_tbl (ID_ACCION,ID_OPERACION,ID_USUARIO,ID_PERFIL,ACCESO) 
VALUES(507,0,-1,0,2);
INSERT INTO config_acciones_permisos_tbl (ID_ACCION,ID_OPERACION,ID_USUARIO,ID_PERFIL,ACCESO) 
VALUES(507,0,-1,1,1);
INSERT INTO config_acciones_permisos_tbl (ID_ACCION,ID_OPERACION,ID_USUARIO,ID_PERFIL,ACCESO) 
VALUES(508,0,-1,0,2);
INSERT INTO config_acciones_permisos_tbl (ID_ACCION,ID_OPERACION,ID_USUARIO,ID_PERFIL,ACCESO) 
VALUES(508,0,-1,1,1);
INSERT INTO config_acciones_permisos_tbl (ID_ACCION,ID_OPERACION,ID_USUARIO,ID_PERFIL,ACCESO) 
VALUES(509,0,-1,0,2);
INSERT INTO config_acciones_permisos_tbl (ID_ACCION,ID_OPERACION,ID_USUARIO,ID_PERFIL,ACCESO) 
VALUES(509,0,-1,1,1);
INSERT INTO config_acciones_permisos_tbl (ID_ACCION,ID_OPERACION,ID_USUARIO,ID_PERFIL,ACCESO) 
VALUES(510,0,-1,0,2);
INSERT INTO config_acciones_permisos_tbl (ID_ACCION,ID_OPERACION,ID_USUARIO,ID_PERFIL,ACCESO) 
VALUES(510,0,-1,1,1);
INSERT INTO config_acciones_permisos_tbl (ID_ACCION,ID_OPERACION,ID_USUARIO,ID_PERFIL,ACCESO) 
VALUES(511,0,-1,0,2);
INSERT INTO config_acciones_permisos_tbl (ID_ACCION,ID_OPERACION,ID_USUARIO,ID_PERFIL,ACCESO) 
VALUES(511,0,-1,1,1);
INSERT INTO config_acciones_permisos_tbl (ID_ACCION,ID_OPERACION,ID_USUARIO,ID_PERFIL,ACCESO) 
VALUES(512,0,-1,0,2);
INSERT INTO config_acciones_permisos_tbl (ID_ACCION,ID_OPERACION,ID_USUARIO,ID_PERFIL,ACCESO) 
VALUES(512,0,-1,1,1);
INSERT INTO config_acciones_permisos_tbl (ID_ACCION,ID_OPERACION,ID_USUARIO,ID_PERFIL,ACCESO) 
VALUES(513,0,-1,0,2);
INSERT INTO config_acciones_permisos_tbl (ID_ACCION,ID_OPERACION,ID_USUARIO,ID_PERFIL,ACCESO) 
VALUES(513,0,-1,1,1);
INSERT INTO config_acciones_permisos_tbl (ID_ACCION,ID_OPERACION,ID_USUARIO,ID_PERFIL,ACCESO) 
VALUES(514,0,-1,0,2);
INSERT INTO config_acciones_permisos_tbl (ID_ACCION,ID_OPERACION,ID_USUARIO,ID_PERFIL,ACCESO) 
VALUES(514,0,-1,1,1);
INSERT INTO config_acciones_permisos_tbl (ID_ACCION,ID_OPERACION,ID_USUARIO,ID_PERFIL,ACCESO) 
VALUES(515,0,-1,0,2);
INSERT INTO config_acciones_permisos_tbl (ID_ACCION,ID_OPERACION,ID_USUARIO,ID_PERFIL,ACCESO) 
VALUES(515,0,-1,1,1);
INSERT INTO config_acciones_permisos_tbl (ID_ACCION,ID_OPERACION,ID_USUARIO,ID_PERFIL,ACCESO) 
VALUES(516,0,-1,0,2);
INSERT INTO config_acciones_permisos_tbl (ID_ACCION,ID_OPERACION,ID_USUARIO,ID_PERFIL,ACCESO) 
VALUES(516,0,-1,1,1);
INSERT INTO config_acciones_permisos_tbl (ID_ACCION,ID_OPERACION,ID_USUARIO,ID_PERFIL,ACCESO) 
VALUES(517,0,-1,0,2);
INSERT INTO config_acciones_permisos_tbl (ID_ACCION,ID_OPERACION,ID_USUARIO,ID_PERFIL,ACCESO) 
VALUES(517,0,-1,1,1);
INSERT INTO config_acciones_permisos_tbl (ID_ACCION,ID_OPERACION,ID_USUARIO,ID_PERFIL,ACCESO) 
VALUES(518,0,-1,0,2);
INSERT INTO config_acciones_permisos_tbl (ID_ACCION,ID_OPERACION,ID_USUARIO,ID_PERFIL,ACCESO) 
VALUES(518,0,-1,1,1);
INSERT INTO config_acciones_permisos_tbl (ID_ACCION,ID_OPERACION,ID_USUARIO,ID_PERFIL,ACCESO) 
VALUES(519,0,-1,0,2);
INSERT INTO config_acciones_permisos_tbl (ID_ACCION,ID_OPERACION,ID_USUARIO,ID_PERFIL,ACCESO) 
VALUES(519,0,-1,1,1);
INSERT INTO config_acciones_permisos_tbl (ID_ACCION,ID_OPERACION,ID_USUARIO,ID_PERFIL,ACCESO) 
VALUES(520,0,-1,0,2);
INSERT INTO config_acciones_permisos_tbl (ID_ACCION,ID_OPERACION,ID_USUARIO,ID_PERFIL,ACCESO) 
VALUES(520,0,-1,1,1);
INSERT INTO config_acciones_permisos_tbl (ID_ACCION,ID_OPERACION,ID_USUARIO,ID_PERFIL,ACCESO) 
VALUES(522,0,-1,0,2);
INSERT INTO config_acciones_permisos_tbl (ID_ACCION,ID_OPERACION,ID_USUARIO,ID_PERFIL,ACCESO) 
VALUES(522,0,-1,1,1);
INSERT INTO config_acciones_permisos_tbl (ID_ACCION,ID_OPERACION,ID_USUARIO,ID_PERFIL,ACCESO) 
VALUES(524,0,-1,0,2);
INSERT INTO config_acciones_permisos_tbl (ID_ACCION,ID_OPERACION,ID_USUARIO,ID_PERFIL,ACCESO) 
VALUES(524,0,-1,1,1);
INSERT INTO config_acciones_permisos_tbl (ID_ACCION,ID_OPERACION,ID_USUARIO,ID_PERFIL,ACCESO) 
VALUES(526,0,-1,0,2);
INSERT INTO config_acciones_permisos_tbl (ID_ACCION,ID_OPERACION,ID_USUARIO,ID_PERFIL,ACCESO) 
VALUES(526,0,-1,1,1);
INSERT INTO config_acciones_permisos_tbl (ID_ACCION,ID_OPERACION,ID_USUARIO,ID_PERFIL,ACCESO) 
VALUES(528,0,-1,0,2);
INSERT INTO config_acciones_permisos_tbl (ID_ACCION,ID_OPERACION,ID_USUARIO,ID_PERFIL,ACCESO) 
VALUES(528,0,-1,1,1);
INSERT INTO config_acciones_permisos_tbl (ID_ACCION,ID_OPERACION,ID_USUARIO,ID_PERFIL,ACCESO) 
VALUES(529,0,-1,0,2);
INSERT INTO config_acciones_permisos_tbl (ID_ACCION,ID_OPERACION,ID_USUARIO,ID_PERFIL,ACCESO) 
VALUES(529,0,-1,1,1);
INSERT INTO config_acciones_permisos_tbl (ID_ACCION,ID_OPERACION,ID_USUARIO,ID_PERFIL,ACCESO) 
VALUES(530,0,-1,0,2);
INSERT INTO config_acciones_permisos_tbl (ID_ACCION,ID_OPERACION,ID_USUARIO,ID_PERFIL,ACCESO) 
VALUES(530,0,-1,1,1);
INSERT INTO config_acciones_permisos_tbl (ID_ACCION,ID_OPERACION,ID_USUARIO,ID_PERFIL,ACCESO) 
VALUES(531,0,-1,0,2);
INSERT INTO config_acciones_permisos_tbl (ID_ACCION,ID_OPERACION,ID_USUARIO,ID_PERFIL,ACCESO) 
VALUES(531,0,-1,1,1);
INSERT INTO config_acciones_permisos_tbl (ID_ACCION,ID_OPERACION,ID_USUARIO,ID_PERFIL,ACCESO) 
VALUES(532,0,-1,0,2);
INSERT INTO config_acciones_permisos_tbl (ID_ACCION,ID_OPERACION,ID_USUARIO,ID_PERFIL,ACCESO) 
VALUES(532,0,-1,1,1);
INSERT INTO config_acciones_permisos_tbl (ID_ACCION,ID_OPERACION,ID_USUARIO,ID_PERFIL,ACCESO) 
VALUES(533,0,-1,0,2);
INSERT INTO config_acciones_permisos_tbl (ID_ACCION,ID_OPERACION,ID_USUARIO,ID_PERFIL,ACCESO) 
VALUES(533,0,-1,1,1);
INSERT INTO config_acciones_permisos_tbl (ID_ACCION,ID_OPERACION,ID_USUARIO,ID_PERFIL,ACCESO) 
VALUES(534,0,-1,0,2);
INSERT INTO config_acciones_permisos_tbl (ID_ACCION,ID_OPERACION,ID_USUARIO,ID_PERFIL,ACCESO) 
VALUES(534,0,-1,1,1);
INSERT INTO config_acciones_permisos_tbl (ID_ACCION,ID_OPERACION,ID_USUARIO,ID_PERFIL,ACCESO) 
VALUES(535,0,-1,0,2);
INSERT INTO config_acciones_permisos_tbl (ID_ACCION,ID_OPERACION,ID_USUARIO,ID_PERFIL,ACCESO) 
VALUES(535,0,-1,1,1);
INSERT INTO config_acciones_permisos_tbl (ID_ACCION,ID_OPERACION,ID_USUARIO,ID_PERFIL,ACCESO) 
VALUES(536,0,-1,0,2);
INSERT INTO config_acciones_permisos_tbl (ID_ACCION,ID_OPERACION,ID_USUARIO,ID_PERFIL,ACCESO) 
VALUES(536,0,-1,1,1);
INSERT INTO config_acciones_permisos_tbl (ID_ACCION,ID_OPERACION,ID_USUARIO,ID_PERFIL,ACCESO) 
VALUES(537,0,-1,0,2);
INSERT INTO config_acciones_permisos_tbl (ID_ACCION,ID_OPERACION,ID_USUARIO,ID_PERFIL,ACCESO) 
VALUES(537,0,-1,1,1);
INSERT INTO config_acciones_permisos_tbl (ID_ACCION,ID_OPERACION,ID_USUARIO,ID_PERFIL,ACCESO) 
VALUES(538,0,-1,0,2);
INSERT INTO config_acciones_permisos_tbl (ID_ACCION,ID_OPERACION,ID_USUARIO,ID_PERFIL,ACCESO) 
VALUES(538,0,-1,1,1);
INSERT INTO config_acciones_permisos_tbl (ID_ACCION,ID_OPERACION,ID_USUARIO,ID_PERFIL,ACCESO) 
VALUES(539,0,-1,0,2);
INSERT INTO config_acciones_permisos_tbl (ID_ACCION,ID_OPERACION,ID_USUARIO,ID_PERFIL,ACCESO) 
VALUES(539,0,-1,1,1);
INSERT INTO config_acciones_permisos_tbl (ID_ACCION,ID_OPERACION,ID_USUARIO,ID_PERFIL,ACCESO) 
VALUES(540,0,-1,0,2);
INSERT INTO config_acciones_permisos_tbl (ID_ACCION,ID_OPERACION,ID_USUARIO,ID_PERFIL,ACCESO) 
VALUES(540,0,-1,1,1);
INSERT INTO config_acciones_permisos_tbl (ID_ACCION,ID_OPERACION,ID_USUARIO,ID_PERFIL,ACCESO) 
VALUES(541,0,-1,0,2);
INSERT INTO config_acciones_permisos_tbl (ID_ACCION,ID_OPERACION,ID_USUARIO,ID_PERFIL,ACCESO) 
VALUES(541,0,-1,1,1);
INSERT INTO config_acciones_permisos_tbl (ID_ACCION,ID_OPERACION,ID_USUARIO,ID_PERFIL,ACCESO) 
VALUES(542,0,-1,0,2);
INSERT INTO config_acciones_permisos_tbl (ID_ACCION,ID_OPERACION,ID_USUARIO,ID_PERFIL,ACCESO) 
VALUES(542,0,-1,1,1);
INSERT INTO config_acciones_permisos_tbl (ID_ACCION,ID_OPERACION,ID_USUARIO,ID_PERFIL,ACCESO) 
VALUES(543,0,-1,0,2);
INSERT INTO config_acciones_permisos_tbl (ID_ACCION,ID_OPERACION,ID_USUARIO,ID_PERFIL,ACCESO) 
VALUES(543,0,-1,1,1);


-- config_acciones_tbl

INSERT INTO config_acciones_tbl (ID_ACCION,ACCION,TIPO_ACCION,EJECUCION,PARAMETROS,DESCRIPCION,TITULO,ICONO,ACTIVO) 
VALUES(1,'com.comerzzia.web.core.usuarios.UsuariosServlet','URL','usuarios',NULL,'Mantenimiento de Usuarios','Mantenimiento de Usuarios','comun/images/menu/usuarios.gif','S');
INSERT INTO config_acciones_tbl (ID_ACCION,ACCION,TIPO_ACCION,EJECUCION,PARAMETROS,DESCRIPCION,TITULO,ICONO,ACTIVO) 
VALUES(2,'com.comerzzia.web.core.perfiles.PerfilesServlet','URL','perfiles',NULL,'Mantenimiento de Perfiles','Mantenimiento de Perfiles','comun/images/menu/perfiles.gif','S');
INSERT INTO config_acciones_tbl (ID_ACCION,ACCION,TIPO_ACCION,EJECUCION,PARAMETROS,DESCRIPCION,TITULO,ICONO,ACTIVO) 
VALUES(3,'com.comerzzia.web.general.series.SeriesServlet','URL','series',NULL,'Mantenimiento de Series','Mantenimiento de Series','comun/images/menu/series.gif','S');
INSERT INTO config_acciones_tbl (ID_ACCION,ACCION,TIPO_ACCION,EJECUCION,PARAMETROS,DESCRIPCION,TITULO,ICONO,ACTIVO) 
VALUES(4,'com.comerzzia.web.general.paises.PaisesServlet','URL','paises',NULL,'Mantenimiento de Países','Mantenimiento de Países','comun/images/menu/paises.gif','S');
INSERT INTO config_acciones_tbl (ID_ACCION,ACCION,TIPO_ACCION,EJECUCION,PARAMETROS,DESCRIPCION,TITULO,ICONO,ACTIVO) 
VALUES(5,'com.comerzzia.web.general.bancos.BancosServlet','URL','bancos',NULL,'Mantenimiento de Bancos','Mantenimiento de Bancos','comun/images/menu/bancos.gif','S');
INSERT INTO config_acciones_tbl (ID_ACCION,ACCION,TIPO_ACCION,EJECUCION,PARAMETROS,DESCRIPCION,TITULO,ICONO,ACTIVO) 
VALUES(6,'com.comerzzia.web.core.empresas.EmpresasServlet','URL','empresas',NULL,'Configuración de la Empresa','Configuración de la Empresa','comun/images/menu/empresas.gif','S');
INSERT INTO config_acciones_tbl (ID_ACCION,ACCION,TIPO_ACCION,EJECUCION,PARAMETROS,DESCRIPCION,TITULO,ICONO,ACTIVO) 
VALUES(7,'com.comerzzia.web.general.familias.FamiliasServlet','URL','familias',NULL,'Mantenimiento de Familias','Mantenimiento de Familias','comun/images/menu/familias.gif','S');
INSERT INTO config_acciones_tbl (ID_ACCION,ACCION,TIPO_ACCION,EJECUCION,PARAMETROS,DESCRIPCION,TITULO,ICONO,ACTIVO) 
VALUES(8,'com.comerzzia.web.general.categorizaciones.CategorizacionesServlet','URL','categorizaciones',NULL,'Mantenimiento de Categorizaciones','Mantenimiento de Categorizaciones','comun/images/menu/categorizaciones.gif','S');
INSERT INTO config_acciones_tbl (ID_ACCION,ACCION,TIPO_ACCION,EJECUCION,PARAMETROS,DESCRIPCION,TITULO,ICONO,ACTIVO) 
VALUES(9,'com.comerzzia.web.general.secciones.SeccionesServlet','URL','secciones',NULL,'Mantenimiento de Secciones','Mantenimiento de Secciones','comun/images/menu/secciones.gif','S');
INSERT INTO config_acciones_tbl (ID_ACCION,ACCION,TIPO_ACCION,EJECUCION,PARAMETROS,DESCRIPCION,TITULO,ICONO,ACTIVO) 
VALUES(10,'com.comerzzia.web.tesoreria.tiposefectos.TiposEfectosServlet','URL','tiposEfectos',NULL,'Mantenimiento de Tipos Efectos','Mantenimiento de Tipos Efectos','comun/images/menu/tiposefectos.gif','S');
INSERT INTO config_acciones_tbl (ID_ACCION,ACCION,TIPO_ACCION,EJECUCION,PARAMETROS,DESCRIPCION,TITULO,ICONO,ACTIVO) 
VALUES(11,'com.comerzzia.web.general.unidadesmedida.etiquetas.UnidadesMedidaEtiquetasServlet','URL','unidadesMedidaEtiquetas',NULL,'Mantenimiento de Unidades de Medida de Etiquetas','Mantenimiento de Unidades de Medida de Etiquetas','comun/images/menu/unidadesmedidaetiquetas.gif','S');
INSERT INTO config_acciones_tbl (ID_ACCION,ACCION,TIPO_ACCION,EJECUCION,PARAMETROS,DESCRIPCION,TITULO,ICONO,ACTIVO) 
VALUES(12,'com.comerzzia.web.core.impuestos.tiposimpuestos.TiposImpuestosServlet','URL','tiposImpuestos',NULL,'Mantenimiento de Tipos de Impuestos','Mantenimiento de Tipos de Impuestos','comun/images/menu/tiposimpuestos.gif','S');
INSERT INTO config_acciones_tbl (ID_ACCION,ACCION,TIPO_ACCION,EJECUCION,PARAMETROS,DESCRIPCION,TITULO,ICONO,ACTIVO) 
VALUES(13,'com.comerzzia.web.general.sectores.SectoresServlet','URL','sectores',NULL,'Mantenimiento de Sectores','Mantenimiento de Sectores','comun/images/menu/sectores.gif','S');
INSERT INTO config_acciones_tbl (ID_ACCION,ACCION,TIPO_ACCION,EJECUCION,PARAMETROS,DESCRIPCION,TITULO,ICONO,ACTIVO) 
VALUES(14,'com.comerzzia.web.general.almacenes.AlmacenesServlet','URL','almacenes',NULL,'Mantenimiento de Almacenes','Mantenimiento de Almacenes','comun/images/menu/almacenes.gif','S');
INSERT INTO config_acciones_tbl (ID_ACCION,ACCION,TIPO_ACCION,EJECUCION,PARAMETROS,DESCRIPCION,TITULO,ICONO,ACTIVO) 
VALUES(15,'com.comerzzia.web.general.clientes.ClientesServlet','URL','clientes',NULL,'Mantenimiento de Clientes','Mantenimiento de Clientes','comun/images/menu/clientes.gif','S');
INSERT INTO config_acciones_tbl (ID_ACCION,ACCION,TIPO_ACCION,EJECUCION,PARAMETROS,DESCRIPCION,TITULO,ICONO,ACTIVO) 
VALUES(16,'com.comerzzia.web.general.articulos.ArticulosServlet','URL','articulos',NULL,'Mantenimiento de Artículos','Mantenimiento de Artículos','comun/images/menu/articulos.gif','S');
INSERT INTO config_acciones_tbl (ID_ACCION,ACCION,TIPO_ACCION,EJECUCION,PARAMETROS,DESCRIPCION,TITULO,ICONO,ACTIVO) 
VALUES(17,'com.comerzzia.web.general.mediospago.MediosPagoServlet','URL','mediosPago',NULL,'Mantenimiento de Medios de Pago','Mantenimiento de Medios de Pago','comun/images/menu/mediospago.gif','S');
INSERT INTO config_acciones_tbl (ID_ACCION,ACCION,TIPO_ACCION,EJECUCION,PARAMETROS,DESCRIPCION,TITULO,ICONO,ACTIVO) 
VALUES(18,'com.comerzzia.web.general.proveedores.ProveedoresServlet','URL','proveedores',NULL,'Mantenimiento de Proveedores','Mantenimiento de Proveedores','comun/images/menu/proveedores.gif','S');
INSERT INTO config_acciones_tbl (ID_ACCION,ACCION,TIPO_ACCION,EJECUCION,PARAMETROS,DESCRIPCION,TITULO,ICONO,ACTIVO) 
VALUES(19,'com.comerzzia.web.general.conceptoalmacenes.ConceptoAlmacenesRegularizacionesServlet','URL','conceptoAlmacenesREGU',NULL,'Mantenimiento de Conceptos de Almacenes Regularización','Mantenimiento de Conceptos de Almacenes Regularización','comun/images/menu/conceptosAlmacenesRegularizacion.gif','S');
INSERT INTO config_acciones_tbl (ID_ACCION,ACCION,TIPO_ACCION,EJECUCION,PARAMETROS,DESCRIPCION,TITULO,ICONO,ACTIVO) 
VALUES(20,'com.comerzzia.web.general.conceptoalmacenes.ConceptoAlmacenesVentasServlet','URL','conceptoAlmacenesVENT',NULL,'Mantenimiento de Conceptos de Almacenes para Ventas','Mantenimiento de Conceptos de Almacenes para Ventas','comun/images/menu/conceptosAlmacenesTraspasos.gif','S');
INSERT INTO config_acciones_tbl (ID_ACCION,ACCION,TIPO_ACCION,EJECUCION,PARAMETROS,DESCRIPCION,TITULO,ICONO,ACTIVO) 
VALUES(21,'com.comerzzia.web.general.conceptoalmacenes.ConceptoAlmacenesComprasServlet','URL','conceptoAlmacenesCOMP',NULL,'Mantenimiento de Conceptos de Almacenes para Compras','Mantenimiento de Conceptos de Almacenes para Compras','comun/images/menu/conceptosAlmacenesDevoluciones.gif','S');
INSERT INTO config_acciones_tbl (ID_ACCION,ACCION,TIPO_ACCION,EJECUCION,PARAMETROS,DESCRIPCION,TITULO,ICONO,ACTIVO) 
VALUES(22,'com.comerzzia.web.compras.albaranes.AlbaranesComprasServlet','URL','albaranesCompras',NULL,'Introducción de Albaranes de Compras','Introducción de Albaranes de Compras','comun/images/menu/albaranesCompras.gif','S');
INSERT INTO config_acciones_tbl (ID_ACCION,ACCION,TIPO_ACCION,EJECUCION,PARAMETROS,DESCRIPCION,TITULO,ICONO,ACTIVO) 
VALUES(23,'com.comerzzia.web.ventas.tarifas.TarifasServlet','URL','tarifas',NULL,'Mantenimiento de Tarifas','Mantenimiento de Tarifas','comun/images/menu/tarifas.gif','S');
INSERT INTO config_acciones_tbl (ID_ACCION,ACCION,TIPO_ACCION,EJECUCION,PARAMETROS,DESCRIPCION,TITULO,ICONO,ACTIVO) 
VALUES(24,'com.comerzzia.web.ventas.tiposportes.TiposPortesServlet','URL','tiposPortes',NULL,'Mantenimiento de Tipos de Portes','Mantenimiento de Tipos de Portes','comun/images/menu/tiposportes.gif','S');
INSERT INTO config_acciones_tbl (ID_ACCION,ACCION,TIPO_ACCION,EJECUCION,PARAMETROS,DESCRIPCION,TITULO,ICONO,ACTIVO) 
VALUES(25,'com.comerzzia.web.general.tiendas.TiendasServlet','URL','tiendas',NULL,'Mantenimiento de Tiendas','Mantenimiento de Tiendas','comun/images/menu/tiendas.gif','S');
INSERT INTO config_acciones_tbl (ID_ACCION,ACCION,TIPO_ACCION,EJECUCION,PARAMETROS,DESCRIPCION,TITULO,ICONO,ACTIVO) 
VALUES(26,'com.comerzzia.web.ventas.promociones.PromocionesServlet','URL','promociones',NULL,'Mantenimiento de Promociones','Mantenimiento de Promociones','comun/images/menu/promociones.gif','S');
INSERT INTO config_acciones_tbl (ID_ACCION,ACCION,TIPO_ACCION,EJECUCION,PARAMETROS,DESCRIPCION,TITULO,ICONO,ACTIVO) 
VALUES(27,'com.comerzzia.web.almacenes.regularizaciones.RegularizacionesServlet','URL','regularizaciones',NULL,'Regularizaciones','Regularizaciones','comun/images/menu/regularizaciones.gif','S');
INSERT INTO config_acciones_tbl (ID_ACCION,ACCION,TIPO_ACCION,EJECUCION,PARAMETROS,DESCRIPCION,TITULO,ICONO,ACTIVO) 
VALUES(28,'com.comerzzia.web.core.impuestos.tratamientosimpuestos.TratamientosImpuestosServlet','URL','tratImpuestos',NULL,'Mantenimiento de Tratamientos de Impuestos','Mantenimiento de Tratamientos de Impuestos','comun/images/menu/tratamientosImpuestos.gif','S');
INSERT INTO config_acciones_tbl (ID_ACCION,ACCION,TIPO_ACCION,EJECUCION,PARAMETROS,DESCRIPCION,TITULO,ICONO,ACTIVO) 
VALUES(29,'com.comerzzia.web.ventas.facturas.consulta.FacturasVentasServlet','URL','facturasVentas',NULL,'Consulta de Facturas de Ventas','Consulta de Facturas de Ventas','comun/images/menu/consultaFacturasVentas.gif','S');
INSERT INTO config_acciones_tbl (ID_ACCION,ACCION,TIPO_ACCION,EJECUCION,PARAMETROS,DESCRIPCION,TITULO,ICONO,ACTIVO) 
VALUES(30,'com.comerzzia.web.backoffice.articulos.ConsultaArticulosServlet','URL','consultaArticulos',NULL,'Consulta de Artículos','Consulta de Artículos','comun/images/menu/consultaArticulos.gif','S');
INSERT INTO config_acciones_tbl (ID_ACCION,ACCION,TIPO_ACCION,EJECUCION,PARAMETROS,DESCRIPCION,TITULO,ICONO,ACTIVO) 
VALUES(31,'com.comerzzia.web.ventas.tickets.TicketsServlet','URL','tickets',NULL,'Procesamiento de Tickets','Procesamiento de tickets','comun/images/menu/monitorizacionTickets.gif','S');
INSERT INTO config_acciones_tbl (ID_ACCION,ACCION,TIPO_ACCION,EJECUCION,PARAMETROS,DESCRIPCION,TITULO,ICONO,ACTIVO) 
VALUES(32,'com.comerzzia.web.core.asistente.AsistenteConfiguracionServlet','URL','asistenteConfig',NULL,'Asistente de Configuración de Empresa','Asistente de Configuración de Empresa','comun/images/menu/empresas.gif','S');
INSERT INTO config_acciones_tbl (ID_ACCION,ACCION,TIPO_ACCION,EJECUCION,PARAMETROS,DESCRIPCION,TITULO,ICONO,ACTIVO) 
VALUES(33,'com.comerzzia.web.core.ayudasconfig.AyudasConfigServlet','URL','ayudasConfig',NULL,'Mantenimiento de Ayudas','Mantenimiento de Ayudas','comun/images/menu/ayudasConfig.gif','S');
INSERT INTO config_acciones_tbl (ID_ACCION,ACCION,TIPO_ACCION,EJECUCION,PARAMETROS,DESCRIPCION,TITULO,ICONO,ACTIVO) 
VALUES(34,'com.comerzzia.web.core.impuestos.porcentajes.PorcentajesImpuestosServlet','URL','porcentajes',NULL,'Mantenimiento de Cuadro de Impuestos','Mantenimiento de Cuadro de Impuestos','comun/images/menu/cuadroImpuestos.gif','S');
INSERT INTO config_acciones_tbl (ID_ACCION,ACCION,TIPO_ACCION,EJECUCION,PARAMETROS,DESCRIPCION,TITULO,ICONO,ACTIVO) 
VALUES(35,'com.comerzzia.web.compras.facturas.conformacion.ConformacionFacturasServlet','URL','conformacionFacturas',NULL,'Conformación de Facturas de Compras','Conformación de Facturas de Compras','comun/images/menu/conformacionFacturas.gif','S');
INSERT INTO config_acciones_tbl (ID_ACCION,ACCION,TIPO_ACCION,EJECUCION,PARAMETROS,DESCRIPCION,TITULO,ICONO,ACTIVO) 
VALUES(36,'com.comerzzia.web.backoffice.seleccionalmacen.SeleccionAlmacenServlet','URL','seleccionAlmacen',NULL,'Selección de Almacén','Selección de Almacén','comun/images/menu/seleccionAlmacen.gif','S');
INSERT INTO config_acciones_tbl (ID_ACCION,ACCION,TIPO_ACCION,EJECUCION,PARAMETROS,DESCRIPCION,TITULO,ICONO,ACTIVO) 
VALUES(37,'com.comerzzia.web.backoffice.regularizaciones.RegularizacionesTiendaServlet','URL','regularizacionesTienda',NULL,'Regularizaciones de Backoffice','Regularizaciones de Backoffice','comun/images/menu/regularizaciones.gif','S');
INSERT INTO config_acciones_tbl (ID_ACCION,ACCION,TIPO_ACCION,EJECUCION,PARAMETROS,DESCRIPCION,TITULO,ICONO,ACTIVO) 
VALUES(38,'com.comerzzia.web.ventas.albaranes.AlbaranesVentasServlet','URL','albaranesVentas',NULL,'Introducción de Albaranes de Ventas','Introducción de Albaranes de Ventas','comun/images/menu/albaranesVentas.gif','S');
INSERT INTO config_acciones_tbl (ID_ACCION,ACCION,TIPO_ACCION,EJECUCION,PARAMETROS,DESCRIPCION,TITULO,ICONO,ACTIVO) 
VALUES(39,'com.comerzzia.web.compras.estadisticas.EstadisticasComprasServlet','URL','estadisticasCompras',NULL,'Estadísticas de Compras','Estadísticas de Compras','comun/images/menu/pagina.png','S');
INSERT INTO config_acciones_tbl (ID_ACCION,ACCION,TIPO_ACCION,EJECUCION,PARAMETROS,DESCRIPCION,TITULO,ICONO,ACTIVO) 
VALUES(40,'com.comerzzia.web.ventas.estadisticas.EstadisticasVentasServlet','URL','estadisticasVentas',NULL,'Estadísticas de Ventas','Estadísticas de Ventas','comun/images/menu/pagina.png','S');
INSERT INTO config_acciones_tbl (ID_ACCION,ACCION,TIPO_ACCION,EJECUCION,PARAMETROS,DESCRIPCION,TITULO,ICONO,ACTIVO) 
VALUES(41,'com.comerzzia.web.sincronizacion.SincronizacionServlet','URL','sincronizacion',NULL,'Sincronizador de Tiendas','Sincronizador de Tiendas','comun/images/menu/monitorizacionSincronizador.gif','S');
INSERT INTO config_acciones_tbl (ID_ACCION,ACCION,TIPO_ACCION,EJECUCION,PARAMETROS,DESCRIPCION,TITULO,ICONO,ACTIVO) 
VALUES(42,'com.comerzzia.web.ventas.pedidos.PedidosVentasServlet','URL','pedidosVentas',NULL,'Introducción de Pedidos de Ventas','Introducción de Pedidos de Ventas','comun/images/menu/pedidosVentas.gif','S');
INSERT INTO config_acciones_tbl (ID_ACCION,ACCION,TIPO_ACCION,EJECUCION,PARAMETROS,DESCRIPCION,TITULO,ICONO,ACTIVO) 
VALUES(43,'com.comerzzia.web.core.usuarios.miperfil.UsuariosMiPerfilServlet','URL','miPerfil',NULL,'Mi Perfil','Mi Perfil','comun/images/menu/perfiles.gif','S');
INSERT INTO config_acciones_tbl (ID_ACCION,ACCION,TIPO_ACCION,EJECUCION,PARAMETROS,DESCRIPCION,TITULO,ICONO,ACTIVO) 
VALUES(44,'com.comerzzia.web.backoffice.cambiosArticulosTarifas.CambiosArticulosTarifasServlet','URL','cambiosArticulosTarifas',NULL,'Consulta los cambios en artículos y tarifas de las tiendas del usuario ','Cambios de Artículos y Tarifas','comun/images/menu/cambioArticulosTarifas.gif','S');
INSERT INTO config_acciones_tbl (ID_ACCION,ACCION,TIPO_ACCION,EJECUCION,PARAMETROS,DESCRIPCION,TITULO,ICONO,ACTIVO) 
VALUES(45,'com.comerzzia.web.tesoreria.cobros.CobrosServlet','URL','cobros',NULL,'Consulta de documentos de cobros','Consulta de Documentos de Cobros','comun/images/menu/cobros.gif','S');
INSERT INTO config_acciones_tbl (ID_ACCION,ACCION,TIPO_ACCION,EJECUCION,PARAMETROS,DESCRIPCION,TITULO,ICONO,ACTIVO) 
VALUES(46,'com.comerzzia.web.compras.facturas.consulta.FacturasComprasServlet','URL','facturasCompras',NULL,'Consulta de Facturas de Compras','Consulta de Facturas de Compras','comun/images/menu/consultaFacturasCompras.gif','S');
INSERT INTO config_acciones_tbl (ID_ACCION,ACCION,TIPO_ACCION,EJECUCION,PARAMETROS,DESCRIPCION,TITULO,ICONO,ACTIVO) 
VALUES(47,'com.comerzzia.web.tesoreria.pagos.PagosServlet','URL','pagos',NULL,'Consultad de documentos de pagos','Consulta de Documentos de Pagos','comun/images/menu/pagos.gif','S');
INSERT INTO config_acciones_tbl (ID_ACCION,ACCION,TIPO_ACCION,EJECUCION,PARAMETROS,DESCRIPCION,TITULO,ICONO,ACTIVO) 
VALUES(48,'com.comerzzia.web.ventas.facturas.facturacion.FacturacionAlbaranesVentasServlet','URL','facturacionAlbaranesVentas',NULL,'Facturación de Albaranes de Ventas','Facturación de Albaranes de Ventas','comun/images/menu/facturacionAlbaranesVentas.gif','S');
INSERT INTO config_acciones_tbl (ID_ACCION,ACCION,TIPO_ACCION,EJECUCION,PARAMETROS,DESCRIPCION,TITULO,ICONO,ACTIVO) 
VALUES(49,'com.comerzzia.web.tesoreria.remesas.cobros.RemesasCobrosServlet','URL','remesasCobros',NULL,'Remesas de Cobros','Remesas de Cobros','comun/images/menu/remesasCobros.gif','S');
INSERT INTO config_acciones_tbl (ID_ACCION,ACCION,TIPO_ACCION,EJECUCION,PARAMETROS,DESCRIPCION,TITULO,ICONO,ACTIVO) 
VALUES(50,'com.comerzzia.web.core.variables.VariablesServlet','URL','variables',NULL,'Configuración de Parámetros del Sistema','Configuración de Parámetros del Sistema','comun/images/menu/variables.gif','S');
INSERT INTO config_acciones_tbl (ID_ACCION,ACCION,TIPO_ACCION,EJECUCION,PARAMETROS,DESCRIPCION,TITULO,ICONO,ACTIVO) 
VALUES(51,'com.comerzzia.web.almacenes.inventarios.InventariosServlet','URL','inventarios',NULL,'Inventarios','Inventarios','comun/images/menu/inventarios.gif','S');
INSERT INTO config_acciones_tbl (ID_ACCION,ACCION,TIPO_ACCION,EJECUCION,PARAMETROS,DESCRIPCION,TITULO,ICONO,ACTIVO) 
VALUES(52,'com.comerzzia.web.general.inicio.InicioServlet','URL','inicio',NULL,'Inicio','Inicio','comun/images/menu/inicio.gif','S');
INSERT INTO config_acciones_tbl (ID_ACCION,ACCION,TIPO_ACCION,EJECUCION,PARAMETROS,DESCRIPCION,TITULO,ICONO,ACTIVO) 
VALUES(53,'com.comerzzia.web.backoffice.ventas.pedidos.PedidosVentasBackofficeServlet','URL','pedidosVentasBackoffice',NULL,'Aprovisionamientos','Aprovisionamientos','comun/images/menu/aprovisionamientos.gif','S');
INSERT INTO config_acciones_tbl (ID_ACCION,ACCION,TIPO_ACCION,EJECUCION,PARAMETROS,DESCRIPCION,TITULO,ICONO,ACTIVO) 
VALUES(54,'com.comerzzia.web.tesoreria.remesas.pagos.RemesasPagosServlet','URL','remesasPagos',NULL,'Remesas de Pagos','Remesas de Pagos','comun/images/menu/remesasPagos.gif','S');
INSERT INTO config_acciones_tbl (ID_ACCION,ACCION,TIPO_ACCION,EJECUCION,PARAMETROS,DESCRIPCION,TITULO,ICONO,ACTIVO) 
VALUES(55,'com.comerzzia.web.compras.pedidos.PedidosComprasServlet','URL','pedidosCompras',NULL,'Introducción de Pedidos de Compras','Introducción de Pedidos de Compras','comun/images/menu/pedidosCompras.gif','S');
INSERT INTO config_acciones_tbl (ID_ACCION,ACCION,TIPO_ACCION,EJECUCION,PARAMETROS,DESCRIPCION,TITULO,ICONO,ACTIVO) 
VALUES(56,'com.comerzzia.web.ventas.tarifas.actualizaciones.ActualizacionesTarifasServlet','URL','actualizacionesTarifas',NULL,'Actualizaciones de Tarifas','Actualizaciones de Tarifas','comun/images/menu/actualizacionTarifa.gif','S');
INSERT INTO config_acciones_tbl (ID_ACCION,ACCION,TIPO_ACCION,EJECUCION,PARAMETROS,DESCRIPCION,TITULO,ICONO,ACTIVO) 
VALUES(57,'com.comerzzia.web.estadisticas.EstadisticasServlet','URL','estadisticas',NULL,'Estadísticas','Estadísticas','comun/images/menu/estadisticas.gif','S');
INSERT INTO config_acciones_tbl (ID_ACCION,ACCION,TIPO_ACCION,EJECUCION,PARAMETROS,DESCRIPCION,TITULO,ICONO,ACTIVO) 
VALUES(100,'TFrmTicket','BPL','comerzzia_tpvventas100.TFrmTicket',NULL,'Tickets','Tickets','TPV-Ticket.bmp','S');
INSERT INTO config_acciones_tbl (ID_ACCION,ACCION,TIPO_ACCION,EJECUCION,PARAMETROS,DESCRIPCION,TITULO,ICONO,ACTIVO) 
VALUES(101,'TFrmCaja','BPL','comerzzia_tpvcaja100.TFrmCaja',NULL,'Gestión de Caja','Gestión de Caja','TPV-Caja.bmp','S');
INSERT INTO config_acciones_tbl (ID_ACCION,ACCION,TIPO_ACCION,EJECUCION,PARAMETROS,DESCRIPCION,TITULO,ICONO,ACTIVO) 
VALUES(102,'TFrmConfiguracion','BPL','comerzzia_core100.TFrmConfiguracion',NULL,'Configuración TPV','Configuración TPV','TPV-Config.bmp','S');
INSERT INTO config_acciones_tbl (ID_ACCION,ACCION,TIPO_ACCION,EJECUCION,PARAMETROS,DESCRIPCION,TITULO,ICONO,ACTIVO) 
VALUES(103,'TFrmMantArticulos','BPL','comerzzia_mantenimientos100.TFrmMantArticulos',NULL,'Mantenimiento de Artículos','Mantenimiento de Artículos','TPV-Mantenimiento.bmp','S');
INSERT INTO config_acciones_tbl (ID_ACCION,ACCION,TIPO_ACCION,EJECUCION,PARAMETROS,DESCRIPCION,TITULO,ICONO,ACTIVO) 
VALUES(104,'TFrmMantClientes','BPL','comerzzia_mantenimientos100.TFrmMantClientes',NULL,'Mantenimiento de Clientes','Mantenimiento de Clientes','TPV-Mantenimiento.bmp','S');
INSERT INTO config_acciones_tbl (ID_ACCION,ACCION,TIPO_ACCION,EJECUCION,PARAMETROS,DESCRIPCION,TITULO,ICONO,ACTIVO) 
VALUES(106,'TFrmConfCodigoBarras','BPL','comerzzia_mantenimientos100.TFrmConfCodigoBarras',NULL,'Configuración Código de Barras','Configuración Códigos de Barras','TPV-Mantenimiento.bmp','S');
INSERT INTO config_acciones_tbl (ID_ACCION,ACCION,TIPO_ACCION,EJECUCION,PARAMETROS,DESCRIPCION,TITULO,ICONO,ACTIVO) 
VALUES(500,'general.series.lstSeries','INFORME','series',NULL,'Listado de Series','Listado de Series','comun/images/menu/pagina.png','S');
INSERT INTO config_acciones_tbl (ID_ACCION,ACCION,TIPO_ACCION,EJECUCION,PARAMETROS,DESCRIPCION,TITULO,ICONO,ACTIVO) 
VALUES(501,'general.articulos.lstArticulos','INFORME','articulos',NULL,'Listado de Artículos','Listado de Artículos','comun/images/menu/pagina.png','S');
INSERT INTO config_acciones_tbl (ID_ACCION,ACCION,TIPO_ACCION,EJECUCION,PARAMETROS,DESCRIPCION,TITULO,ICONO,ACTIVO) 
VALUES(502,'general.familias.lstFamilias','INFORME','familias',NULL,'Listado de Familias','Listado de Familias','comun/images/menu/pagina.png','S');
INSERT INTO config_acciones_tbl (ID_ACCION,ACCION,TIPO_ACCION,EJECUCION,PARAMETROS,DESCRIPCION,TITULO,ICONO,ACTIVO) 
VALUES(503,'general.clientes.lstClientes','INFORME','clientes',NULL,'Listado de Clientes','Listado de Clientes','comun/images/menu/pagina.png','S');
INSERT INTO config_acciones_tbl (ID_ACCION,ACCION,TIPO_ACCION,EJECUCION,PARAMETROS,DESCRIPCION,TITULO,ICONO,ACTIVO) 
VALUES(504,'general.proveedores.lstProveedores','INFORME','proveedores',NULL,'Listado de Proveedores','Listado de Proveedores','comun/images/menu/pagina.png','S');
INSERT INTO config_acciones_tbl (ID_ACCION,ACCION,TIPO_ACCION,EJECUCION,PARAMETROS,DESCRIPCION,TITULO,ICONO,ACTIVO) 
VALUES(505,'general.secciones.lstSecciones','INFORME','secciones',NULL,'Listado de Secciones','Listado de Secciones','comun/images/menu/pagina.png','S');
INSERT INTO config_acciones_tbl (ID_ACCION,ACCION,TIPO_ACCION,EJECUCION,PARAMETROS,DESCRIPCION,TITULO,ICONO,ACTIVO) 
VALUES(506,'general.categorizacion.lstCategorizacion','INFORME','categorizaciones',NULL,'Listado de Categorizaciones','Listado de Categorizaciones','comun/images/menu/pagina.png','S');
INSERT INTO config_acciones_tbl (ID_ACCION,ACCION,TIPO_ACCION,EJECUCION,PARAMETROS,DESCRIPCION,TITULO,ICONO,ACTIVO) 
VALUES(507,'general.ud_medida_etiquetas.lstUdMedida','INFORME','unidadesMedidaEtiquetas',NULL,'Listado de Unidades de Medida de Venta','Listado de Unidades de Medida de Venta','comun/images/menu/pagina.png','S');
INSERT INTO config_acciones_tbl (ID_ACCION,ACCION,TIPO_ACCION,EJECUCION,PARAMETROS,DESCRIPCION,TITULO,ICONO,ACTIVO) 
VALUES(508,'general.bancos.lstBancos','INFORME','bancos',NULL,'Listado de Bancos','Listado de Bancos','comun/images/menu/pagina.png','S');
INSERT INTO config_acciones_tbl (ID_ACCION,ACCION,TIPO_ACCION,EJECUCION,PARAMETROS,DESCRIPCION,TITULO,ICONO,ACTIVO) 
VALUES(509,'general.paises.lstPaises','INFORME','paises',NULL,'Listado de Países','Listado de Países','comun/images/menu/pagina.png','S');
INSERT INTO config_acciones_tbl (ID_ACCION,ACCION,TIPO_ACCION,EJECUCION,PARAMETROS,DESCRIPCION,TITULO,ICONO,ACTIVO) 
VALUES(510,'compras.albaranes.infAlbaranCompras','INFORME','albaranesCompras',NULL,'Informe de albarán de compras','Informe de Albarán de Compras','comun/images/menu/pagina.png','S');
INSERT INTO config_acciones_tbl (ID_ACCION,ACCION,TIPO_ACCION,EJECUCION,PARAMETROS,DESCRIPCION,TITULO,ICONO,ACTIVO) 
VALUES(511,'general.sectores.lstSectores','INFORME','sectores',NULL,'Listado de Sectores','Listado de Sectores','comun/images/menu/pagina.png','S');
INSERT INTO config_acciones_tbl (ID_ACCION,ACCION,TIPO_ACCION,EJECUCION,PARAMETROS,DESCRIPCION,TITULO,ICONO,ACTIVO) 
VALUES(512,'general.tiendas.lstTiendas','INFORME','tiendas',NULL,'Listado de Tiendas','Listado de Tiendas','comun/images/menu/pagina.png','S');
INSERT INTO config_acciones_tbl (ID_ACCION,ACCION,TIPO_ACCION,EJECUCION,PARAMETROS,DESCRIPCION,TITULO,ICONO,ACTIVO) 
VALUES(513,'general.tipo_efectos.lstTipoEfectos','INFORME','tiposEfectos',NULL,'Listado de Tipos de Efectos','Listado de Tipos de Efectos','comun/images/menu/pagina.png','S');
INSERT INTO config_acciones_tbl (ID_ACCION,ACCION,TIPO_ACCION,EJECUCION,PARAMETROS,DESCRIPCION,TITULO,ICONO,ACTIVO) 
VALUES(514,'almacenes.lstAlmacenes','INFORME','almacenes',NULL,'Listado de Almacenes','Listado de Almacenes','comun/images/menu/pagina.png','S');
INSERT INTO config_acciones_tbl (ID_ACCION,ACCION,TIPO_ACCION,EJECUCION,PARAMETROS,DESCRIPCION,TITULO,ICONO,ACTIVO) 
VALUES(515,'general.medio_pago.lstmediospago','INFORME','mediosPago',NULL,'Listao de Medios de Pago','Listado de Medios de Pago','comun/images/menu/pagina.png','S');
INSERT INTO config_acciones_tbl (ID_ACCION,ACCION,TIPO_ACCION,EJECUCION,PARAMETROS,DESCRIPCION,TITULO,ICONO,ACTIVO) 
VALUES(516,'almacenes.lstconceptosalmacen','INFORME','conceptoAlmacenesREGU',NULL,'Listado de Conceptos de Almacenes','Listado de Conceptos de Almacenes','comun/images/menu/pagina.png','S');
INSERT INTO config_acciones_tbl (ID_ACCION,ACCION,TIPO_ACCION,EJECUCION,PARAMETROS,DESCRIPCION,TITULO,ICONO,ACTIVO) 
VALUES(517,'general.tarifas.lstTarifas','INFORME','tarifas',NULL,'Listado de Tarifas','Listado de Tarifas','comun/images/menu/pagina.png','S');
INSERT INTO config_acciones_tbl (ID_ACCION,ACCION,TIPO_ACCION,EJECUCION,PARAMETROS,DESCRIPCION,TITULO,ICONO,ACTIVO) 
VALUES(518,'general.promociones.lstPromociones','INFORME','promociones',NULL,'Listado de Promociones','Listado de Promociones','comun/images/menu/pagina.png','S');
INSERT INTO config_acciones_tbl (ID_ACCION,ACCION,TIPO_ACCION,EJECUCION,PARAMETROS,DESCRIPCION,TITULO,ICONO,ACTIVO) 
VALUES(519,'general.portes.lstTipoPortes','INFORME','tiposPortes',NULL,'Listado de Tipos de Portes','Listado de Tipos de Portes','comun/images/menu/pagina.png','S');
INSERT INTO config_acciones_tbl (ID_ACCION,ACCION,TIPO_ACCION,EJECUCION,PARAMETROS,DESCRIPCION,TITULO,ICONO,ACTIVO) 
VALUES(520,'almacenes.lstRegularizacionAlmacen','INFORME','regularizaciones',NULL,'Listado de Regularizaciones','Listado de Regularizaciones','comun/images/menu/pagina.png','S');
INSERT INTO config_acciones_tbl (ID_ACCION,ACCION,TIPO_ACCION,EJECUCION,PARAMETROS,DESCRIPCION,TITULO,ICONO,ACTIVO) 
VALUES(522,'compras.estadisticas.lstSituacionCompras','INFORME','estadisticasCompras',NULL,'Estadísticas de compras','Estadísticas de Compras','comun/images/menu/pagina.png','S');
INSERT INTO config_acciones_tbl (ID_ACCION,ACCION,TIPO_ACCION,EJECUCION,PARAMETROS,DESCRIPCION,TITULO,ICONO,ACTIVO) 
VALUES(524,'compras.albaranes.lstAlbaranesCompras','INFORME','albaranesCompras',NULL,'Listado de Albaranes de Compras','Listado de Albaranes de Compras','comun/images/menu/pagina.png','S');
INSERT INTO config_acciones_tbl (ID_ACCION,ACCION,TIPO_ACCION,EJECUCION,PARAMETROS,DESCRIPCION,TITULO,ICONO,ACTIVO) 
VALUES(526,'ventas.estadisticas.lstSituacionVentas','INFORME','estadisticasVentas',NULL,'Estadísticas de ventas','Estadísticas de Ventas','comun/images/menu/pagina.png','S');
INSERT INTO config_acciones_tbl (ID_ACCION,ACCION,TIPO_ACCION,EJECUCION,PARAMETROS,DESCRIPCION,TITULO,ICONO,ACTIVO) 
VALUES(528,'ventas.albaranes.infAlbaranVentas','INFORME','albaranesVentas',NULL,'Informe de Albarán de Ventas','Informe de Albarán de Ventas','comun/images/menu/pagina.png','S');
INSERT INTO config_acciones_tbl (ID_ACCION,ACCION,TIPO_ACCION,EJECUCION,PARAMETROS,DESCRIPCION,TITULO,ICONO,ACTIVO) 
VALUES(529,'ventas.albaranes.lstAlbaranesVentas','INFORME','albaranesVentas',NULL,'Listado de Albaranes de Ventas','Listado de Albaranes de Ventas','comun/images/menu/pagina.png','S');
INSERT INTO config_acciones_tbl (ID_ACCION,ACCION,TIPO_ACCION,EJECUCION,PARAMETROS,DESCRIPCION,TITULO,ICONO,ACTIVO) 
VALUES(530,'backoffice.articulos.lstCambiosArticulos','INFORME','cambiosArticulosTarifas',NULL,'Informe de Cambios en los Artículos de una Tienda','Informe de Cambios en los Artículos de una Tienda','comun/images/menu/pagina.png','S');
INSERT INTO config_acciones_tbl (ID_ACCION,ACCION,TIPO_ACCION,EJECUCION,PARAMETROS,DESCRIPCION,TITULO,ICONO,ACTIVO) 
VALUES(531,'backoffice.articulos.lstCambiosTarifas','INFORME','cambiosArticulosTarifas',NULL,'Informe de Cambios en las Tarifas de una Tienda','Informe de Cambios en las Tarifas de una Tienda','comun/images/menu/pagina.png','S');
INSERT INTO config_acciones_tbl (ID_ACCION,ACCION,TIPO_ACCION,EJECUCION,PARAMETROS,DESCRIPCION,TITULO,ICONO,ACTIVO) 
VALUES(532,'ventas.pedidos.InfPedidoVentas','INFORME','pedidosVentas',NULL,'Informe de Pedido de Ventas','Informe de Pedido de Ventas','comun/images/menu/pagina.png','S');
INSERT INTO config_acciones_tbl (ID_ACCION,ACCION,TIPO_ACCION,EJECUCION,PARAMETROS,DESCRIPCION,TITULO,ICONO,ACTIVO) 
VALUES(533,'ventas.pedidos.lstPedidosVentas','INFORME','pedidosVentas',NULL,'Listado de Pedidos de Ventas','Listado de Pedidos de Ventas','comun/images/menu/pagina.png','S');
INSERT INTO config_acciones_tbl (ID_ACCION,ACCION,TIPO_ACCION,EJECUCION,PARAMETROS,DESCRIPCION,TITULO,ICONO,ACTIVO) 
VALUES(534,'tesoreria.cobros.lstCobros','INFORME','tratamientoCobros',NULL,'Informe de los documentos de cobros','Listado de los documentos de cobros','comun/images/menu/pagina.png','S');
INSERT INTO config_acciones_tbl (ID_ACCION,ACCION,TIPO_ACCION,EJECUCION,PARAMETROS,DESCRIPCION,TITULO,ICONO,ACTIVO) 
VALUES(535,'tesoreria.pagos.lstPagos','INFORME','tratamientoPagos',NULL,'Listado de los documentos de pagos','Listado de los documentos de pagos','comun/images/menu/pagina.png','S');
INSERT INTO config_acciones_tbl (ID_ACCION,ACCION,TIPO_ACCION,EJECUCION,PARAMETROS,DESCRIPCION,TITULO,ICONO,ACTIVO) 
VALUES(536,'tesoreria.cobros.infremesacobros','INFORME','remesasCobros',NULL,'Informe de la remesa de cobro','Informe de la remesa de cobro','comun/images/menu/pagina.png','S');
INSERT INTO config_acciones_tbl (ID_ACCION,ACCION,TIPO_ACCION,EJECUCION,PARAMETROS,DESCRIPCION,TITULO,ICONO,ACTIVO) 
VALUES(537,'almacenes.lstInventarioAlmacen','INFORME','inventarios',NULL,'Inventario de almacenes','Inventario de almacenes','comun/images/menu/pagina.png','S');
INSERT INTO config_acciones_tbl (ID_ACCION,ACCION,TIPO_ACCION,EJECUCION,PARAMETROS,DESCRIPCION,TITULO,ICONO,ACTIVO) 
VALUES(538,'ventas.facturas.infFacturaVentas','INFORME','facturacionAlbaranesVentas',NULL,'Impresión de Facturas de Ventas','Impresión de Facturas de Ventas','comun/images/menu/pagina.png','S');
INSERT INTO config_acciones_tbl (ID_ACCION,ACCION,TIPO_ACCION,EJECUCION,PARAMETROS,DESCRIPCION,TITULO,ICONO,ACTIVO) 
VALUES(539,'backoffice.aprovisionamientos.lstAprovisionamientos','INFORME','aprovisionamientos',NULL,'Listado de aprovisionamientos','Listado de aprovisionamientos','comun/images/menu/pagina.png','S');
INSERT INTO config_acciones_tbl (ID_ACCION,ACCION,TIPO_ACCION,EJECUCION,PARAMETROS,DESCRIPCION,TITULO,ICONO,ACTIVO) 
VALUES(540,'backoffice.aprovisionamientos.infAprovisionamientos','INFORME','aprovisionamientos',NULL,'Informe de aprovisionamientos','Informe de aprovisionamientos','comun/images/menu/pagina.png','S');
INSERT INTO config_acciones_tbl (ID_ACCION,ACCION,TIPO_ACCION,EJECUCION,PARAMETROS,DESCRIPCION,TITULO,ICONO,ACTIVO) 
VALUES(541,'tesoreria.pagos.infremesapagos','INFORME','remesasPagos',NULL,'Informe de la remesa de pago','Informe de la remesa de pago','comun/imiages/menu/pagina.png','S');
INSERT INTO config_acciones_tbl (ID_ACCION,ACCION,TIPO_ACCION,EJECUCION,PARAMETROS,DESCRIPCION,TITULO,ICONO,ACTIVO) 
VALUES(542,'compras.pedidos.lstPedidosCompras','INFORME','pedidosCompras',NULL,'Listado de Pedidos de Compras','Listado de Pedidos de Compras','comun/images/menu/pagina.png','S');
INSERT INTO config_acciones_tbl (ID_ACCION,ACCION,TIPO_ACCION,EJECUCION,PARAMETROS,DESCRIPCION,TITULO,ICONO,ACTIVO) 
VALUES(543,'compras.pedidos.InfPedidoCompras','INFORME','pedidosCompras',NULL,'Informe de Pedido de Compras','Informe de Pedido de Compras','comun/images/menu/pagina.png','S');


-- config_ayudas_tbl

INSERT INTO config_ayudas_tbl(nombre, definicion) VALUES ('ALMACENES', '3c3f786d6c2076657273696f6e3d22312e302220656e636f64696e673d225554462d38223f3e0d0a3c6179756461206e6f6d6272653d22414c4d4143454e4553223e0d0a202020203c746974756c6f3e417975646120646520416c6d6163656e65733c2f746974756c6f3e0d0a202020203c6f726967656e207469706f3d22656d7072657361223e445f414c4d4143454e45535f54424c3c2f6f726967656e3e0d0a202020203c63616d706f733e0d0a20202020202020203c63616d706f2069643d22434f44414c4d22207469706f3d22636f6469676f223e0d0a2020202020202020202020203c65746971756574613e416c6d6163c3a96e3c2f65746971756574613e0d0a2020202020202020202020203c76697369626c653e533c2f76697369626c653e0d0a20202020202020203c2f63616d706f3e0d0a20202020202020203c63616d706f2069643d22444553414c4d22207469706f3d226465736372697063696f6e223e0d0a2020202020202020202020203c65746971756574613e446573637269706369c3b36e3c2f65746971756574613e0d0a20202020202020203c2f63616d706f3e0d0a202020203c2f63616d706f733e0d0a202020203c66696c74726f2f3e0d0a202020203c636f6e73756c74614175746f3e533c2f636f6e73756c74614175746f3e0d0a3c2f61797564613e0d0a');
INSERT INTO config_ayudas_tbl(nombre, definicion) VALUES ('SERIES', '3c3f786d6c2076657273696f6e3d22312e302220656e636f64696e673d225554462d38223f3e0d0a3c6179756461206e6f6d6272653d22534552494553223e0d0a202020203c746974756c6f3e4179756461206465205365726965733c2f746974756c6f3e0d0a202020203c6f726967656e207469706f3d22656d7072657361223e445f5345524945535f54424c3c2f6f726967656e3e0d0a202020203c63616d706f733e0d0a20202020202020203c63616d706f2069643d22434f44534552494522207469706f3d22636f6469676f223e0d0a2020202020202020202020203c65746971756574613e53657269653c2f65746971756574613e0d0a2020202020202020202020203c76697369626c653e533c2f76697369626c653e0d0a20202020202020203c2f63616d706f3e0d0a20202020202020203c63616d706f2069643d22444553534552494522207469706f3d226465736372697063696f6e223e0d0a2020202020202020202020203c65746971756574613e446573637269706369c3b36e3c2f65746971756574613e0d0a20202020202020203c2f63616d706f3e0d0a202020203c2f63616d706f733e0d0a202020203c66696c74726f2f3e0d0a202020203c636f6e73756c74614175746f3e533c2f636f6e73756c74614175746f3e0d0a3c2f61797564613e0d0a');
INSERT INTO config_ayudas_tbl(nombre, definicion) VALUES ('TARIFAS', '3c3f786d6c2076657273696f6e3d22312e302220656e636f64696e673d225554462d38223f3e0d0a3c6179756461206e6f6d6272653d2254415249464153223e0d0a202020203c746974756c6f3e417975646120646520546172696661733c2f746974756c6f3e0d0a202020203c6f726967656e207469706f3d22656d7072657361223e445f544152494641535f4341425f54424c3c2f6f726967656e3e0d0a202020203c63616d706f733e0d0a20202020202020203c63616d706f2069643d22434f4454415222207469706f3d22636f6469676f223e0d0a2020202020202020202020203c65746971756574613e5461726966613c2f65746971756574613e0d0a2020202020202020202020203c76697369626c653e533c2f76697369626c653e0d0a20202020202020203c2f63616d706f3e0d0a20202020202020203c63616d706f2069643d2244455354415222207469706f3d226465736372697063696f6e223e0d0a2020202020202020202020203c65746971756574613e446573637269706369c3b36e3c2f65746971756574613e0d0a20202020202020203c2f63616d706f3e0d0a202020203c2f63616d706f733e0d0a202020203c66696c74726f2f3e0d0a202020203c636f6e73756c74614175746f3e533c2f636f6e73756c74614175746f3e0d0a3c2f61797564613e0d0a');
INSERT INTO config_ayudas_tbl(nombre, definicion) VALUES ('PROVEEDORES', '3c3f786d6c2076657273696f6e3d22312e302220656e636f64696e673d225554462d38223f3e0d0a3c6179756461206e6f6d6272653d2250524f564545444f524553223e0d0a202020203c746974756c6f3e41797564612064652050726f766565646f7265733c2f746974756c6f3e0d0a202020203c6f726967656e207469706f3d22656d7072657361223e445f50524f564545444f5245535f54424c3c2f6f726967656e3e0d0a202020203c63616d706f733e0d0a20202020202020203c63616d706f2069643d22434f4450524f22207469706f3d22636f6469676f223e0d0a2020202020202020202020203c65746971756574613e50726f766565646f723c2f65746971756574613e0d0a2020202020202020202020203c76697369626c653e533c2f76697369626c653e0d0a20202020202020203c2f63616d706f3e0d0a20202020202020203c63616d706f2069643d2244455350524f22207469706f3d226465736372697063696f6e223e0d0a2020202020202020202020203c65746971756574613e446573637269706369c3b36e3c2f65746971756574613e0d0a20202020202020203c2f63616d706f3e0d0a202020203c2f63616d706f733e0d0a202020203c66696c74726f2f3e0d0a202020203c636f6e73756c74614175746f3e533c2f636f6e73756c74614175746f3e0d0a3c2f61797564613e0d0a');
INSERT INTO config_ayudas_tbl(nombre, definicion) VALUES ('SECCIONES', '3c3f786d6c2076657273696f6e3d22312e302220656e636f64696e673d225554462d38223f3e0d0a3c6179756461206e6f6d6272653d2253454343494f4e4553223e0d0a202020203c746974756c6f3e41797564612064652053656363696f6e65733c2f746974756c6f3e0d0a202020203c6f726967656e207469706f3d22656d7072657361223e445f53454343494f4e45535f54424c3c2f6f726967656e3e0d0a202020203c63616d706f733e0d0a20202020202020203c63616d706f2069643d22434f4453454343494f4e22207469706f3d22636f6469676f223e0d0a2020202020202020202020203c65746971756574613e5365636369c3b36e3c2f65746971756574613e0d0a2020202020202020202020203c76697369626c653e533c2f76697369626c653e0d0a20202020202020203c2f63616d706f3e0d0a20202020202020203c63616d706f2069643d2244455353454343494f4e22207469706f3d226465736372697063696f6e223e0d0a2020202020202020202020203c65746971756574613e446573637269706369c3b36e3c2f65746971756574613e0d0a20202020202020203c2f63616d706f3e0d0a202020203c2f63616d706f733e0d0a202020203c66696c74726f2f3e0d0a202020203c636f6e73756c74614175746f3e533c2f636f6e73756c74614175746f3e0d0a3c2f61797564613e0d0a');
INSERT INTO config_ayudas_tbl(nombre, definicion) VALUES ('CATEGORIZACIONES', '3c3f786d6c2076657273696f6e3d22312e302220656e636f64696e673d225554462d38223f3e0d0a3c6179756461206e6f6d6272653d2243415445474f52495a4143494f4e4553223e0d0a202020203c746974756c6f3e41797564612064652043617465676f72697a6163696f6e65733c2f746974756c6f3e0d0a202020203c6f726967656e207469706f3d22656d7072657361223e445f43415445474f52495a4143494f4e5f54424c3c2f6f726967656e3e0d0a202020203c63616d706f733e0d0a20202020202020203c63616d706f2069643d22434f4443415422207469706f3d22636f6469676f223e0d0a2020202020202020202020203c65746971756574613e43617465676f72697a616369c3b36e3c2f65746971756574613e0d0a2020202020202020202020203c76697369626c653e533c2f76697369626c653e0d0a20202020202020203c2f63616d706f3e0d0a20202020202020203c63616d706f2069643d2244455343415422207469706f3d226465736372697063696f6e223e0d0a2020202020202020202020203c65746971756574613e446573637269706369c3b36e3c2f65746971756574613e0d0a20202020202020203c2f63616d706f3e0d0a202020203c2f63616d706f733e0d0a202020203c66696c74726f2f3e0d0a202020203c636f6e73756c74614175746f3e533c2f636f6e73756c74614175746f3e0d0a3c2f61797564613e0d0a');
INSERT INTO config_ayudas_tbl(nombre, definicion) VALUES ('IMPUESTOS', '3c3f786d6c2076657273696f6e3d22312e302220656e636f64696e673d225554462d38223f3e0d0a3c6179756461206e6f6d6272653d22494d50554553544f53223e0d0a202020203c746974756c6f3e417975646120646520496d70756573746f733c2f746974756c6f3e0d0a202020203c6f726967656e207469706f3d22636f6e666967223e434f4e4649475f494d505f5449504f535f54424c3c2f6f726967656e3e0d0a202020203c63616d706f733e0d0a20202020202020203c63616d706f2069643d22434f44494d5022207469706f3d22636f6469676f223e0d0a2020202020202020202020203c65746971756574613e496d70756573746f3c2f65746971756574613e0d0a2020202020202020202020203c76697369626c653e4e3c2f76697369626c653e0d0a20202020202020203c2f63616d706f3e0d0a20202020202020203c63616d706f2069643d22444553494d5022207469706f3d226465736372697063696f6e223e0d0a2020202020202020202020203c65746971756574613e446573637269706369c3b36e3c2f65746971756574613e0d0a20202020202020203c2f63616d706f3e0d0a202020203c2f63616d706f733e0d0a202020203c66696c74726f2f3e0d0a202020203c636f6e73756c74614175746f3e533c2f636f6e73756c74614175746f3e0d0a3c2f61797564613e0d0a');
INSERT INTO config_ayudas_tbl(nombre, definicion) VALUES ('ARTICULOS', '3c3f786d6c2076657273696f6e3d22312e302220656e636f64696e673d225554462d38223f3e0d0a3c6179756461206e6f6d6272653d224152544943554c4f53223e0d0a202020203c746974756c6f3e417975646120646520417274c3ad63756c6f733c2f746974756c6f3e0d0a202020203c6f726967656e207469706f3d22656d7072657361223e445f4152544943554c4f535f54424c3c2f6f726967656e3e0d0a202020203c63616d706f733e0d0a20202020202020203c63616d706f2069643d22434f4441525422207469706f3d22636f6469676f223e0d0a2020202020202020202020203c65746971756574613e417274c3ad63756c6f3c2f65746971756574613e0d0a2020202020202020202020203c76697369626c653e533c2f76697369626c653e0d0a20202020202020203c2f63616d706f3e0d0a20202020202020203c63616d706f2069643d2244455341525422207469706f3d226465736372697063696f6e223e0d0a2020202020202020202020203c65746971756574613e446573637269706369c3b36e3c2f65746971756574613e0d0a20202020202020203c2f63616d706f3e0d0a202020203c2f63616d706f733e0d0a202020203c66696c74726f2f3e0d0a202020203c636f6e73756c74614175746f3e533c2f636f6e73756c74614175746f3e0d0a3c2f61797564613e0d0a');
INSERT INTO config_ayudas_tbl(nombre, definicion) VALUES ('UNIDADES_MEDIDAS_ETIQUETAS', '3c3f786d6c2076657273696f6e3d22312e302220656e636f64696e673d225554462d38223f3e0d0a3c6179756461206e6f6d6272653d22554e4944414445535f4d4544494441535f455449515545544153223e0d0a202020203c746974756c6f3e417975646120646520556e696461646573206465204d656469646173206465204574697175657461733c2f746974756c6f3e0d0a202020203c6f726967656e207469706f3d22656d7072657361223e445f554e494441445f4d45444944415f4554495155455441535f54424c3c2f6f726967656e3e0d0a202020203c63616d706f733e0d0a20202020202020203c63616d706f2069643d22434f445f554d5f455449515545544122207469706f3d22636f6469676f223e0d0a2020202020202020202020203c65746971756574613e556e696461643c2f65746971756574613e0d0a2020202020202020202020203c76697369626c653e4e3c2f76697369626c653e0d0a20202020202020203c2f63616d706f3e0d0a20202020202020203c63616d706f2069643d224445535f554d5f455449515545544122207469706f3d226465736372697063696f6e223e0d0a2020202020202020202020203c65746971756574613e446573637269706369c3b36e3c2f65746971756574613e0d0a20202020202020203c2f63616d706f3e0d0a202020203c2f63616d706f733e0d0a202020203c66696c74726f2f3e0d0a202020203c636f6e73756c74614175746f3e533c2f636f6e73756c74614175746f3e0d0a3c2f61797564613e0d0a');
INSERT INTO config_ayudas_tbl(nombre, definicion) VALUES ('SECTORES', '3c3f786d6c2076657273696f6e3d22312e302220656e636f64696e673d225554462d38223f3e0d0a3c6179756461206e6f6d6272653d22534543544f524553223e0d0a202020203c746974756c6f3e417975646120646520536563746f7265733c2f746974756c6f3e0d0a202020203c6f726967656e207469706f3d22656d7072657361223e445f534543544f5245535f54424c3c2f6f726967656e3e0d0a202020203c63616d706f733e0d0a20202020202020203c63616d706f2069643d22434f4453454322207469706f3d22636f6469676f223e0d0a2020202020202020202020203c65746971756574613e536563746f723c2f65746971756574613e0d0a2020202020202020202020203c76697369626c653e533c2f76697369626c653e0d0a20202020202020203c2f63616d706f3e0d0a20202020202020203c63616d706f2069643d2244455353454322207469706f3d226465736372697063696f6e223e0d0a2020202020202020202020203c65746971756574613e446573637269706369c3b36e3c2f65746971756574613e0d0a20202020202020203c2f63616d706f3e0d0a202020203c2f63616d706f733e0d0a202020203c66696c74726f2f3e0d0a202020203c636f6e73756c74614175746f3e533c2f636f6e73756c74614175746f3e0d0a3c2f61797564613e0d0a');
INSERT INTO config_ayudas_tbl(nombre, definicion) VALUES ('TRATAMIENTO_IMP', '3c3f786d6c2076657273696f6e3d22312e302220656e636f64696e673d225554462d38223f3e0d0a3c6179756461206e6f6d6272653d2254524154414d49454e544f5f494d50223e0d0a202020203c746974756c6f3e41797564612064652054726174616d69656e746f20646520496d70756573746f733c2f746974756c6f3e0d0a202020203c6f726967656e207469706f3d22656d7072657361223e434f4e4649475f494d505f54524154414d49454e544f5f54424c3c2f6f726967656e3e0d0a202020203c63616d706f733e0d0a20202020202020203c63616d706f2069643d2249445f545241545f494d50554553544f5322207469706f3d22636f6469676f223e0d0a2020202020202020202020203c65746971756574613e436f6469676f3c2f65746971756574613e0d0a2020202020202020202020203c76697369626c653e4e3c2f76697369626c653e0d0a20202020202020203c2f63616d706f3e0d0a20202020202020203c63616d706f2069643d2244455354524154494d5022207469706f3d226465736372697063696f6e223e0d0a2020202020202020202020203c65746971756574613e4465736372697063696f6e3c2f65746971756574613e0d0a20202020202020203c2f63616d706f3e0d0a202020203c2f63616d706f733e0d0a202020203c66696c74726f2f3e0d0a202020203c636f6e73756c74614175746f3e533c2f636f6e73756c74614175746f3e0d0a3c2f61797564613e0d0a');
INSERT INTO config_ayudas_tbl(nombre, definicion) VALUES ('TIPOSEFECTOS', '3c3f786d6c2076657273696f6e3d22312e302220656e636f64696e673d225554462d38223f3e0d0a3c6179756461206e6f6d6272653d225449504f5345464543544f53223e0d0a202020203c746974756c6f3e4179756461206465205469706f732064652045666563746f733c2f746974756c6f3e0d0a202020203c6f726967656e207469706f3d22656d7072657361223e445f5449504f535f45464543544f535f54424c3c2f6f726967656e3e0d0a202020203c63616d706f733e0d0a20202020202020203c63616d706f2069643d22434f445449504f4546454322207469706f3d22636f6469676f223e0d0a2020202020202020202020203c65746971756574613e5469706f2064652065666563746f3c2f65746971756574613e0d0a2020202020202020202020203c76697369626c653e533c2f76697369626c653e0d0a20202020202020203c2f63616d706f3e0d0a20202020202020203c63616d706f2069643d224445535449504f4546454322207469706f3d226465736372697063696f6e223e0d0a2020202020202020202020203c65746971756574613e446573637269706369c3b36e3c2f65746971756574613e0d0a20202020202020203c2f63616d706f3e0d0a202020203c2f63616d706f733e0d0a202020203c66696c74726f2f3e0d0a202020203c636f6e73756c74614175746f3e533c2f636f6e73756c74614175746f3e0d0a3c2f61797564613e0d0a');
INSERT INTO config_ayudas_tbl(nombre, definicion) VALUES ('CLIENTES', '3c3f786d6c2076657273696f6e3d22312e302220656e636f64696e673d225554462d38223f3e0d0a3c6179756461206e6f6d6272653d22434c49454e544553223e0d0a202020203c746974756c6f3e417975646120646520436c69656e7465733c2f746974756c6f3e0d0a202020203c6f726967656e207469706f3d22656d7072657361223e445f434c49454e5445535f54424c3c2f6f726967656e3e0d0a202020203c63616d706f733e0d0a20202020202020203c63616d706f2069643d22434f44434c4922207469706f3d22636f6469676f223e0d0a2020202020202020202020203c65746971756574613e43c3b36469676f3c2f65746971756574613e0d0a2020202020202020202020203c76697369626c653e533c2f76697369626c653e0d0a20202020202020203c2f63616d706f3e0d0a20202020202020203c63616d706f2069643d22444553434c4922207469706f3d226465736372697063696f6e223e0d0a2020202020202020202020203c65746971756574613e446573637269706369c3b36e3c2f65746971756574613e0d0a20202020202020203c2f63616d706f3e0d0a202020203c2f63616d706f733e0d0a202020203c66696c74726f2f3e0d0a202020203c636f6e73756c74614175746f3e533c2f636f6e73756c74614175746f3e0d0a3c2f61797564613e0d0a');
INSERT INTO config_ayudas_tbl(nombre, definicion) VALUES ('BANCOS', '3c3f786d6c2076657273696f6e3d22312e302220656e636f64696e673d225554462d38223f3e0d0a3c6179756461206e6f6d6272653d2242414e434f53223e0d0a202020203c746974756c6f3e41797564612064652042616e636f733c2f746974756c6f3e0d0a202020203c6f726967656e207469706f3d22656d7072657361223e445f42414e434f535f54424c3c2f6f726967656e3e0d0a202020203c63616d706f733e0d0a20202020202020203c63616d706f2069643d22434f4442414e22207469706f3d22636f6469676f223e0d0a2020202020202020202020203c65746971756574613e42616e636f3c2f65746971756574613e0d0a2020202020202020202020203c76697369626c653e533c2f76697369626c653e0d0a20202020202020203c2f63616d706f3e0d0a20202020202020203c63616d706f2069643d2244455342414e22207469706f3d226465736372697063696f6e223e0d0a2020202020202020202020203c65746971756574613e446573637269706369c3b36e3c2f65746971756574613e0d0a20202020202020203c2f63616d706f3e0d0a202020203c2f63616d706f733e0d0a202020203c66696c74726f2f3e0d0a202020203c636f6e73756c74614175746f3e533c2f636f6e73756c74614175746f3e0d0a3c2f61797564613e0d0a');
INSERT INTO config_ayudas_tbl(nombre, definicion) VALUES ('FABRICANTES', '3c3f786d6c2076657273696f6e3d22312e302220656e636f64696e673d225554462d38223f3e0d0a3c6179756461206e6f6d6272653d22464142524943414e544553223e0d0a202020203c746974756c6f3e417975646120646520466162726963616e7465733c2f746974756c6f3e0d0a202020203c6f726967656e207469706f3d22656d7072657361223e445f464142524943414e5445533c2f6f726967656e3e0d0a202020203c63616d706f733e0d0a20202020202020203c63616d706f2069643d22434f4450524f22207469706f3d22636f6469676f223e0d0a2020202020202020202020203c65746971756574613e466162726963616e74653c2f65746971756574613e0d0a2020202020202020202020203c76697369626c653e533c2f76697369626c653e0d0a20202020202020203c2f63616d706f3e0d0a20202020202020203c63616d706f2069643d2244455350524f22207469706f3d226465736372697063696f6e223e0d0a2020202020202020202020203c65746971756574613e446573637269706369c3b36e3c2f65746971756574613e0d0a20202020202020203c2f63616d706f3e0d0a202020203c2f63616d706f733e0d0a202020203c66696c74726f2f3e0d0a202020203c636f6e73756c74614175746f3e533c2f636f6e73756c74614175746f3e0d0a3c2f61797564613e0d0a');
INSERT INTO config_ayudas_tbl(nombre, definicion) VALUES ('TIENDAS', '3c3f786d6c2076657273696f6e3d22312e302220656e636f64696e673d225554462d38223f3e0d0a3c6179756461206e6f6d6272653d225449454e444153223e0d0a202020203c746974756c6f3e4179756461206465205469656e6461733c2f746974756c6f3e0d0a202020203c6f726967656e207469706f3d22656d7072657361223e445f5449454e4441533c2f6f726967656e3e0d0a202020203c63616d706f733e0d0a20202020202020203c63616d706f2069643d22434f44414c4d22207469706f3d22636f6469676f223e0d0a2020202020202020202020203c65746971756574613e5469656e64613c2f65746971756574613e0d0a2020202020202020202020203c76697369626c653e533c2f76697369626c653e0d0a20202020202020203c2f63616d706f3e0d0a20202020202020203c63616d706f2069643d22444553414c4d22207469706f3d226465736372697063696f6e223e0d0a2020202020202020202020203c65746971756574613e446573637269706369c3b36e3c2f65746971756574613e0d0a20202020202020203c2f63616d706f3e0d0a202020203c2f63616d706f733e0d0a202020203c66696c74726f2f3e0d0a202020203c636f6e73756c74614175746f3e533c2f636f6e73756c74614175746f3e0d0a3c2f61797564613e0d0a');
INSERT INTO config_ayudas_tbl(nombre, definicion) VALUES ('CONCEPTOS_ALMACENES_REGU', '3c3f786d6c2076657273696f6e3d22312e302220656e636f64696e673d225554462d38223f3e0d0a3c6179756461206e6f6d6272653d22434f4e434550544f535f414c4d4143454e45535f52454755223e0d0a202020203c746974756c6f3e417975646120646520436f6e636570746f7320646520416c6d6163656e65733c2f746974756c6f3e0d0a202020203c6f726967656e207469706f3d22656d7072657361223e445f414c4d4143454e45535f434f4e434550544f535f54424c3c2f6f726967656e3e0d0a202020203c63616d706f733e0d0a20202020202020203c63616d706f2069643d22434f44434f4e414c4d22207469706f3d22636f6469676f223e0d0a2020202020202020202020203c65746971756574613e416c6d6163c3a96e3c2f65746971756574613e0d0a2020202020202020202020203c76697369626c653e533c2f76697369626c653e0d0a20202020202020203c2f63616d706f3e0d0a20202020202020203c63616d706f2069643d22444553434f4e414c4d22207469706f3d226465736372697063696f6e223e0d0a2020202020202020202020203c65746971756574613e446573637269706369c3b36e3c2f65746971756574613e0d0a20202020202020203c2f63616d706f3e0d0a202020203c2f63616d706f733e0d0a202020203c66696c74726f3e434f4441504c49434143494f4e203d202752454755273c2f66696c74726f3e0d0a202020203c636f6e73756c74614175746f3e533c2f636f6e73756c74614175746f3e0d0a3c2f61797564613e0d0a');
INSERT INTO config_ayudas_tbl(nombre, definicion) VALUES ('TIENDAS_TIPOS', '3c3f786d6c2076657273696f6e3d22312e302220656e636f64696e673d225554462d38223f3e0d0a3c6179756461206e6f6d6272653d225449454e4441535f5449504f53223e0d0a202020203c746974756c6f3e4179756461206465205469706f73206465205469656e6461733c2f746974756c6f3e0d0a202020203c6f726967656e207469706f3d22636f6e66696775726163696f6e223e434f4e4649475f5449454e4441535f5449504f535f54424c3c2f6f726967656e3e0d0a202020203c63616d706f733e0d0a20202020202020203c63616d706f2069643d2249445f5449504f5f5449454e444122207469706f3d22636f6469676f223e0d0a2020202020202020202020203c65746971756574613e49643c2f65746971756574613e0d0a2020202020202020202020203c76697369626c653e4e3c2f76697369626c653e0d0a20202020202020203c2f63616d706f3e0d0a20202020202020203c63616d706f2069643d224445535449504f5f5449454e444122207469706f3d226465736372697063696f6e223e0d0a2020202020202020202020203c65746971756574613e446573637269706369c3b36e3c2f65746971756574613e0d0a20202020202020203c2f63616d706f3e0d0a202020203c2f63616d706f733e0d0a202020203c66696c74726f2f3e0d0a202020203c636f6e73756c74614175746f3e533c2f636f6e73756c74614175746f3e0d0a3c2f61797564613e');
INSERT INTO config_ayudas_tbl(nombre, definicion) VALUES ('GRUPOS_IMPUESTOS', '3c3f786d6c2076657273696f6e3d22312e302220656e636f64696e673d225554462d38223f3e0d0a3c6179756461206e6f6d6272653d22475255504f535f494d50554553544f53223e0d0a202020203c746974756c6f3e417975646120646520477275706f7320646520496d70756573746f733c2f746974756c6f3e0d0a202020203c6f726967656e207469706f3d22656d7072657361223e434f4e4649475f494d505f475255504f533c2f6f726967656e3e0d0a202020203c63616d706f733e0d0a20202020202020203c63616d706f2069643d2249445f475255504f5f494d50554553544f5322207469706f3d22636f6469676f223e0d0a2020202020202020202020203c65746971756574613e477275706f20496d70756573746f3c2f65746971756574613e0d0a2020202020202020202020203c76697369626c653e4e3c2f76697369626c653e0d0a20202020202020203c2f63616d706f3e0d0a20202020202020203c63616d706f2069643d22564947454e4349415f444553444522207469706f3d226465736372697063696f6e223e0d0a2020202020202020202020203c65746971756574613e566967656e6369613c2f65746971756574613e0d0a20202020202020203c2f63616d706f3e0d0a202020203c2f63616d706f733e0d0a202020203c66696c74726f2f3e0d0a202020203c636f6e73756c74614175746f3e533c2f636f6e73756c74614175746f3e0d0a3c2f61797564613e0d0a');
INSERT INTO config_ayudas_tbl(nombre, definicion) VALUES ('MEDIOS_PAGO_VEN_COMPRAS', '3c3f786d6c2076657273696f6e3d22312e302220656e636f64696e673d225554462d38223f3e0d0a3c6179756461206e6f6d6272653d224d4544494f535f5041474f5f56454e5f434f4d50524153223e0d0a202020203c746974756c6f3e4179756461206465204d6564696f73206465205061676f20646520436f6d707261733c2f746974756c6f3e0d0a202020203c6f726967656e207469706f3d22656d7072657361223e445f4d4544494f535f5041474f5f56454e3c2f6f726967656e3e0d0a202020203c63616d706f733e0d0a20202020202020203c63616d706f2069643d2249445f4d45445041475f56454e22207469706f3d22636f6469676f223e0d0a2020202020202020202020203c65746971756574613e436f6469676f3c2f65746971756574613e0d0a2020202020202020202020203c76697369626c653e4e3c2f76697369626c653e0d0a20202020202020203c2f63616d706f3e0d0a20202020202020203c63616d706f2069643d224445534d45445041475f56454e22207469706f3d226465736372697063696f6e223e0d0a2020202020202020202020203c65746971756574613e446573637269706369c3b36e3c2f65746971756574613e0d0a20202020202020203c2f63616d706f3e0d0a202020203c2f63616d706f733e0d0a202020203c66696c74726f3e56495349424c455f434f4d505241203d202753273c2f66696c74726f3e0d0a202020203c636f6e73756c74614175746f3e533c2f636f6e73756c74614175746f3e0d0a3c2f61797564613e0d0a');
INSERT INTO config_ayudas_tbl(nombre, definicion) VALUES ('MEDIOS_PAGO_VEN_VENTAS', '3c3f786d6c2076657273696f6e3d22312e302220656e636f64696e673d225554462d38223f3e0d0a3c6179756461206e6f6d6272653d224d4544494f535f5041474f5f56454e5f56454e544153223e0d0a202020203c746974756c6f3e4179756461206465204d6564696f73206465205061676f2064652056656e7461733c2f746974756c6f3e0d0a202020203c6f726967656e207469706f3d22656d7072657361223e445f4d4544494f535f5041474f5f56454e3c2f6f726967656e3e0d0a202020203c63616d706f733e0d0a20202020202020203c63616d706f2069643d2249445f4d45445041475f56454e22207469706f3d22636f6469676f223e0d0a2020202020202020202020203c65746971756574613e436f6469676f3c2f65746971756574613e0d0a2020202020202020202020203c76697369626c653e4e3c2f76697369626c653e0d0a20202020202020203c2f63616d706f3e0d0a20202020202020203c63616d706f2069643d224445534d45445041475f56454e22207469706f3d226465736372697063696f6e223e0d0a2020202020202020202020203c65746971756574613e446573637269706369c3b36e3c2f65746971756574613e0d0a20202020202020203c2f63616d706f3e0d0a202020203c2f63616d706f733e0d0a202020203c66696c74726f3e56495349424c455f56454e5441203d202753273c2f66696c74726f3e0d0a202020203c636f6e73756c74614175746f3e533c2f636f6e73756c74614175746f3e0d0a3c2f61797564613e0d0a');
INSERT INTO config_ayudas_tbl(nombre, definicion) VALUES ('CONCEPTOS_ALMACENES_COMP', '3c3f786d6c2076657273696f6e3d22312e302220656e636f64696e673d225554462d38223f3e0d0a3c6179756461206e6f6d6272653d22434f4e434550544f535f414c4d4143454e45535f434f4d50223e0d0a202020203c746974756c6f3e417975646120646520436f6e636570746f7320646520416c6d6163656e657320646520436f6d707261733c2f746974756c6f3e0d0a202020203c6f726967656e207469706f3d22656d7072657361223e445f414c4d4143454e45535f434f4e434550544f533c2f6f726967656e3e0d0a202020203c63616d706f733e0d0a20202020202020203c63616d706f2069643d22434f44434f4e414c4d22207469706f3d22636f6469676f223e0d0a2020202020202020202020203c65746971756574613e436f6e636570746f3c2f65746971756574613e0d0a2020202020202020202020203c76697369626c653e533c2f76697369626c653e0d0a20202020202020203c2f63616d706f3e0d0a20202020202020203c63616d706f2069643d22444553434f4e414c4d22207469706f3d226465736372697063696f6e223e0d0a2020202020202020202020203c65746971756574613e446573637269706369c3b36e3c2f65746971756574613e0d0a20202020202020203c2f63616d706f3e0d0a202020203c2f63616d706f733e0d0a202020203c66696c74726f3e434f4441504c49434143494f4e203d2027434f4d50273c2f66696c74726f3e0d0a202020203c636f6e73756c74614175746f3e533c2f636f6e73756c74614175746f3e0d0a3c2f61797564613e0d0a');
INSERT INTO config_ayudas_tbl(nombre, definicion) VALUES ('APLICACIONES', '3c3f786d6c2076657273696f6e3d22312e302220656e636f64696e673d225554462d38223f3e0d0a3c6179756461206e6f6d6272653d2241504c49434143494f4e4553223e0d0a202020203c746974756c6f3e41797564612064652041706c69636163696f6e65733c2f746974756c6f3e0d0a202020203c6f726967656e207469706f3d22636f6e666967223e434f4e4649475f41504c49434143494f4e45535f5745423c2f6f726967656e3e0d0a202020203c63616d706f733e0d0a20202020202020203c63616d706f2069643d22434f4441504c49434143494f4e22207469706f3d22636f6469676f223e0d0a2020202020202020202020203c65746971756574613e41706c6963616369c3b36e3c2f65746971756574613e0d0a2020202020202020202020203c76697369626c653e4e3c2f76697369626c653e0d0a20202020202020203c2f63616d706f3e0d0a20202020202020203c63616d706f2069643d2244455341504c49434143494f4e22207469706f3d226465736372697063696f6e223e0d0a2020202020202020202020203c65746971756574613e41504c4943414349c3934e3c2f65746971756574613e0d0a20202020202020203c2f63616d706f3e0d0a202020203c2f63616d706f733e0d0a202020203c66696c74726f2f3e0d0a202020203c636f6e73756c74614175746f3e533c2f636f6e73756c74614175746f3e0d0a3c2f61797564613e0d0a');
INSERT INTO config_ayudas_tbl(nombre, definicion) VALUES ('PROMOCIONES', '3c3f786d6c2076657273696f6e3d22312e302220656e636f64696e673d225554462d38223f3e0d0a3c6179756461206e6f6d6272653d2250524f4d4f43494f4e4553223e0d0a202020203c746974756c6f3e41797564612064652050726f6d6f63696f6e65733c2f746974756c6f3e0d0a202020203c6f726967656e207469706f3d22656d7072657361223e445f50524f4d4f43494f4e45535f4341425f54424c3c2f6f726967656e3e0d0a202020203c63616d706f733e0d0a20202020202020203c63616d706f2069643d2249445f50524f4d4f43494f4e22207469706f3d22636f6469676f223e0d0a2020202020202020202020203c65746971756574613e50726f6d6f6369c3b36e3c2f65746971756574613e0d0a2020202020202020202020203c76697369626c653e533c2f76697369626c653e0d0a20202020202020203c2f63616d706f3e0d0a20202020202020203c63616d706f2069643d224445534352495043494f4e22207469706f3d226465736372697063696f6e223e0d0a2020202020202020202020203c65746971756574613e446573637269706369c3b36e3c2f65746971756574613e0d0a20202020202020203c2f63616d706f3e0d0a202020203c2f63616d706f733e0d0a202020203c66696c74726f2f3e0d0a202020203c636f6e73756c74614175746f3e533c2f636f6e73756c74614175746f3e0d0a3c2f61797564613e0d0a');
INSERT INTO config_ayudas_tbl(nombre, definicion) VALUES ('TIPOSPORTES', '3c3f786d6c2076657273696f6e3d22312e302220656e636f64696e673d225554462d38223f3e0d0a3c6179756461206e6f6d6272653d225449504f53504f52544553223e0d0a202020203c746974756c6f3e4179756461206465205469706f7320646520506f727465733c2f746974756c6f3e0d0a202020203c6f726967656e207469706f3d22656d7072657361223e445f5449504f535f504f525445535f54424c3c2f6f726967656e3e0d0a202020203c63616d706f733e0d0a20202020202020203c63616d706f2069643d2249445f5449504f5f504f52544522207469706f3d22636f6469676f223e0d0a2020202020202020202020203c65746971756574613e5469706f20506f7274653c2f65746971756574613e0d0a2020202020202020202020203c76697369626c653e533c2f76697369626c653e0d0a20202020202020203c2f63616d706f3e0d0a20202020202020203c63616d706f2069643d224445535449504f504f52544522207469706f3d226465736372697063696f6e223e0d0a2020202020202020202020203c65746971756574613e446573637269706369c3b36e3c2f65746971756574613e0d0a20202020202020203c2f63616d706f3e0d0a202020203c2f63616d706f733e0d0a202020203c66696c74726f2f3e0d0a202020203c636f6e73756c74614175746f3e533c2f636f6e73756c74614175746f3e0d0a3c2f61797564613e0d0a');
INSERT INTO config_ayudas_tbl(nombre, definicion) VALUES ('DESGLOSES_ARTICULO', '3c3f786d6c2076657273696f6e3d22312e302220656e636f64696e673d225554462d38223f3e0d0a3c6179756461206e6f6d6272653d22445f4152544943554c4f535f434f44424152223e0d0a202020203c746974756c6f3e417975646120646520446573676c6f73657320646520756e20417274c3ad63756c6f3c2f746974756c6f3e0d0a202020203c6f726967656e207469706f3d22656d7072657361223e445f4152544943554c4f535f434f444241523c2f6f726967656e3e0d0a202020203c63616d706f733e0d0a20202020202020203c63616d706f2069643d22444553474c4f53453122207469706f3d22636f6469676f223e0d0a2020202020202020202020203c65746971756574613e446573676c6f736520313c2f65746971756574613e0d0a2020202020202020202020203c76697369626c653e533c2f76697369626c653e0d0a20202020202020203c2f63616d706f3e0d0a20202020202020203c63616d706f2069643d22444553474c4f53453222207469706f3d226465736372697063696f6e223e0d0a2020202020202020202020203c65746971756574613e446573676c6f736520323c2f65746971756574613e0d0a20202020202020203c2f63616d706f3e0d0a202020203c2f63616d706f733e0d0a202020203c63616d706f46696c74726f3e434f444152543c2f63616d706f46696c74726f3e0d0a202020203c66696c74726f2f3e0d0a202020203c636f6e73756c74614175746f3e533c2f636f6e73756c74614175746f3e0d0a3c2f61797564613e');
INSERT INTO config_ayudas_tbl(nombre, definicion) VALUES ('CONCEPTOS_ALMACENES_BACKOFFICE_APRV', '3c3f786d6c2076657273696f6e3d22312e302220656e636f64696e673d225554462d38223f3e0d0a3c6179756461206e6f6d6272653d22434f4e434550544f535f414c4d4143454e45535f4241434b4f46464943455f41505256223e0d0a202020203c746974756c6f3e417975646120646520436f6e636570746f7320646520416c6d6163656e6573206465204170726f766973696f6e616d69656e746f733c2f746974756c6f3e0d0a202020203c6f726967656e207469706f3d22656d7072657361223e445f414c4d4143454e45535f434f4e434550544f533c2f6f726967656e3e0d0a202020203c63616d706f733e0d0a20202020202020203c63616d706f2069643d22434f44434f4e414c4d22207469706f3d22636f6469676f223e0d0a2020202020202020202020203c65746971756574613e436f6e636570746f3c2f65746971756574613e0d0a2020202020202020202020203c76697369626c653e533c2f76697369626c653e0d0a20202020202020203c2f63616d706f3e0d0a20202020202020203c63616d706f2069643d22444553434f4e414c4d22207469706f3d226465736372697063696f6e223e0d0a2020202020202020202020203c65746971756574613e446573637269706369c3b36e3c2f65746971756574613e0d0a20202020202020203c2f63616d706f3e0d0a202020203c2f63616d706f733e0d0a202020203c66696c74726f3e434f4441504c49434143494f4e203d202756454e542720414e442056495349424c455f5449454e444153203d202753273c2f66696c74726f3e0d0a202020203c636f6e73756c74614175746f3e533c2f636f6e73756c74614175746f3e0d0a3c2f61797564613e0d0a');
INSERT INTO config_ayudas_tbl(nombre, definicion) VALUES ('FAMILIAS', '3c3f786d6c2076657273696f6e3d22312e302220656e636f64696e673d225554462d38223f3e0d0a3c6179756461206e6f6d6272653d2246414d494c494153223e0d0a202020203c746974756c6f3e41797564612064652046616d696c6961733c2f746974756c6f3e0d0a202020203c6f726967656e207469706f3d22656d7072657361223e445f46414d494c4941535f54424c3c2f6f726967656e3e0d0a202020203c63616d706f733e0d0a20202020202020203c63616d706f2069643d22434f4446414d22207469706f3d22636f6469676f223e0d0a2020202020202020202020203c65746971756574613e46616d696c69613c2f65746971756574613e0d0a2020202020202020202020203c76697369626c653e533c2f76697369626c653e0d0a20202020202020203c2f63616d706f3e0d0a20202020202020203c63616d706f2069643d2244455346414d22207469706f3d226465736372697063696f6e223e0d0a2020202020202020202020203c65746971756574613e446573637269706369c3b36e3c2f65746971756574613e0d0a20202020202020203c2f63616d706f3e0d0a202020203c2f63616d706f733e0d0a202020203c66696c74726f2f3e0d0a202020203c636f6e73756c74614175746f3e533c2f636f6e73756c74614175746f3e0d0a3c2f61797564613e0d0a');
INSERT INTO config_ayudas_tbl(nombre, definicion) VALUES ('MEDIOS_PAGO_VEN', '3c3f786d6c2076657273696f6e3d22312e302220656e636f64696e673d225554462d38223f3e0d0a3c6179756461206e6f6d6272653d224d4544494f535f5041474f5f56454e223e0d0a202020203c746974756c6f3e4179756461206465204d6564696f73206465205061676f3c2f746974756c6f3e0d0a202020203c6f726967656e207469706f3d22656d7072657361223e445f4d4544494f535f5041474f5f56454e5f54424c3c2f6f726967656e3e0d0a202020203c63616d706f733e0d0a20202020202020203c63616d706f2069643d2249445f4d45445041475f56454e22207469706f3d22636f6469676f223e0d0a2020202020202020202020203c65746971756574613e436f6469676f3c2f65746971756574613e0d0a2020202020202020202020203c76697369626c653e4e3c2f76697369626c653e0d0a20202020202020203c2f63616d706f3e0d0a20202020202020203c63616d706f2069643d224445534d45445041475f56454e22207469706f3d226465736372697063696f6e223e0d0a2020202020202020202020203c65746971756574613e446573637269706369c3b36e3c2f65746971756574613e0d0a20202020202020203c2f63616d706f3e0d0a202020203c2f63616d706f733e0d0a202020203c66696c74726f2f3e0d0a202020203c636f6e73756c74614175746f3e533c2f636f6e73756c74614175746f3e0d0a3c2f61797564613e0d0a');
INSERT INTO config_ayudas_tbl(nombre, definicion) VALUES ('CONCEPTOS_ALMACENES_BACKOFFICE_REGU', '3c3f786d6c2076657273696f6e3d22312e302220656e636f64696e673d225554462d38223f3e0d0a3c6179756461206e6f6d6272653d22434f4e434550544f535f414c4d4143454e45535f4241434b4f46464943455f52454755223e0d0a202020203c746974756c6f3e417975646120646520436f6e636570746f7320646520416c6d6163656e65732064656c204261636b6f66666963653c2f746974756c6f3e0d0a202020203c6f726967656e207469706f3d22656d7072657361223e445f414c4d4143454e45535f434f4e434550544f535f54424c3c2f6f726967656e3e0d0a202020203c63616d706f733e0d0a20202020202020203c63616d706f2069643d22434f44434f4e414c4d22207469706f3d22636f6469676f223e0d0a2020202020202020202020203c65746971756574613e416c6d6163c3a96e3c2f65746971756574613e0d0a2020202020202020202020203c76697369626c653e533c2f76697369626c653e0d0a20202020202020203c2f63616d706f3e0d0a20202020202020203c63616d706f2069643d22444553434f4e414c4d22207469706f3d226465736372697063696f6e223e0d0a2020202020202020202020203c65746971756574613e446573637269706369c3b36e3c2f65746971756574613e0d0a20202020202020203c2f63616d706f3e0d0a202020203c2f63616d706f733e0d0a202020203c66696c74726f3e434f4441504c49434143494f4e203d2027524547552720414e442056495349424c455f5449454e444153203d202753273c2f66696c74726f3e0d0a202020203c636f6e73756c74614175746f3e533c2f636f6e73756c74614175746f3e0d0a3c2f61797564613e0d0a');
INSERT INTO config_ayudas_tbl(nombre, definicion) VALUES ('EMPRESAS', '3c3f786d6c2076657273696f6e3d22312e302220656e636f64696e673d225554462d38223f3e0d0a3c6179756461206e6f6d6272653d22454d505245534153223e0d0a202020203c746974756c6f3e417975646120646520456d7072657361733c2f746974756c6f3e0d0a202020203c6f726967656e207469706f3d22656d7072657361223e445f454d5052455341535f54424c3c2f6f726967656e3e0d0a202020203c63616d706f733e0d0a20202020202020203c63616d706f2069643d22434f44454d5022207469706f3d22636f6469676f223e0d0a2020202020202020202020203c65746971756574613e456d70726573613c2f65746971756574613e0d0a2020202020202020202020203c76697369626c653e533c2f76697369626c653e0d0a20202020202020203c2f63616d706f3e0d0a20202020202020203c63616d706f2069643d22444553454d5022207469706f3d226465736372697063696f6e223e0d0a2020202020202020202020203c65746971756574613e446573637269706369c3b36e3c2f65746971756574613e0d0a20202020202020203c2f63616d706f3e0d0a202020203c2f63616d706f733e0d0a202020203c66696c74726f2f3e0d0a202020203c636f6e73756c74614175746f3e533c2f636f6e73756c74614175746f3e0d0a3c2f61797564613e');
INSERT INTO config_ayudas_tbl(nombre, definicion) VALUES ('USUARIOS', '3c3f786d6c2076657273696f6e3d22312e302220656e636f64696e673d225554462d38223f3e0d0a3c6179756461206e6f6d6272653d225553554152494f53223e0d0a202020203c746974756c6f3e4179756461206465205573756172696f733c2f746974756c6f3e0d0a202020203c6f726967656e207469706f3d22636f6e66696775726163696f6e223e434f4e4649475f5553554152494f535f54424c3c2f6f726967656e3e0d0a202020203c63616d706f733e0d0a20202020202020203c63616d706f2069643d2249445f5553554152494f22207469706f3d22636f6469676f223e0d0a2020202020202020202020203c65746971756574613e43c3b36469676f3c2f65746971756574613e0d0a2020202020202020202020203c76697369626c653e4e3c2f76697369626c653e0d0a20202020202020203c2f63616d706f3e0d0a20202020202020203c63616d706f2069643d224445535553554152494f22207469706f3d226465736372697063696f6e223e0d0a2020202020202020202020203c65746971756574613e5573756172696f3c2f65746971756574613e0d0a20202020202020203c2f63616d706f3e0d0a202020203c2f63616d706f733e0d0a202020203c66696c74726f2f3e0d0a202020203c636f6e73756c74614175746f3e533c2f636f6e73756c74614175746f3e0d0a3c2f61797564613e0d0a');
INSERT INTO config_ayudas_tbl(nombre, definicion) VALUES ('CONCEPTOS_ALMACENES_VENT', '3c3f786d6c2076657273696f6e3d22312e302220656e636f64696e673d225554462d38223f3e0d0a3c6179756461206e6f6d6272653d22434f4e434550544f535f414c4d4143454e45535f56454e54223e0d0a202020203c746974756c6f3e417975646120646520436f6e636570746f7320646520416c6d6163656e65732064652056656e7461733c2f746974756c6f3e0d0a202020203c6f726967656e207469706f3d22656d7072657361223e445f414c4d4143454e45535f434f4e434550544f533c2f6f726967656e3e0d0a202020203c63616d706f733e0d0a20202020202020203c63616d706f2069643d22434f44434f4e414c4d22207469706f3d22636f6469676f223e0d0a2020202020202020202020203c65746971756574613e436f6e636570746f3c2f65746971756574613e0d0a2020202020202020202020203c76697369626c653e533c2f76697369626c653e0d0a20202020202020203c2f63616d706f3e0d0a20202020202020203c63616d706f2069643d22444553434f4e414c4d22207469706f3d226465736372697063696f6e223e0d0a2020202020202020202020203c65746971756574613e446573637269706369c3b36e3c2f65746971756574613e0d0a20202020202020203c2f63616d706f3e0d0a202020203c2f63616d706f733e0d0a202020203c66696c74726f3e434f4441504c49434143494f4e203d202756454e54273c2f66696c74726f3e0d0a202020203c636f6e73756c74614175746f3e533c2f636f6e73756c74614175746f3e0d0a3c2f61797564613e0d0a');
INSERT INTO config_ayudas_tbl(nombre, definicion) VALUES ('PERFILES', '3c3f786d6c2076657273696f6e3d22312e302220656e636f64696e673d225554462d38223f3e0d0a3c6179756461206e6f6d6272653d2250455246494c4553223e0d0a202020203c746974756c6f3e41797564612064652050657266696c65733c2f746974756c6f3e0d0a202020203c6f726967656e207469706f3d22636f6e66696775726163696f6e223e434f4e4649475f50455246494c45535f54424c3c2f6f726967656e3e0d0a202020203c63616d706f733e0d0a20202020202020203c63616d706f2069643d2249445f50455246494c22207469706f3d22636f6469676f223e0d0a2020202020202020202020203c65746971756574613e43c3b36469676f3c2f65746971756574613e0d0a2020202020202020202020203c76697369626c653e4e3c2f76697369626c653e0d0a20202020202020203c2f63616d706f3e0d0a20202020202020203c63616d706f2069643d2244455350455246494c22207469706f3d226465736372697063696f6e223e0d0a2020202020202020202020203c65746971756574613e50657266696c3c2f65746971756574613e0d0a20202020202020203c2f63616d706f3e0d0a202020203c2f63616d706f733e0d0a202020203c66696c74726f2f3e0d0a202020203c636f6e73756c74614175746f3e533c2f636f6e73756c74614175746f3e0d0a3c2f61797564613e0d0a');
INSERT INTO config_ayudas_tbl(nombre, definicion) VALUES ('MEDIOS_PAGO_EFECTIVOS', '3c3f786d6c2076657273696f6e3d22312e302220656e636f64696e673d225554462d38223f3e0d0a3c6179756461206e6f6d6272653d224d4544494f535f5041474f5f454645435449564f53223e0d0a202020203c746974756c6f3e4179756461206465204d6564696f73206465205061676f20456665637469766f733c2f746974756c6f3e0d0a202020203c6f726967656e207469706f3d22656d7072657361223e445f4d4544494f535f5041474f3c2f6f726967656e3e0d0a202020203c63616d706f733e0d0a20202020202020203c63616d706f2069643d22434f444d454450414722207469706f3d22636f6469676f223e0d0a2020202020202020202020203c65746971756574613e436f6469676f3c2f65746971756574613e0d0a2020202020202020202020203c76697369626c653e533c2f76697369626c653e0d0a20202020202020203c2f63616d706f3e0d0a20202020202020203c63616d706f2069643d224445534d454450414722207469706f3d226465736372697063696f6e223e0d0a2020202020202020202020203c65746971756574613e446573637269706369c3b36e3c2f65746971756574613e0d0a20202020202020203c2f63616d706f3e0d0a202020203c2f63616d706f733e0d0a202020203c66696c74726f3e434f4e5441444f203d2027532720414e4420454645435449564f203d2027532720414e442056495349424c455f434f4d505241203d202753273c2f66696c74726f3e0d0a202020203c636f6e73756c74614175746f3e533c2f636f6e73756c74614175746f3e0d0a3c2f61797564613e');
INSERT INTO config_ayudas_tbl(nombre, definicion) VALUES ('PAISES', '3c3f786d6c2076657273696f6e3d22312e302220656e636f64696e673d225554462d38223f3e0d0a3c6179756461206e6f6d6272653d22504149534553223e0d0a202020203c746974756c6f3e4179756461206465205061c3ad7365733c2f746974756c6f3e0d0a202020203c6f726967656e207469706f3d22656d7072657361223e445f5041495345535f54424c3c2f6f726967656e3e0d0a202020203c63616d706f733e0d0a20202020202020203c63616d706f2069643d22434f445041495322207469706f3d22636f6469676f223e0d0a2020202020202020202020203c65746971756574613e5061c3ad733c2f65746971756574613e0d0a2020202020202020202020203c76697369626c653e533c2f76697369626c653e0d0a20202020202020203c2f63616d706f3e0d0a20202020202020203c63616d706f2069643d224445535041495322207469706f3d226465736372697063696f6e223e0d0a2020202020202020202020203c65746971756574613e446573637269706369c3b36e3c2f65746971756574613e0d0a20202020202020203c2f63616d706f3e0d0a202020203c2f63616d706f733e0d0a202020203c66696c74726f2f3e0d0a202020203c636f6e73756c74614175746f3e533c2f636f6e73756c74614175746f3e0d0a3c2f61797564613e0d0a');


-- config_contadores_def_tbl

INSERT INTO config_contadores_def_tbl (ID_CONTADOR,USA_CODEMP,USA_CODSERIE,USA_PERIODO,DESCRIPCION) 
VALUES('ALBCLI','S','S','S','Albaranes de clientes');
INSERT INTO config_contadores_def_tbl (ID_CONTADOR,USA_CODEMP,USA_CODSERIE,USA_PERIODO,DESCRIPCION) 
VALUES('ALBPRO','S','S','S','Albaranes de proveedores');
INSERT INTO config_contadores_def_tbl (ID_CONTADOR,USA_CODEMP,USA_CODSERIE,USA_PERIODO,DESCRIPCION) 
VALUES('ID_ACTUALIZACION','N','N','N','ID de Actualizacion de Tarifa');
INSERT INTO config_contadores_def_tbl (ID_CONTADOR,USA_CODEMP,USA_CODSERIE,USA_PERIODO,DESCRIPCION) 
VALUES('ID_CLIE_ALBARAN','N','N','N','ID de Albaranes de Clientes');
INSERT INTO config_contadores_def_tbl (ID_CONTADOR,USA_CODEMP,USA_CODSERIE,USA_PERIODO,DESCRIPCION) 
VALUES('ID_CLIE_PEDIDO','N','N','N','ID de Pedidos de Clientes');
INSERT INTO config_contadores_def_tbl (ID_CONTADOR,USA_CODEMP,USA_CODSERIE,USA_PERIODO,DESCRIPCION) 
VALUES('ID_COBRO','N','N','N','ID de Documento de Cobro');
INSERT INTO config_contadores_def_tbl (ID_CONTADOR,USA_CODEMP,USA_CODSERIE,USA_PERIODO,DESCRIPCION) 
VALUES('ID_FACTURA_REP','N','N','N','Identificador de Factura Rep.');
INSERT INTO config_contadores_def_tbl (ID_CONTADOR,USA_CODEMP,USA_CODSERIE,USA_PERIODO,DESCRIPCION) 
VALUES('ID_FACTURA_SOP','N','N','N','Identificador de Factura Sop.');
INSERT INTO config_contadores_def_tbl (ID_CONTADOR,USA_CODEMP,USA_CODSERIE,USA_PERIODO,DESCRIPCION) 
VALUES('ID_GRUPO_IMPUESTOS','N','N','N','ID de grupo de impuestos');
INSERT INTO config_contadores_def_tbl (ID_CONTADOR,USA_CODEMP,USA_CODSERIE,USA_PERIODO,DESCRIPCION) 
VALUES('ID_MEDPAG_VEN','N','N','N','ID de Tipo de Vencimientos');
INSERT INTO config_contadores_def_tbl (ID_CONTADOR,USA_CODEMP,USA_CODSERIE,USA_PERIODO,DESCRIPCION) 
VALUES('ID_PAGO','N','N','N','ID de Documento de Pago');
INSERT INTO config_contadores_def_tbl (ID_CONTADOR,USA_CODEMP,USA_CODSERIE,USA_PERIODO,DESCRIPCION) 
VALUES('ID_PERFIL','N','N','N','ID de Perfiles');
INSERT INTO config_contadores_def_tbl (ID_CONTADOR,USA_CODEMP,USA_CODSERIE,USA_PERIODO,DESCRIPCION) 
VALUES('ID_PROMOCION','N','N','N','ID de Promociones');
INSERT INTO config_contadores_def_tbl (ID_CONTADOR,USA_CODEMP,USA_CODSERIE,USA_PERIODO,DESCRIPCION) 
VALUES('ID_PROV_ALBARAN','N','N','N','ID de Albaranes de Proveedores');
INSERT INTO config_contadores_def_tbl (ID_CONTADOR,USA_CODEMP,USA_CODSERIE,USA_PERIODO,DESCRIPCION) 
VALUES('ID_PROV_PEDIDO','N','N','N','ID de Pedido de Proveedores');
INSERT INTO config_contadores_def_tbl (ID_CONTADOR,USA_CODEMP,USA_CODSERIE,USA_PERIODO,DESCRIPCION) 
VALUES('ID_REGULARIZACION','N','N','N','ID de regularizaciones');
INSERT INTO config_contadores_def_tbl (ID_CONTADOR,USA_CODEMP,USA_CODSERIE,USA_PERIODO,DESCRIPCION) 
VALUES('ID_REMESA','N','N','N','ID de Remesa');
INSERT INTO config_contadores_def_tbl (ID_CONTADOR,USA_CODEMP,USA_CODSERIE,USA_PERIODO,DESCRIPCION) 
VALUES('ID_TICKET','N','S','N','Numeros de tickets');
INSERT INTO config_contadores_def_tbl (ID_CONTADOR,USA_CODEMP,USA_CODSERIE,USA_PERIODO,DESCRIPCION) 
VALUES('ID_TIPO_PORTE','N','N','N','ID de Tipo de Porte');
INSERT INTO config_contadores_def_tbl (ID_CONTADOR,USA_CODEMP,USA_CODSERIE,USA_PERIODO,DESCRIPCION) 
VALUES('ID_TRABAJO','N','N','N','ID de trabajo de sincronizacio');
INSERT INTO config_contadores_def_tbl (ID_CONTADOR,USA_CODEMP,USA_CODSERIE,USA_PERIODO,DESCRIPCION) 
VALUES('ID_TRASPASO','N','N','N','ID de Traspaso');
INSERT INTO config_contadores_def_tbl (ID_CONTADOR,USA_CODEMP,USA_CODSERIE,USA_PERIODO,DESCRIPCION) 
VALUES('ID_TRAT_IMPUESTOS','N','N','N','ID de Tratamiento de Impuestos');
INSERT INTO config_contadores_def_tbl (ID_CONTADOR,USA_CODEMP,USA_CODSERIE,USA_PERIODO,DESCRIPCION) 
VALUES('ID_USUARIO','N','N','N','ID de Usuarios');
INSERT INTO config_contadores_def_tbl (ID_CONTADOR,USA_CODEMP,USA_CODSERIE,USA_PERIODO,DESCRIPCION) 
VALUES('ID_VENCIMIENTO_COBRO','N','N','N','ID de Vencimiento de Cobro');
INSERT INTO config_contadores_def_tbl (ID_CONTADOR,USA_CODEMP,USA_CODSERIE,USA_PERIODO,DESCRIPCION) 
VALUES('ID_VENCIMIENTO_PAGO','N','N','N','ID de Vencimiento de Pago');
INSERT INTO config_contadores_def_tbl (ID_CONTADOR,USA_CODEMP,USA_CODSERIE,USA_PERIODO,DESCRIPCION) 
VALUES('PEDCLI','S','S','S','Pedidos de clientes');
INSERT INTO config_contadores_def_tbl (ID_CONTADOR,USA_CODEMP,USA_CODSERIE,USA_PERIODO,DESCRIPCION) 
VALUES('PEDPRO','S','S','S','Pedidos de proveedores');
INSERT INTO config_contadores_def_tbl (ID_CONTADOR,USA_CODEMP,USA_CODSERIE,USA_PERIODO,DESCRIPCION) 
VALUES('REP_NUMFAC','S','S','S','Registro de iva repercutido');
INSERT INTO config_contadores_def_tbl (ID_CONTADOR,USA_CODEMP,USA_CODSERIE,USA_PERIODO,DESCRIPCION) 
VALUES('SOP_NUMFAC','S','S','S','Registro de iva soportado');
INSERT INTO config_contadores_def_tbl (ID_CONTADOR,USA_CODEMP,USA_CODSERIE,USA_PERIODO,DESCRIPCION) 
VALUES('VERSION_ARTICULO','N','N','N','Versionado de articulos');
INSERT INTO config_contadores_def_tbl (ID_CONTADOR,USA_CODEMP,USA_CODSERIE,USA_PERIODO,DESCRIPCION) 
VALUES('VERSION_TARIFA','N','N','N','Versionado de tarifas');


-- config_contadores_tbl

INSERT INTO config_contadores_tbl (ID_CONTADOR,CODEMP,CODSERIE,PERIODO,VALOR) 
VALUES('ID_GRUPO_IMPUESTOS','****','****',0,1000);
INSERT INTO config_contadores_tbl (ID_CONTADOR,CODEMP,CODSERIE,PERIODO,VALOR) 
VALUES('ID_MEDPAG_VEN','****','****',0,1000);
INSERT INTO config_contadores_tbl (ID_CONTADOR,CODEMP,CODSERIE,PERIODO,VALOR) 
VALUES('ID_PERFIL','****','****',0,1000);
INSERT INTO config_contadores_tbl (ID_CONTADOR,CODEMP,CODSERIE,PERIODO,VALOR) 
VALUES('ID_TRAT_IMPUESTOS','****','****',0,1000);
INSERT INTO config_contadores_tbl (ID_CONTADOR,CODEMP,CODSERIE,PERIODO,VALOR) 
VALUES('ID_USUARIO','****','****',0,1000);
INSERT INTO config_contadores_tbl (ID_CONTADOR,CODEMP,CODSERIE,PERIODO,VALOR) 
VALUES('VERSION_ARTICULO','****','****',0,1);
INSERT INTO config_contadores_tbl (ID_CONTADOR,CODEMP,CODSERIE,PERIODO,VALOR) 
VALUES('VERSION_TARIFA','****','****',0,1);


-- config_estados_tbl

INSERT INTO config_estados_tbl (PROCESO,ESTADO,SUBESTADO,DESESTADO,ABREVIATURA,ICONO,AMBITO_APLICACION) 
VALUES('PEDCLI',0,0,'SOLICITUD DE PEDIDO','SOL. PEDIDO','ventas/pedidos/buscar/images/estados/emisor/solicitud.gif','Solicitud de pedido');
INSERT INTO config_estados_tbl (PROCESO,ESTADO,SUBESTADO,DESESTADO,ABREVIATURA,ICONO,AMBITO_APLICACION) 
VALUES('PEDCLI',10,0,'SOL. PDTE. ACEPTACIÓN','PDTE. ACEPT.','ventas/pedidos/buscar/images/estados/emisor/solicitudPendienteAceptacion.gif','Pedido de mercancía solicitado. Queda pendiente de la aceptación/confirmación del almacén al que se solicita');
INSERT INTO config_estados_tbl (PROCESO,ESTADO,SUBESTADO,DESESTADO,ABREVIATURA,ICONO,AMBITO_APLICACION) 
VALUES('PEDCLI',20,0,'EN PREPARACIÓN','EN PREPARAC.','ventas/pedidos/buscar/images/estados/emisor/aceptadoPendientePreparacion.gif','En proceso de preparación');
INSERT INTO config_estados_tbl (PROCESO,ESTADO,SUBESTADO,DESESTADO,ABREVIATURA,ICONO,AMBITO_APLICACION) 
VALUES('PEDCLI',30,0,'PREPARADO','PREPARADO','ventas/pedidos/buscar/images/estados/emisor/preparado.gif','Se ha finalizado la preparación del pedido, quedando a la espera de ser servido/expedido');
INSERT INTO config_estados_tbl (PROCESO,ESTADO,SUBESTADO,DESESTADO,ABREVIATURA,ICONO,AMBITO_APLICACION) 
VALUES('PEDCLI',90,0,'RECHAZADO','RECHAZADO','ventas/pedidos/buscar/images/estados/emisor/rechazado.gif','Se ha rechazado por completo los artículos y cantidades solicitadas');
INSERT INTO config_estados_tbl (PROCESO,ESTADO,SUBESTADO,DESESTADO,ABREVIATURA,ICONO,AMBITO_APLICACION) 
VALUES('PEDCLI',100,0,'SERVIDO','SERVIDO','ventas/pedidos/buscar/images/estados/emisor/servido.gif','Mercancía servida');
INSERT INTO config_estados_tbl (PROCESO,ESTADO,SUBESTADO,DESESTADO,ABREVIATURA,ICONO,AMBITO_APLICACION) 
VALUES('PEDCLI_LINEA',0,0,'SOLICITADA','SOLICITADA','ventas/pedidos/buscar/images/estados/linea/solicitada.gif','Solicitud de mercancia');
INSERT INTO config_estados_tbl (PROCESO,ESTADO,SUBESTADO,DESESTADO,ABREVIATURA,ICONO,AMBITO_APLICACION) 
VALUES('PEDCLI_LINEA',10,0,'SOL. PDTE. ACEPTACION','SOL. PDTE. ACEPT.','ventas/pedidos/buscar/images/estados/linea/pendienteAceptacion.gif','Mercancia solicitada');
INSERT INTO config_estados_tbl (PROCESO,ESTADO,SUBESTADO,DESESTADO,ABREVIATURA,ICONO,AMBITO_APLICACION) 
VALUES('PEDCLI_LINEA',20,0,'PDTE. PREPARACIÓN','PDTE. PREPARAC.','ventas/pedidos/buscar/images/estados/linea/aceptadaPendientePreparacion.gif','Mercancía aceptada, pendiente de preparación');
INSERT INTO config_estados_tbl (PROCESO,ESTADO,SUBESTADO,DESESTADO,ABREVIATURA,ICONO,AMBITO_APLICACION) 
VALUES('PEDCLI_LINEA',20,10,'PDTE. PREPARACION, ACEPT. PARCIAL','PDTE. PREP. ACEP. PARC.','ventas/pedidos/buscar/images/estados/linea/aceptadaPendientePreparacionParcial.gif','Mercancía aceptada parcialmente, pendiente de preparación');
INSERT INTO config_estados_tbl (PROCESO,ESTADO,SUBESTADO,DESESTADO,ABREVIATURA,ICONO,AMBITO_APLICACION) 
VALUES('PEDCLI_LINEA',30,0,'PREPARADA','PREPARADA','ventas/pedidos/buscar/images/estados/linea/preparada.gif','Mercancía preparada');
INSERT INTO config_estados_tbl (PROCESO,ESTADO,SUBESTADO,DESESTADO,ABREVIATURA,ICONO,AMBITO_APLICACION) 
VALUES('PEDCLI_LINEA',30,10,'PREPARADA PARCIAL','PREP. PARCIAL','ventas/pedidos/buscar/images/estados/linea/preparadaParcial.gif','Mercancía preparada parcialmente');
INSERT INTO config_estados_tbl (PROCESO,ESTADO,SUBESTADO,DESESTADO,ABREVIATURA,ICONO,AMBITO_APLICACION) 
VALUES('PEDCLI_LINEA',30,80,'NO PREPARADA','NO PREPARADA','ventas/pedidos/buscar/images/estados/linea/preparadaNo.gif','Mercancía no preparada');
INSERT INTO config_estados_tbl (PROCESO,ESTADO,SUBESTADO,DESESTADO,ABREVIATURA,ICONO,AMBITO_APLICACION) 
VALUES('PEDCLI_LINEA',90,0,'RECHAZADA','RECHAZADA','ventas/pedidos/buscar/images/estados/linea/rechazada.gif','Solicitud rechazada');
INSERT INTO config_estados_tbl (PROCESO,ESTADO,SUBESTADO,DESESTADO,ABREVIATURA,ICONO,AMBITO_APLICACION) 
VALUES('PEDCLI_LINEA',100,0,'SERVIDA','SERVIDA','ventas/pedidos/buscar/images/estados/linea/servida.gif','Mercancía servida');
INSERT INTO config_estados_tbl (PROCESO,ESTADO,SUBESTADO,DESESTADO,ABREVIATURA,ICONO,AMBITO_APLICACION) 
VALUES('PEDCLI_LINEA',100,10,'SERVIDA PARCIAL','SERVIDA PARC.','ventas/pedidos/buscar/images/estados/linea/servidaParcial.gif','Mercancía servida parcialmente');
INSERT INTO config_estados_tbl (PROCESO,ESTADO,SUBESTADO,DESESTADO,ABREVIATURA,ICONO,AMBITO_APLICACION) 
VALUES('PEDCLI_LINEA',100,80,'NO SERVIDA','NO SERVIDA','ventas/pedidos/buscar/images/estados/linea/servidaNo.gif','Mercancía no servida');
INSERT INTO config_estados_tbl (PROCESO,ESTADO,SUBESTADO,DESESTADO,ABREVIATURA,ICONO,AMBITO_APLICACION) 
VALUES('PEDCLI_RECEPTOR',0,0,'SOLICITUD DE APROVISIONAMIENTO','SOL. APROV.','backoffice/ventas/pedidos/buscar/images/estados/solicitud.gif','Solicitud de mercancía para aprovisionamiento.');
INSERT INTO config_estados_tbl (PROCESO,ESTADO,SUBESTADO,DESESTADO,ABREVIATURA,ICONO,AMBITO_APLICACION) 
VALUES('PEDCLI_RECEPTOR',10,0,'SOL. PDTE. ACEPTACION','SOL. PDTE. ACEPT.','backoffice/ventas/pedidos/buscar/images/estados/pendienteAceptacion.gif','Mercancía solicitada a otro almacén.');
INSERT INTO config_estados_tbl (PROCESO,ESTADO,SUBESTADO,DESESTADO,ABREVIATURA,ICONO,AMBITO_APLICACION) 
VALUES('PEDCLI_RECEPTOR',20,0,'ACEPTADO','ACEPTADO','backoffice/ventas/pedidos/buscar/images/estados/aceptado.gif','Solicitud de mercancía aceptada por el almacén.');
INSERT INTO config_estados_tbl (PROCESO,ESTADO,SUBESTADO,DESESTADO,ABREVIATURA,ICONO,AMBITO_APLICACION) 
VALUES('PEDCLI_RECEPTOR',30,0,'ENVIADO. PDTE. RECEPCION','PDTE. RECEPCION','backoffice/ventas/pedidos/buscar/images/estados/enviadoPendienteRecepcion.gif','Mercancía enviada por el almacén. A la espera de su recepción.');
INSERT INTO config_estados_tbl (PROCESO,ESTADO,SUBESTADO,DESESTADO,ABREVIATURA,ICONO,AMBITO_APLICACION) 
VALUES('PEDCLI_RECEPTOR',90,0,'RECHAZADO','RECHAZADO','backoffice/ventas/pedidos/buscar/images/estados/rechazado.gif','Solicitud de mercancía rechazada.');
INSERT INTO config_estados_tbl (PROCESO,ESTADO,SUBESTADO,DESESTADO,ABREVIATURA,ICONO,AMBITO_APLICACION) 
VALUES('PEDCLI_RECEPTOR',100,0,'RECEPCIONADO','RECEPCIONADO','backoffice/ventas/pedidos/buscar/images/estados/recepcionado.gif','Mercancía recepcionada.');
INSERT INTO config_estados_tbl (PROCESO,ESTADO,SUBESTADO,DESESTADO,ABREVIATURA,ICONO,AMBITO_APLICACION) 
VALUES('PEDPRO',0,0,'SOLICITUD DE PEDIDO','SOL. PEDIDO','compras/pedidos/buscar/images/estados/emisor/solicitud.gif','Solicitud de pedido');
INSERT INTO config_estados_tbl (PROCESO,ESTADO,SUBESTADO,DESESTADO,ABREVIATURA,ICONO,AMBITO_APLICACION) 
VALUES('PEDPRO',10,0,'SOL. PDTE. ACEPTACIÓN','PDTE. ACEPT.','compras/pedidos/buscar/images/estados/emisor/solicitudPendienteAceptacion.gif','Pedido de mercancía solicitado. Queda pendiente de la aceptación/confirmación para el almacén que lo solicita');
INSERT INTO config_estados_tbl (PROCESO,ESTADO,SUBESTADO,DESESTADO,ABREVIATURA,ICONO,AMBITO_APLICACION) 
VALUES('PEDPRO',20,0,'PDTE. RECEPCIÓN','PDTE. RECEP.','compras/pedidos/buscar/images/estados/emisor/aceptadoPendienteRecepcion.gif','En proceso de recepción');
INSERT INTO config_estados_tbl (PROCESO,ESTADO,SUBESTADO,DESESTADO,ABREVIATURA,ICONO,AMBITO_APLICACION) 
VALUES('PEDPRO',90,0,'RECHAZADO','RECHAZADO','compras/pedidos/buscar/images/estados/emisor/rechazado.gif','Se ha rechazado por completo los artículos y cantidades solicitadas');
INSERT INTO config_estados_tbl (PROCESO,ESTADO,SUBESTADO,DESESTADO,ABREVIATURA,ICONO,AMBITO_APLICACION) 
VALUES('PEDPRO',100,0,'RECEPCIONADO','RECEPCIONADO','compras/pedidos/buscar/images/estados/emisor/recepcionado.gif','Mercancía servida');
INSERT INTO config_estados_tbl (PROCESO,ESTADO,SUBESTADO,DESESTADO,ABREVIATURA,ICONO,AMBITO_APLICACION) 
VALUES('PEDPRO_LINEA',0,0,'SOLICITADA','SOLICITADA','compras/pedidos/buscar/images/estados/linea/solicitada.gif','Solicitud de mercancía');
INSERT INTO config_estados_tbl (PROCESO,ESTADO,SUBESTADO,DESESTADO,ABREVIATURA,ICONO,AMBITO_APLICACION) 
VALUES('PEDPRO_LINEA',10,0,'SOL. PDTE. ACEPTACIÓN','PDTE. ACEPT.','compras/pedidos/buscar/images/estados/linea/pendienteAceptacion.gif','Mercancía solicitada');
INSERT INTO config_estados_tbl (PROCESO,ESTADO,SUBESTADO,DESESTADO,ABREVIATURA,ICONO,AMBITO_APLICACION) 
VALUES('PEDPRO_LINEA',20,0,'PDTE. RECEPCIÓN','PDTE. RECEPCIÓN','compras/pedidos/buscar/images/estados/linea/aceptadaPendienteRecepcion.gif','Mercancía aceptada, pendiente de recepción');
INSERT INTO config_estados_tbl (PROCESO,ESTADO,SUBESTADO,DESESTADO,ABREVIATURA,ICONO,AMBITO_APLICACION) 
VALUES('PEDPRO_LINEA',20,10,'PDTE. RECEPCIÓN, ACEPT. PARCIAL','PDTE. REC. ACEPT. PARC.','compras/pedidos/buscar/images/estados/linea/aceptadaPendienteRecepcionParcial.gif','Mercancía aceptada parcialmente, pendiente de recepción');
INSERT INTO config_estados_tbl (PROCESO,ESTADO,SUBESTADO,DESESTADO,ABREVIATURA,ICONO,AMBITO_APLICACION) 
VALUES('PEDPRO_LINEA',90,0,'RECHAZADA','RECHAZADA','compras/pedidos/buscar/images/estados/linea/rechazada.gif','Rechazada');
INSERT INTO config_estados_tbl (PROCESO,ESTADO,SUBESTADO,DESESTADO,ABREVIATURA,ICONO,AMBITO_APLICACION) 
VALUES('PEDPRO_LINEA',100,0,'RECEPCIONADA','RECEPCIONADA','compras/pedidos/buscar/images/estados/linea/recepcionada.gif','Mercancía recepcionada');
INSERT INTO config_estados_tbl (PROCESO,ESTADO,SUBESTADO,DESESTADO,ABREVIATURA,ICONO,AMBITO_APLICACION) 
VALUES('PEDPRO_LINEA',100,10,'RECEPCIONADA PARCIAL','RECEP. PARC.','compras/pedidos/buscar/images/estados/linea/recepcionadaParcial.gif','Mercancía recepcionada parcialmente');
INSERT INTO config_estados_tbl (PROCESO,ESTADO,SUBESTADO,DESESTADO,ABREVIATURA,ICONO,AMBITO_APLICACION) 
VALUES('PEDPRO_LINEA',100,80,'NO RECEPCIONADA','NO RECEPCIONADA','compras/pedidos/buscar/images/estados/linea/recepcionadaNo.gif','Mercancía no recepcionada');
INSERT INTO config_estados_tbl (PROCESO,ESTADO,SUBESTADO,DESESTADO,ABREVIATURA,ICONO,AMBITO_APLICACION) 
VALUES('REMESA_COBRO',0,0,'PREREMESA','PREREMESA','tesoreria/remesas/cobros/buscar/images/estados/preremesa.gif','Remesa en proceso de selección de efectos');
INSERT INTO config_estados_tbl (PROCESO,ESTADO,SUBESTADO,DESESTADO,ABREVIATURA,ICONO,AMBITO_APLICACION) 
VALUES('REMESA_COBRO',100,0,'REMESA','REMESA','tesoreria/remesas/cobros/buscar/images/estados/remesa.gif','Remesa finalizada');
INSERT INTO config_estados_tbl (PROCESO,ESTADO,SUBESTADO,DESESTADO,ABREVIATURA,ICONO,AMBITO_APLICACION) 
VALUES('REMESA_PAGO',0,0,'PREREMESA','PREREMESA','tesoreria/remesas/pagos/buscar/images/estados/preremesa.gif','Remesa en proceso de selección de efectos');
INSERT INTO config_estados_tbl (PROCESO,ESTADO,SUBESTADO,DESESTADO,ABREVIATURA,ICONO,AMBITO_APLICACION) 
VALUES('REMESA_PAGO',100,0,'REMESA','REMESA','tesoreria/remesas/pagos/buscar/images/estados/remesa.gif','Remesa finalizada');


-- config_imp_grupos_tbl

INSERT INTO config_imp_grupos_tbl (ID_GRUPO_IMPUESTOS,VIGENCIA_DESDE) 
VALUES(1,TO_DATE('1/01/1995 00:00:00','DD/MM/RRRR HH24:MI:SS'));
INSERT INTO config_imp_grupos_tbl (ID_GRUPO_IMPUESTOS,VIGENCIA_DESDE) 
VALUES(2,TO_DATE('1/07/2010 00:00:00','DD/MM/RRRR HH24:MI:SS'));
INSERT INTO config_imp_grupos_tbl (ID_GRUPO_IMPUESTOS,VIGENCIA_DESDE) 
VALUES(3,TO_DATE('1/09/2012 00:00:00','DD/MM/RRRR HH24:MI:SS'));


-- config_imp_porcentajes_tbl

INSERT INTO config_imp_porcentajes_tbl (ID_GRUPO_IMPUESTOS,ID_TRAT_IMPUESTOS,CODIMP,PORCENTAJE,PORCENTAJE_RECARGO) 
VALUES(1,1,'1',16,0);
INSERT INTO config_imp_porcentajes_tbl (ID_GRUPO_IMPUESTOS,ID_TRAT_IMPUESTOS,CODIMP,PORCENTAJE,PORCENTAJE_RECARGO) 
VALUES(1,1,'2',7,0);
INSERT INTO config_imp_porcentajes_tbl (ID_GRUPO_IMPUESTOS,ID_TRAT_IMPUESTOS,CODIMP,PORCENTAJE,PORCENTAJE_RECARGO) 
VALUES(1,1,'3',4,0);
INSERT INTO config_imp_porcentajes_tbl (ID_GRUPO_IMPUESTOS,ID_TRAT_IMPUESTOS,CODIMP,PORCENTAJE,PORCENTAJE_RECARGO) 
VALUES(1,1,'4',0,0);
INSERT INTO config_imp_porcentajes_tbl (ID_GRUPO_IMPUESTOS,ID_TRAT_IMPUESTOS,CODIMP,PORCENTAJE,PORCENTAJE_RECARGO) 
VALUES(1,2,'1',16,4);
INSERT INTO config_imp_porcentajes_tbl (ID_GRUPO_IMPUESTOS,ID_TRAT_IMPUESTOS,CODIMP,PORCENTAJE,PORCENTAJE_RECARGO) 
VALUES(1,2,'2',7,1);
INSERT INTO config_imp_porcentajes_tbl (ID_GRUPO_IMPUESTOS,ID_TRAT_IMPUESTOS,CODIMP,PORCENTAJE,PORCENTAJE_RECARGO) 
VALUES(1,2,'3',4,to_number('0,5','9D9','NLS_NUMERIC_CHARACTERS ='', '''));
INSERT INTO config_imp_porcentajes_tbl (ID_GRUPO_IMPUESTOS,ID_TRAT_IMPUESTOS,CODIMP,PORCENTAJE,PORCENTAJE_RECARGO) 
VALUES(1,2,'4',0,0);
INSERT INTO config_imp_porcentajes_tbl (ID_GRUPO_IMPUESTOS,ID_TRAT_IMPUESTOS,CODIMP,PORCENTAJE,PORCENTAJE_RECARGO) 
VALUES(1,3,'1',0,0);
INSERT INTO config_imp_porcentajes_tbl (ID_GRUPO_IMPUESTOS,ID_TRAT_IMPUESTOS,CODIMP,PORCENTAJE,PORCENTAJE_RECARGO) 
VALUES(1,3,'2',0,0);
INSERT INTO config_imp_porcentajes_tbl (ID_GRUPO_IMPUESTOS,ID_TRAT_IMPUESTOS,CODIMP,PORCENTAJE,PORCENTAJE_RECARGO) 
VALUES(1,3,'3',0,0);
INSERT INTO config_imp_porcentajes_tbl (ID_GRUPO_IMPUESTOS,ID_TRAT_IMPUESTOS,CODIMP,PORCENTAJE,PORCENTAJE_RECARGO) 
VALUES(1,3,'4',0,0);
INSERT INTO config_imp_porcentajes_tbl (ID_GRUPO_IMPUESTOS,ID_TRAT_IMPUESTOS,CODIMP,PORCENTAJE,PORCENTAJE_RECARGO) 
VALUES(1,6,'1',0,0);
INSERT INTO config_imp_porcentajes_tbl (ID_GRUPO_IMPUESTOS,ID_TRAT_IMPUESTOS,CODIMP,PORCENTAJE,PORCENTAJE_RECARGO) 
VALUES(1,6,'2',0,0);
INSERT INTO config_imp_porcentajes_tbl (ID_GRUPO_IMPUESTOS,ID_TRAT_IMPUESTOS,CODIMP,PORCENTAJE,PORCENTAJE_RECARGO) 
VALUES(1,6,'3',0,0);
INSERT INTO config_imp_porcentajes_tbl (ID_GRUPO_IMPUESTOS,ID_TRAT_IMPUESTOS,CODIMP,PORCENTAJE,PORCENTAJE_RECARGO) 
VALUES(1,6,'4',0,0);
INSERT INTO config_imp_porcentajes_tbl (ID_GRUPO_IMPUESTOS,ID_TRAT_IMPUESTOS,CODIMP,PORCENTAJE,PORCENTAJE_RECARGO) 
VALUES(1,7,'1',0,0);
INSERT INTO config_imp_porcentajes_tbl (ID_GRUPO_IMPUESTOS,ID_TRAT_IMPUESTOS,CODIMP,PORCENTAJE,PORCENTAJE_RECARGO) 
VALUES(1,7,'2',0,0);
INSERT INTO config_imp_porcentajes_tbl (ID_GRUPO_IMPUESTOS,ID_TRAT_IMPUESTOS,CODIMP,PORCENTAJE,PORCENTAJE_RECARGO) 
VALUES(1,7,'3',0,0);
INSERT INTO config_imp_porcentajes_tbl (ID_GRUPO_IMPUESTOS,ID_TRAT_IMPUESTOS,CODIMP,PORCENTAJE,PORCENTAJE_RECARGO) 
VALUES(1,7,'4',0,0);
INSERT INTO config_imp_porcentajes_tbl (ID_GRUPO_IMPUESTOS,ID_TRAT_IMPUESTOS,CODIMP,PORCENTAJE,PORCENTAJE_RECARGO) 
VALUES(2,1,'1',18,0);
INSERT INTO config_imp_porcentajes_tbl (ID_GRUPO_IMPUESTOS,ID_TRAT_IMPUESTOS,CODIMP,PORCENTAJE,PORCENTAJE_RECARGO) 
VALUES(2,1,'2',8,0);
INSERT INTO config_imp_porcentajes_tbl (ID_GRUPO_IMPUESTOS,ID_TRAT_IMPUESTOS,CODIMP,PORCENTAJE,PORCENTAJE_RECARGO) 
VALUES(2,1,'3',4,0);
INSERT INTO config_imp_porcentajes_tbl (ID_GRUPO_IMPUESTOS,ID_TRAT_IMPUESTOS,CODIMP,PORCENTAJE,PORCENTAJE_RECARGO) 
VALUES(2,1,'4',0,0);
INSERT INTO config_imp_porcentajes_tbl (ID_GRUPO_IMPUESTOS,ID_TRAT_IMPUESTOS,CODIMP,PORCENTAJE,PORCENTAJE_RECARGO) 
VALUES(2,2,'1',18,4);
INSERT INTO config_imp_porcentajes_tbl (ID_GRUPO_IMPUESTOS,ID_TRAT_IMPUESTOS,CODIMP,PORCENTAJE,PORCENTAJE_RECARGO) 
VALUES(2,2,'2',8,1);
INSERT INTO config_imp_porcentajes_tbl (ID_GRUPO_IMPUESTOS,ID_TRAT_IMPUESTOS,CODIMP,PORCENTAJE,PORCENTAJE_RECARGO) 
VALUES(2,2,'3',4,0.5);
INSERT INTO config_imp_porcentajes_tbl (ID_GRUPO_IMPUESTOS,ID_TRAT_IMPUESTOS,CODIMP,PORCENTAJE,PORCENTAJE_RECARGO) 
VALUES(2,2,'4',0,0);
INSERT INTO config_imp_porcentajes_tbl (ID_GRUPO_IMPUESTOS,ID_TRAT_IMPUESTOS,CODIMP,PORCENTAJE,PORCENTAJE_RECARGO) 
VALUES(2,3,'1',0,0);
INSERT INTO config_imp_porcentajes_tbl (ID_GRUPO_IMPUESTOS,ID_TRAT_IMPUESTOS,CODIMP,PORCENTAJE,PORCENTAJE_RECARGO) 
VALUES(2,3,'2',0,0);
INSERT INTO config_imp_porcentajes_tbl (ID_GRUPO_IMPUESTOS,ID_TRAT_IMPUESTOS,CODIMP,PORCENTAJE,PORCENTAJE_RECARGO) 
VALUES(2,3,'3',0,0);
INSERT INTO config_imp_porcentajes_tbl (ID_GRUPO_IMPUESTOS,ID_TRAT_IMPUESTOS,CODIMP,PORCENTAJE,PORCENTAJE_RECARGO) 
VALUES(2,3,'4',0,0);
INSERT INTO config_imp_porcentajes_tbl (ID_GRUPO_IMPUESTOS,ID_TRAT_IMPUESTOS,CODIMP,PORCENTAJE,PORCENTAJE_RECARGO) 
VALUES(2,6,'1',0,0);
INSERT INTO config_imp_porcentajes_tbl (ID_GRUPO_IMPUESTOS,ID_TRAT_IMPUESTOS,CODIMP,PORCENTAJE,PORCENTAJE_RECARGO) 
VALUES(2,6,'2',0,0);
INSERT INTO config_imp_porcentajes_tbl (ID_GRUPO_IMPUESTOS,ID_TRAT_IMPUESTOS,CODIMP,PORCENTAJE,PORCENTAJE_RECARGO) 
VALUES(2,6,'3',0,0);
INSERT INTO config_imp_porcentajes_tbl (ID_GRUPO_IMPUESTOS,ID_TRAT_IMPUESTOS,CODIMP,PORCENTAJE,PORCENTAJE_RECARGO) 
VALUES(2,6,'4',0,0);
INSERT INTO config_imp_porcentajes_tbl (ID_GRUPO_IMPUESTOS,ID_TRAT_IMPUESTOS,CODIMP,PORCENTAJE,PORCENTAJE_RECARGO) 
VALUES(2,7,'1',0,0);
INSERT INTO config_imp_porcentajes_tbl (ID_GRUPO_IMPUESTOS,ID_TRAT_IMPUESTOS,CODIMP,PORCENTAJE,PORCENTAJE_RECARGO) 
VALUES(2,7,'2',0,0);
INSERT INTO config_imp_porcentajes_tbl (ID_GRUPO_IMPUESTOS,ID_TRAT_IMPUESTOS,CODIMP,PORCENTAJE,PORCENTAJE_RECARGO) 
VALUES(2,7,'3',0,0);
INSERT INTO config_imp_porcentajes_tbl (ID_GRUPO_IMPUESTOS,ID_TRAT_IMPUESTOS,CODIMP,PORCENTAJE,PORCENTAJE_RECARGO) 
VALUES(2,7,'4',0,0);

INSERT INTO config_imp_porcentajes_tbl (ID_GRUPO_IMPUESTOS,ID_TRAT_IMPUESTOS,CODIMP,PORCENTAJE,PORCENTAJE_RECARGO) 
VALUES(3,1,'1',21,0);
INSERT INTO config_imp_porcentajes_tbl (ID_GRUPO_IMPUESTOS,ID_TRAT_IMPUESTOS,CODIMP,PORCENTAJE,PORCENTAJE_RECARGO) 
VALUES(3,1,'2',10,0);
INSERT INTO config_imp_porcentajes_tbl (ID_GRUPO_IMPUESTOS,ID_TRAT_IMPUESTOS,CODIMP,PORCENTAJE,PORCENTAJE_RECARGO) 
VALUES(3,1,'3',4,0);
INSERT INTO config_imp_porcentajes_tbl (ID_GRUPO_IMPUESTOS,ID_TRAT_IMPUESTOS,CODIMP,PORCENTAJE,PORCENTAJE_RECARGO) 
VALUES(3,1,'4',0,0);
INSERT INTO config_imp_porcentajes_tbl (ID_GRUPO_IMPUESTOS,ID_TRAT_IMPUESTOS,CODIMP,PORCENTAJE,PORCENTAJE_RECARGO) 
VALUES(3,2,'1',21,4);
INSERT INTO config_imp_porcentajes_tbl (ID_GRUPO_IMPUESTOS,ID_TRAT_IMPUESTOS,CODIMP,PORCENTAJE,PORCENTAJE_RECARGO) 
VALUES(3,2,'2',10,1);
INSERT INTO config_imp_porcentajes_tbl (ID_GRUPO_IMPUESTOS,ID_TRAT_IMPUESTOS,CODIMP,PORCENTAJE,PORCENTAJE_RECARGO) 
VALUES(3,2,'3',4,0.5);
INSERT INTO config_imp_porcentajes_tbl (ID_GRUPO_IMPUESTOS,ID_TRAT_IMPUESTOS,CODIMP,PORCENTAJE,PORCENTAJE_RECARGO) 
VALUES(3,2,'4',0,0);
INSERT INTO config_imp_porcentajes_tbl (ID_GRUPO_IMPUESTOS,ID_TRAT_IMPUESTOS,CODIMP,PORCENTAJE,PORCENTAJE_RECARGO) 
VALUES(3,3,'1',0,0);
INSERT INTO config_imp_porcentajes_tbl (ID_GRUPO_IMPUESTOS,ID_TRAT_IMPUESTOS,CODIMP,PORCENTAJE,PORCENTAJE_RECARGO) 
VALUES(3,3,'2',0,0);
INSERT INTO config_imp_porcentajes_tbl (ID_GRUPO_IMPUESTOS,ID_TRAT_IMPUESTOS,CODIMP,PORCENTAJE,PORCENTAJE_RECARGO) 
VALUES(3,3,'3',0,0);
INSERT INTO config_imp_porcentajes_tbl (ID_GRUPO_IMPUESTOS,ID_TRAT_IMPUESTOS,CODIMP,PORCENTAJE,PORCENTAJE_RECARGO) 
VALUES(3,3,'4',0,0);
INSERT INTO config_imp_porcentajes_tbl (ID_GRUPO_IMPUESTOS,ID_TRAT_IMPUESTOS,CODIMP,PORCENTAJE,PORCENTAJE_RECARGO) 
VALUES(3,6,'1',0,0);
INSERT INTO config_imp_porcentajes_tbl (ID_GRUPO_IMPUESTOS,ID_TRAT_IMPUESTOS,CODIMP,PORCENTAJE,PORCENTAJE_RECARGO) 
VALUES(3,6,'2',0,0);
INSERT INTO config_imp_porcentajes_tbl (ID_GRUPO_IMPUESTOS,ID_TRAT_IMPUESTOS,CODIMP,PORCENTAJE,PORCENTAJE_RECARGO) 
VALUES(3,6,'3',0,0);
INSERT INTO config_imp_porcentajes_tbl (ID_GRUPO_IMPUESTOS,ID_TRAT_IMPUESTOS,CODIMP,PORCENTAJE,PORCENTAJE_RECARGO) 
VALUES(3,6,'4',0,0);
INSERT INTO config_imp_porcentajes_tbl (ID_GRUPO_IMPUESTOS,ID_TRAT_IMPUESTOS,CODIMP,PORCENTAJE,PORCENTAJE_RECARGO) 
VALUES(3,7,'1',0,0);
INSERT INTO config_imp_porcentajes_tbl (ID_GRUPO_IMPUESTOS,ID_TRAT_IMPUESTOS,CODIMP,PORCENTAJE,PORCENTAJE_RECARGO) 
VALUES(3,7,'2',0,0);
INSERT INTO config_imp_porcentajes_tbl (ID_GRUPO_IMPUESTOS,ID_TRAT_IMPUESTOS,CODIMP,PORCENTAJE,PORCENTAJE_RECARGO) 
VALUES(3,7,'3',0,0);
INSERT INTO config_imp_porcentajes_tbl (ID_GRUPO_IMPUESTOS,ID_TRAT_IMPUESTOS,CODIMP,PORCENTAJE,PORCENTAJE_RECARGO) 
VALUES(3,7,'4',0,0);

-- config_imp_tipos_tbl

INSERT INTO config_imp_tipos_tbl (CODIMP,DESIMP) 
VALUES('1','Normal');
INSERT INTO config_imp_tipos_tbl (CODIMP,DESIMP) 
VALUES('2','Reducido');
INSERT INTO config_imp_tipos_tbl (CODIMP,DESIMP) 
VALUES('3','Super reducido');
INSERT INTO config_imp_tipos_tbl (CODIMP,DESIMP) 
VALUES('4','Exento');


-- config_imp_tratamiento_tbl

INSERT INTO config_imp_tratamiento_tbl (ID_TRAT_IMPUESTOS,CODTRATIMP,DESTRATIMP,APLICA_RECARGO) 
VALUES(1,'10-NAC','Nacional','N');
INSERT INTO config_imp_tratamiento_tbl (ID_TRAT_IMPUESTOS,CODTRATIMP,DESTRATIMP,APLICA_RECARGO) 
VALUES(2,'20-NAC-REC','Nacional+Recargo Equivalencia','S');
INSERT INTO config_imp_tratamiento_tbl (ID_TRAT_IMPUESTOS,CODTRATIMP,DESTRATIMP,APLICA_RECARGO) 
VALUES(3,'30-NAC-EXEN','Nacional, exento de IVA','N');
INSERT INTO config_imp_tratamiento_tbl (ID_TRAT_IMPUESTOS,CODTRATIMP,DESTRATIMP,APLICA_RECARGO) 
VALUES(6,'60-INTRA','Intracomunitario','N');
INSERT INTO config_imp_tratamiento_tbl (ID_TRAT_IMPUESTOS,CODTRATIMP,DESTRATIMP,APLICA_RECARGO) 
VALUES(7,'70-IMP-EXP','Importación/Exportación','N');


-- config_menu_tbl

INSERT INTO config_menu_tbl (APLICACION,ORDEN,OPCION,ID_ACCION,TECLA_RAPIDA) 
VALUES('ADMINISTRACION',1,'Empresa\Mantenimiento de Usuarios',1,NULL);
INSERT INTO config_menu_tbl (APLICACION,ORDEN,OPCION,ID_ACCION,TECLA_RAPIDA) 
VALUES('ADMINISTRACION',2,'Empresa\Mantenimiento de Perfiles',2,NULL);
INSERT INTO config_menu_tbl (APLICACION,ORDEN,OPCION,ID_ACCION,TECLA_RAPIDA) 
VALUES('ADMINISTRACION',3,'Empresa\-',NULL,NULL);
INSERT INTO config_menu_tbl (APLICACION,ORDEN,OPCION,ID_ACCION,TECLA_RAPIDA) 
VALUES('ADMINISTRACION',4,'Empresa\Configuración de la Empresa',6,NULL);
INSERT INTO config_menu_tbl (APLICACION,ORDEN,OPCION,ID_ACCION,TECLA_RAPIDA) 
VALUES('ADMINISTRACION',5,'Empresa\-',NULL,NULL);
INSERT INTO config_menu_tbl (APLICACION,ORDEN,OPCION,ID_ACCION,TECLA_RAPIDA) 
VALUES('ADMINISTRACION',6,'Empresa\Configuración de Parámetros del Sistema',50,NULL);
INSERT INTO config_menu_tbl (APLICACION,ORDEN,OPCION,ID_ACCION,TECLA_RAPIDA) 
VALUES('ADMINISTRACION',7,'Artículos\Mantenimiento de Artículos',16,NULL);
INSERT INTO config_menu_tbl (APLICACION,ORDEN,OPCION,ID_ACCION,TECLA_RAPIDA) 
VALUES('ADMINISTRACION',8,'Artículos\-',NULL,NULL);
INSERT INTO config_menu_tbl (APLICACION,ORDEN,OPCION,ID_ACCION,TECLA_RAPIDA) 
VALUES('ADMINISTRACION',9,'Artículos\Mantenimiento de Familias',7,NULL);
INSERT INTO config_menu_tbl (APLICACION,ORDEN,OPCION,ID_ACCION,TECLA_RAPIDA) 
VALUES('ADMINISTRACION',10,'Artículos\Mantenimiento de Secciones',9,NULL);
INSERT INTO config_menu_tbl (APLICACION,ORDEN,OPCION,ID_ACCION,TECLA_RAPIDA) 
VALUES('ADMINISTRACION',11,'Artículos\Mantenimiento de Categorizaciones',8,NULL);
INSERT INTO config_menu_tbl (APLICACION,ORDEN,OPCION,ID_ACCION,TECLA_RAPIDA) 
VALUES('ADMINISTRACION',12,'Artículos\-',NULL,NULL);
INSERT INTO config_menu_tbl (APLICACION,ORDEN,OPCION,ID_ACCION,TECLA_RAPIDA) 
VALUES('ADMINISTRACION',13,'Artículos\Mantenimiento de Unidades de Medida de Etiquetas',11,NULL);
INSERT INTO config_menu_tbl (APLICACION,ORDEN,OPCION,ID_ACCION,TECLA_RAPIDA) 
VALUES('ADMINISTRACION',14,'Común\Mantenimiento de Series',3,NULL);
INSERT INTO config_menu_tbl (APLICACION,ORDEN,OPCION,ID_ACCION,TECLA_RAPIDA) 
VALUES('ADMINISTRACION',15,'Común\Mantenimiento de Países',4,NULL);
INSERT INTO config_menu_tbl (APLICACION,ORDEN,OPCION,ID_ACCION,TECLA_RAPIDA) 
VALUES('ADMINISTRACION',16,'Común\Mantenimiento de Sectores',13,NULL);
INSERT INTO config_menu_tbl (APLICACION,ORDEN,OPCION,ID_ACCION,TECLA_RAPIDA) 
VALUES('ADMINISTRACION',17,'Común\-',NULL,NULL);
INSERT INTO config_menu_tbl (APLICACION,ORDEN,OPCION,ID_ACCION,TECLA_RAPIDA) 
VALUES('ADMINISTRACION',18,'Común\Mantenimiento de Medios de Pago',17,NULL);
INSERT INTO config_menu_tbl (APLICACION,ORDEN,OPCION,ID_ACCION,TECLA_RAPIDA) 
VALUES('ADMINISTRACION',19,'Ventas\Mantenimiento de Clientes',15,NULL);
INSERT INTO config_menu_tbl (APLICACION,ORDEN,OPCION,ID_ACCION,TECLA_RAPIDA) 
VALUES('ADMINISTRACION',20,'Ventas\-',NULL,NULL);
INSERT INTO config_menu_tbl (APLICACION,ORDEN,OPCION,ID_ACCION,TECLA_RAPIDA) 
VALUES('ADMINISTRACION',21,'Ventas\Mantenimiento de Tarifas',23,NULL);
INSERT INTO config_menu_tbl (APLICACION,ORDEN,OPCION,ID_ACCION,TECLA_RAPIDA) 
VALUES('ADMINISTRACION',22,'Ventas\Mantenimiento de Promociones',26,NULL);
INSERT INTO config_menu_tbl (APLICACION,ORDEN,OPCION,ID_ACCION,TECLA_RAPIDA) 
VALUES('ADMINISTRACION',23,'Ventas\-',NULL,NULL);
INSERT INTO config_menu_tbl (APLICACION,ORDEN,OPCION,ID_ACCION,TECLA_RAPIDA) 
VALUES('ADMINISTRACION',24,'Ventas\Mantenimiento de Tipos de Portes',24,NULL);
INSERT INTO config_menu_tbl (APLICACION,ORDEN,OPCION,ID_ACCION,TECLA_RAPIDA) 
VALUES('ADMINISTRACION',25,'Compras\Mantenimiento de Proveedores',18,NULL);
INSERT INTO config_menu_tbl (APLICACION,ORDEN,OPCION,ID_ACCION,TECLA_RAPIDA) 
VALUES('ADMINISTRACION',26,'Almacen-Tienda\Mantenimiento de Almacenes',14,NULL);
INSERT INTO config_menu_tbl (APLICACION,ORDEN,OPCION,ID_ACCION,TECLA_RAPIDA) 
VALUES('ADMINISTRACION',27,'Almacen-Tienda\Mantenimiento de Tiendas',25,NULL);
INSERT INTO config_menu_tbl (APLICACION,ORDEN,OPCION,ID_ACCION,TECLA_RAPIDA) 
VALUES('ADMINISTRACION',28,'Almacen-Tienda\-',NULL,NULL);
INSERT INTO config_menu_tbl (APLICACION,ORDEN,OPCION,ID_ACCION,TECLA_RAPIDA) 
VALUES('ADMINISTRACION',29,'Almacen-Tienda\Mantenimiento de Conceptos de Almacenes para Compras',21,NULL);
INSERT INTO config_menu_tbl (APLICACION,ORDEN,OPCION,ID_ACCION,TECLA_RAPIDA) 
VALUES('ADMINISTRACION',30,'Almacen-Tienda\Mantenimiento de Conceptos de Almacenes para Ventas',20,NULL);
INSERT INTO config_menu_tbl (APLICACION,ORDEN,OPCION,ID_ACCION,TECLA_RAPIDA) 
VALUES('ADMINISTRACION',31,'Almacen-Tienda\Mantenimiento de Conceptos de Almacenes Regularización',19,NULL);
INSERT INTO config_menu_tbl (APLICACION,ORDEN,OPCION,ID_ACCION,TECLA_RAPIDA) 
VALUES('ADMINISTRACION',32,'Almacen-Tienda\-',NULL,NULL);
INSERT INTO config_menu_tbl (APLICACION,ORDEN,OPCION,ID_ACCION,TECLA_RAPIDA) 
VALUES('ADMINISTRACION',33,'Almacen-Tienda\Sincronizador de Tiendas',41,NULL);
INSERT INTO config_menu_tbl (APLICACION,ORDEN,OPCION,ID_ACCION,TECLA_RAPIDA) 
VALUES('ADMINISTRACION',34,'Almacen-Tienda\Procesamiento de tickets',31,NULL);
INSERT INTO config_menu_tbl (APLICACION,ORDEN,OPCION,ID_ACCION,TECLA_RAPIDA) 
VALUES('ADMINISTRACION',35,'Tesorería\Mantenimiento de Bancos',5,NULL);
INSERT INTO config_menu_tbl (APLICACION,ORDEN,OPCION,ID_ACCION,TECLA_RAPIDA) 
VALUES('ADMINISTRACION',36,'Tesorería\-',NULL,NULL);
INSERT INTO config_menu_tbl (APLICACION,ORDEN,OPCION,ID_ACCION,TECLA_RAPIDA) 
VALUES('ADMINISTRACION',37,'Tesorería\Mantenimiento de Tipos Efectos',10,NULL);
INSERT INTO config_menu_tbl (APLICACION,ORDEN,OPCION,ID_ACCION,TECLA_RAPIDA) 
VALUES('ADMINISTRACION',38,'Impuestos\Mantenimiento de Tratamientos de Impuestos',28,NULL);
INSERT INTO config_menu_tbl (APLICACION,ORDEN,OPCION,ID_ACCION,TECLA_RAPIDA) 
VALUES('ADMINISTRACION',39,'Impuestos\Mantenimiento de Tipos de Impuestos',12,NULL);
INSERT INTO config_menu_tbl (APLICACION,ORDEN,OPCION,ID_ACCION,TECLA_RAPIDA) 
VALUES('ADMINISTRACION',40,'Impuestos\-',NULL,NULL);
INSERT INTO config_menu_tbl (APLICACION,ORDEN,OPCION,ID_ACCION,TECLA_RAPIDA) 
VALUES('ADMINISTRACION',41,'Impuestos\Mantenimiento de Cuadro de Impuestos',34,NULL);
INSERT INTO config_menu_tbl (APLICACION,ORDEN,OPCION,ID_ACCION,TECLA_RAPIDA) 
VALUES('ADMINISTRACION',42,'Sistema\Estadísticas de uso',57,NULL);
INSERT INTO config_menu_tbl (APLICACION,ORDEN,OPCION,ID_ACCION,TECLA_RAPIDA) 
VALUES('BACKOFFICE',1,'Backoffice\Consulta de Artículos',30,NULL);
INSERT INTO config_menu_tbl (APLICACION,ORDEN,OPCION,ID_ACCION,TECLA_RAPIDA) 
VALUES('BACKOFFICE',2,'Backoffice\Cambios de Artículos y Tarifas',44,NULL);
INSERT INTO config_menu_tbl (APLICACION,ORDEN,OPCION,ID_ACCION,TECLA_RAPIDA) 
VALUES('BACKOFFICE',3,'Backoffice\-',NULL,NULL);
INSERT INTO config_menu_tbl (APLICACION,ORDEN,OPCION,ID_ACCION,TECLA_RAPIDA) 
VALUES('BACKOFFICE',4,'Backoffice\Aprovisionamientos',53,NULL);
INSERT INTO config_menu_tbl (APLICACION,ORDEN,OPCION,ID_ACCION,TECLA_RAPIDA) 
VALUES('BACKOFFICE',5,'Backoffice\-',NULL,NULL);
INSERT INTO config_menu_tbl (APLICACION,ORDEN,OPCION,ID_ACCION,TECLA_RAPIDA) 
VALUES('BACKOFFICE',6,'Backoffice\Regularizaciones',37,NULL);
INSERT INTO config_menu_tbl (APLICACION,ORDEN,OPCION,ID_ACCION,TECLA_RAPIDA) 
VALUES('BACKOFFICE',7,'Backoffice\-',NULL,NULL);
INSERT INTO config_menu_tbl (APLICACION,ORDEN,OPCION,ID_ACCION,TECLA_RAPIDA) 
VALUES('BACKOFFICE',8,'Backoffice\Selección de Almacén',36,NULL);
INSERT INTO config_menu_tbl (APLICACION,ORDEN,OPCION,ID_ACCION,TECLA_RAPIDA) 
VALUES('CENTRAL',1,'Artículos\Mantenimiento de Artículos',16,NULL);
INSERT INTO config_menu_tbl (APLICACION,ORDEN,OPCION,ID_ACCION,TECLA_RAPIDA) 
VALUES('CENTRAL',2,'Artículos\-',NULL,NULL);
INSERT INTO config_menu_tbl (APLICACION,ORDEN,OPCION,ID_ACCION,TECLA_RAPIDA) 
VALUES('CENTRAL',3,'Artículos\Mantenimiento de Familias',7,NULL);
INSERT INTO config_menu_tbl (APLICACION,ORDEN,OPCION,ID_ACCION,TECLA_RAPIDA) 
VALUES('CENTRAL',4,'Artículos\Mantenimiento de Categorizaciones',8,NULL);
INSERT INTO config_menu_tbl (APLICACION,ORDEN,OPCION,ID_ACCION,TECLA_RAPIDA) 
VALUES('CENTRAL',5,'Artículos\Mantenimiento de Secciones',9,NULL);
INSERT INTO config_menu_tbl (APLICACION,ORDEN,OPCION,ID_ACCION,TECLA_RAPIDA) 
VALUES('CENTRAL',6,'Artículos\-',NULL,NULL);
INSERT INTO config_menu_tbl (APLICACION,ORDEN,OPCION,ID_ACCION,TECLA_RAPIDA) 
VALUES('CENTRAL',7,'Artículos\Mantenimiento de Unidades de Medida de Etiquetas',11,NULL);
INSERT INTO config_menu_tbl (APLICACION,ORDEN,OPCION,ID_ACCION,TECLA_RAPIDA) 
VALUES('CENTRAL',8,'General\Mantenimiento de Clientes',15,NULL);
INSERT INTO config_menu_tbl (APLICACION,ORDEN,OPCION,ID_ACCION,TECLA_RAPIDA) 
VALUES('CENTRAL',9,'General\Mantenimiento de Sectores',13,NULL);
INSERT INTO config_menu_tbl (APLICACION,ORDEN,OPCION,ID_ACCION,TECLA_RAPIDA) 
VALUES('CENTRAL',10,'General\-',NULL,NULL);
INSERT INTO config_menu_tbl (APLICACION,ORDEN,OPCION,ID_ACCION,TECLA_RAPIDA) 
VALUES('CENTRAL',11,'General\Mantenimiento de Proveedores',18,NULL);
INSERT INTO config_menu_tbl (APLICACION,ORDEN,OPCION,ID_ACCION,TECLA_RAPIDA) 
VALUES('CENTRAL',12,'General\-',NULL,NULL);
INSERT INTO config_menu_tbl (APLICACION,ORDEN,OPCION,ID_ACCION,TECLA_RAPIDA) 
VALUES('CENTRAL',13,'General\Mantenimiento de Medios de Pago',17,NULL);
INSERT INTO config_menu_tbl (APLICACION,ORDEN,OPCION,ID_ACCION,TECLA_RAPIDA) 
VALUES('CENTRAL',14,'General\-',NULL,NULL);
INSERT INTO config_menu_tbl (APLICACION,ORDEN,OPCION,ID_ACCION,TECLA_RAPIDA) 
VALUES('CENTRAL',15,'General\Mantenimiento de Series',3,NULL);
INSERT INTO config_menu_tbl (APLICACION,ORDEN,OPCION,ID_ACCION,TECLA_RAPIDA) 
VALUES('CENTRAL',16,'General\Mantenimiento de Países',4,NULL);
INSERT INTO config_menu_tbl (APLICACION,ORDEN,OPCION,ID_ACCION,TECLA_RAPIDA) 
VALUES('CENTRAL',17,'Almacenes\Mantenimiento de Almacenes',14,NULL);
INSERT INTO config_menu_tbl (APLICACION,ORDEN,OPCION,ID_ACCION,TECLA_RAPIDA) 
VALUES('CENTRAL',18,'Almacenes\Mantenimiento de Tiendas',25,NULL);
INSERT INTO config_menu_tbl (APLICACION,ORDEN,OPCION,ID_ACCION,TECLA_RAPIDA) 
VALUES('CENTRAL',19,'Almacenes\-',NULL,NULL);
INSERT INTO config_menu_tbl (APLICACION,ORDEN,OPCION,ID_ACCION,TECLA_RAPIDA) 
VALUES('CENTRAL',20,'Almacenes\Mantenimiento de Conceptos de Almacenes Regularización',19,NULL);
INSERT INTO config_menu_tbl (APLICACION,ORDEN,OPCION,ID_ACCION,TECLA_RAPIDA) 
VALUES('CENTRAL',21,'Almacenes\Mantenimiento de Conceptos de Almacenes para Compras',21,NULL);
INSERT INTO config_menu_tbl (APLICACION,ORDEN,OPCION,ID_ACCION,TECLA_RAPIDA) 
VALUES('CENTRAL',22,'Almacenes\Mantenimiento de Conceptos de Almacenes para Ventas',20,NULL);
INSERT INTO config_menu_tbl (APLICACION,ORDEN,OPCION,ID_ACCION,TECLA_RAPIDA) 
VALUES('CENTRAL',23,'Almacenes\-',NULL,NULL);
INSERT INTO config_menu_tbl (APLICACION,ORDEN,OPCION,ID_ACCION,TECLA_RAPIDA) 
VALUES('CENTRAL',24,'Almacenes\Regularizaciones',27,NULL);
INSERT INTO config_menu_tbl (APLICACION,ORDEN,OPCION,ID_ACCION,TECLA_RAPIDA) 
VALUES('CENTRAL',25,'Almacenes\-',NULL,NULL);
INSERT INTO config_menu_tbl (APLICACION,ORDEN,OPCION,ID_ACCION,TECLA_RAPIDA) 
VALUES('CENTRAL',26,'Almacenes\Inventarios',51,NULL);
INSERT INTO config_menu_tbl (APLICACION,ORDEN,OPCION,ID_ACCION,TECLA_RAPIDA) 
VALUES('CENTRAL',27,'Compras\Introducción de Pedidos de Compras',55,NULL);
INSERT INTO config_menu_tbl (APLICACION,ORDEN,OPCION,ID_ACCION,TECLA_RAPIDA) 
VALUES('CENTRAL',28,'Compras\Introducción de Albaranes de Compras',22,NULL);
INSERT INTO config_menu_tbl (APLICACION,ORDEN,OPCION,ID_ACCION,TECLA_RAPIDA) 
VALUES('CENTRAL',29,'Compras\-',NULL,NULL);
INSERT INTO config_menu_tbl (APLICACION,ORDEN,OPCION,ID_ACCION,TECLA_RAPIDA) 
VALUES('CENTRAL',30,'Compras\Conformación de Facturas de Compras',35,NULL);
INSERT INTO config_menu_tbl (APLICACION,ORDEN,OPCION,ID_ACCION,TECLA_RAPIDA) 
VALUES('CENTRAL',31,'Compras\Consulta de Facturas de Compras',46,NULL);
INSERT INTO config_menu_tbl (APLICACION,ORDEN,OPCION,ID_ACCION,TECLA_RAPIDA) 
VALUES('CENTRAL',32,'Compras\-',NULL,NULL);
INSERT INTO config_menu_tbl (APLICACION,ORDEN,OPCION,ID_ACCION,TECLA_RAPIDA) 
VALUES('CENTRAL',33,'Compras\Estadísticas',39,NULL);
INSERT INTO config_menu_tbl (APLICACION,ORDEN,OPCION,ID_ACCION,TECLA_RAPIDA) 
VALUES('CENTRAL',34,'Ventas\Introducción de Pedidos de Ventas',42,NULL);
INSERT INTO config_menu_tbl (APLICACION,ORDEN,OPCION,ID_ACCION,TECLA_RAPIDA) 
VALUES('CENTRAL',35,'Ventas\Introducción de Albaranes de Ventas',38,NULL);
INSERT INTO config_menu_tbl (APLICACION,ORDEN,OPCION,ID_ACCION,TECLA_RAPIDA) 
VALUES('CENTRAL',36,'Ventas\-',NULL,NULL);
INSERT INTO config_menu_tbl (APLICACION,ORDEN,OPCION,ID_ACCION,TECLA_RAPIDA) 
VALUES('CENTRAL',37,'Ventas\Mantenimiento de Tarifas',23,NULL);
INSERT INTO config_menu_tbl (APLICACION,ORDEN,OPCION,ID_ACCION,TECLA_RAPIDA) 
VALUES('CENTRAL',38,'Ventas\Mantenimiento de Promociones',26,NULL);
INSERT INTO config_menu_tbl (APLICACION,ORDEN,OPCION,ID_ACCION,TECLA_RAPIDA) 
VALUES('CENTRAL',39,'Ventas\-',NULL,NULL);
INSERT INTO config_menu_tbl (APLICACION,ORDEN,OPCION,ID_ACCION,TECLA_RAPIDA) 
VALUES('CENTRAL',40,'Ventas\Mantenimiento de Tipos de Portes',24,NULL);
INSERT INTO config_menu_tbl (APLICACION,ORDEN,OPCION,ID_ACCION,TECLA_RAPIDA) 
VALUES('CENTRAL',41,'Ventas\-',NULL,NULL);
INSERT INTO config_menu_tbl (APLICACION,ORDEN,OPCION,ID_ACCION,TECLA_RAPIDA) 
VALUES('CENTRAL',42,'Ventas\Facturación de Albaranes de Ventas',48,NULL);
INSERT INTO config_menu_tbl (APLICACION,ORDEN,OPCION,ID_ACCION,TECLA_RAPIDA) 
VALUES('CENTRAL',43,'Ventas\Consulta de Facturas de Ventas',29,NULL);
INSERT INTO config_menu_tbl (APLICACION,ORDEN,OPCION,ID_ACCION,TECLA_RAPIDA) 
VALUES('CENTRAL',44,'Ventas\-',NULL,NULL);
INSERT INTO config_menu_tbl (APLICACION,ORDEN,OPCION,ID_ACCION,TECLA_RAPIDA) 
VALUES('CENTRAL',45,'Ventas\Estadísticas',40,NULL);
INSERT INTO config_menu_tbl (APLICACION,ORDEN,OPCION,ID_ACCION,TECLA_RAPIDA) 
VALUES('CENTRAL',46,'Tesorería\Mantenimiento de Bancos',5,NULL);
INSERT INTO config_menu_tbl (APLICACION,ORDEN,OPCION,ID_ACCION,TECLA_RAPIDA) 
VALUES('CENTRAL',47,'Tesorería\Mantenimiento de Tipos Efectos',10,NULL);
INSERT INTO config_menu_tbl (APLICACION,ORDEN,OPCION,ID_ACCION,TECLA_RAPIDA) 
VALUES('CENTRAL',48,'Tesorería\-',NULL,NULL);
INSERT INTO config_menu_tbl (APLICACION,ORDEN,OPCION,ID_ACCION,TECLA_RAPIDA) 
VALUES('CENTRAL',49,'Tesorería\Tratamiento de Cobros',45,NULL);
INSERT INTO config_menu_tbl (APLICACION,ORDEN,OPCION,ID_ACCION,TECLA_RAPIDA) 
VALUES('CENTRAL',50,'Tesorería\Remesas de Cobros',49,NULL);
INSERT INTO config_menu_tbl (APLICACION,ORDEN,OPCION,ID_ACCION,TECLA_RAPIDA) 
VALUES('CENTRAL',51,'Tesorería\-',NULL,NULL);
INSERT INTO config_menu_tbl (APLICACION,ORDEN,OPCION,ID_ACCION,TECLA_RAPIDA) 
VALUES('CENTRAL',52,'Tesorería\Tratamiento de Pagos',47,NULL);
INSERT INTO config_menu_tbl (APLICACION,ORDEN,OPCION,ID_ACCION,TECLA_RAPIDA) 
VALUES('CENTRAL',53,'Tesorería\Remesas de Pagos',54,NULL);
INSERT INTO config_menu_tbl (APLICACION,ORDEN,OPCION,ID_ACCION,TECLA_RAPIDA) 
VALUES('GESTION',1,'General\Mantenimiento de Artículos',16,NULL);
INSERT INTO config_menu_tbl (APLICACION,ORDEN,OPCION,ID_ACCION,TECLA_RAPIDA) 
VALUES('GESTION',2,'General\-',NULL,NULL);
INSERT INTO config_menu_tbl (APLICACION,ORDEN,OPCION,ID_ACCION,TECLA_RAPIDA) 
VALUES('GESTION',3,'General\Mantenimiento de Clientes',15,NULL);
INSERT INTO config_menu_tbl (APLICACION,ORDEN,OPCION,ID_ACCION,TECLA_RAPIDA) 
VALUES('GESTION',4,'General\Mantenimiento de Proveedores',18,NULL);
INSERT INTO config_menu_tbl (APLICACION,ORDEN,OPCION,ID_ACCION,TECLA_RAPIDA) 
VALUES('GESTION',5,'General\-',NULL,NULL);
INSERT INTO config_menu_tbl (APLICACION,ORDEN,OPCION,ID_ACCION,TECLA_RAPIDA) 
VALUES('GESTION',6,'General\Mantenimiento de Almacenes',14,NULL);
INSERT INTO config_menu_tbl (APLICACION,ORDEN,OPCION,ID_ACCION,TECLA_RAPIDA) 
VALUES('GESTION',7,'General\Mantenimiento de Tiendas',25,NULL);
INSERT INTO config_menu_tbl (APLICACION,ORDEN,OPCION,ID_ACCION,TECLA_RAPIDA) 
VALUES('GESTION',8,'Almacenes\Regularizaciones',27,NULL);
INSERT INTO config_menu_tbl (APLICACION,ORDEN,OPCION,ID_ACCION,TECLA_RAPIDA) 
VALUES('GESTION',9,'Almacenes\-',NULL,NULL);
INSERT INTO config_menu_tbl (APLICACION,ORDEN,OPCION,ID_ACCION,TECLA_RAPIDA) 
VALUES('GESTION',10,'Almacenes\Inventarios',51,NULL);
INSERT INTO config_menu_tbl (APLICACION,ORDEN,OPCION,ID_ACCION,TECLA_RAPIDA) 
VALUES('GESTION',11,'Compras\Introducción de Pedidos de Compras',55,NULL);
INSERT INTO config_menu_tbl (APLICACION,ORDEN,OPCION,ID_ACCION,TECLA_RAPIDA) 
VALUES('GESTION',12,'Compras\Introducción de Albaranes de Compras',22,NULL);
INSERT INTO config_menu_tbl (APLICACION,ORDEN,OPCION,ID_ACCION,TECLA_RAPIDA) 
VALUES('GESTION',13,'Compras\-',NULL,NULL);
INSERT INTO config_menu_tbl (APLICACION,ORDEN,OPCION,ID_ACCION,TECLA_RAPIDA) 
VALUES('GESTION',14,'Compras\Conformación de Facturas de Compras',35,NULL);
INSERT INTO config_menu_tbl (APLICACION,ORDEN,OPCION,ID_ACCION,TECLA_RAPIDA) 
VALUES('GESTION',15,'Compras\Consulta de Facturas de Compras',46,NULL);
INSERT INTO config_menu_tbl (APLICACION,ORDEN,OPCION,ID_ACCION,TECLA_RAPIDA) 
VALUES('GESTION',16,'Compras\-',NULL,NULL);
INSERT INTO config_menu_tbl (APLICACION,ORDEN,OPCION,ID_ACCION,TECLA_RAPIDA) 
VALUES('GESTION',17,'Compras\Estadísticas',39,NULL);
INSERT INTO config_menu_tbl (APLICACION,ORDEN,OPCION,ID_ACCION,TECLA_RAPIDA) 
VALUES('GESTION',18,'Ventas\Introducción de Pedidos de Ventas',42,NULL);
INSERT INTO config_menu_tbl (APLICACION,ORDEN,OPCION,ID_ACCION,TECLA_RAPIDA) 
VALUES('GESTION',19,'Ventas\Introducción de Albaranes de Ventas',38,NULL);
INSERT INTO config_menu_tbl (APLICACION,ORDEN,OPCION,ID_ACCION,TECLA_RAPIDA) 
VALUES('GESTION',20,'Ventas\-',NULL,NULL);
INSERT INTO config_menu_tbl (APLICACION,ORDEN,OPCION,ID_ACCION,TECLA_RAPIDA) 
VALUES('GESTION',21,'Ventas\Facturación de Albaranes de Ventas',48,NULL);
INSERT INTO config_menu_tbl (APLICACION,ORDEN,OPCION,ID_ACCION,TECLA_RAPIDA) 
VALUES('GESTION',22,'Ventas\Consulta de Facturas de Ventas',29,NULL);
INSERT INTO config_menu_tbl (APLICACION,ORDEN,OPCION,ID_ACCION,TECLA_RAPIDA) 
VALUES('GESTION',23,'Ventas\-',NULL,NULL);
INSERT INTO config_menu_tbl (APLICACION,ORDEN,OPCION,ID_ACCION,TECLA_RAPIDA) 
VALUES('GESTION',24,'Ventas\Estadísticas',40,NULL);
INSERT INTO config_menu_tbl (APLICACION,ORDEN,OPCION,ID_ACCION,TECLA_RAPIDA) 
VALUES('GESTION',25,'Tesorería\Tratamiento de Cobros',45,NULL);
INSERT INTO config_menu_tbl (APLICACION,ORDEN,OPCION,ID_ACCION,TECLA_RAPIDA) 
VALUES('GESTION',26,'Tesorería\Remesas de Cobros',49,NULL);
INSERT INTO config_menu_tbl (APLICACION,ORDEN,OPCION,ID_ACCION,TECLA_RAPIDA) 
VALUES('GESTION',27,'Tesorería\-',NULL,NULL);
INSERT INTO config_menu_tbl (APLICACION,ORDEN,OPCION,ID_ACCION,TECLA_RAPIDA) 
VALUES('GESTION',28,'Tesorería\Tratamiento de Pagos',47,NULL);
INSERT INTO config_menu_tbl (APLICACION,ORDEN,OPCION,ID_ACCION,TECLA_RAPIDA) 
VALUES('GESTION',29,'Tesorería\Remesas de Pagos',54,NULL);
INSERT INTO config_menu_tbl (APLICACION,ORDEN,OPCION,ID_ACCION,TECLA_RAPIDA) 
VALUES('TPV',1,'Ventas\Tickets',100,NULL);
INSERT INTO config_menu_tbl (APLICACION,ORDEN,OPCION,ID_ACCION,TECLA_RAPIDA) 
VALUES('TPV',2,'Ventas\Gestión de Caja',101,NULL);
INSERT INTO config_menu_tbl (APLICACION,ORDEN,OPCION,ID_ACCION,TECLA_RAPIDA) 
VALUES('TPV',3,'Configuración\Configuración TPV',102,NULL);
INSERT INTO config_menu_tbl (APLICACION,ORDEN,OPCION,ID_ACCION,TECLA_RAPIDA) 
VALUES('TPV',4,'Mantenimientos\Artículos',103,NULL);
INSERT INTO config_menu_tbl (APLICACION,ORDEN,OPCION,ID_ACCION,TECLA_RAPIDA) 
VALUES('TPV',5,'Mantenimientos\Clientes',104,NULL);
INSERT INTO config_menu_tbl (APLICACION,ORDEN,OPCION,ID_ACCION,TECLA_RAPIDA) 
VALUES('TPV',6,'Configuración\Datos Generales',105,NULL);
INSERT INTO config_menu_tbl (APLICACION,ORDEN,OPCION,ID_ACCION,TECLA_RAPIDA) 
VALUES('TPV',7,'Mantenimientos\Códigos de Barras',106,NULL);


-- config_perfiles_tbl

INSERT INTO config_perfiles_tbl (ID_PERFIL,DESPERFIL) 
VALUES(0,'Administradores');
INSERT INTO config_perfiles_tbl (ID_PERFIL,DESPERFIL) 
VALUES(1,'Usuarios');


-- config_tiendas_tipos_tbl

INSERT INTO config_tiendas_tipos_tbl (ID_TIPO_TIENDA,DESTIPO_TIENDA,CLASE_CONFIGURACION,CLASE_SINCRONIZACION) 
VALUES(1,'ON-LINE','com.comerzzia.servicios.sincronizacion.sincronizadores.SincronizadorOnline','com.comerzzia.servicios.sincronizacion.sincronizadores.SincronizadorOnline');
INSERT INTO config_tiendas_tipos_tbl (ID_TIPO_TIENDA,DESTIPO_TIENDA,CLASE_CONFIGURACION,CLASE_SINCRONIZACION) 
VALUES(2,'OFF-LINE con Base de Datos MySQL','com.comerzzia.servicios.sincronizacion.sincronizadores.ConfigSincronizacionMySQL','com.comerzzia.servicios.sincronizacion.sincronizadores.SincronizadorMySQL');
INSERT INTO config_tiendas_tipos_tbl (ID_TIPO_TIENDA,DESTIPO_TIENDA,CLASE_CONFIGURACION,CLASE_SINCRONIZACION) 
VALUES(3,'OFF-LINE con Base de Datos Oracle','com.comerzzia.servicios.sincronizacion.sincronizadores.ConfigSincronizacionOracle','com.comerzzia.servicios.sincronizacion.sincronizadores.SincronizadorOracle');
INSERT INTO config_tiendas_tipos_tbl (ID_TIPO_TIENDA,DESTIPO_TIENDA,CLASE_CONFIGURACION,CLASE_SINCRONIZACION) 
VALUES(4,'TIENDA VIRTUAL','com.comerzzia.servicios.sincronizacion.sincronizadores.SincronizadorTiendaVirtual','com.comerzzia.servicios.sincronizacion.sincronizadores.SincronizadorTiendaVirtual');


-- config_tiendas_tipos_trab_tbl

INSERT INTO config_tiendas_tipos_trab_tbl (ID_TIPO_TIENDA,TRABAJO,CLASE,INTERVALO) 
VALUES(1,'Enviar Artículos','com.comerzzia.servicios.sincronizacion.trabajos.EnviarArticulosJob',NULL);
INSERT INTO config_tiendas_tipos_trab_tbl (ID_TIPO_TIENDA,TRABAJO,CLASE,INTERVALO) 
VALUES(1,'Enviar Configuración','com.comerzzia.servicios.sincronizacion.trabajos.EnviarConfiguracionJob',NULL);
INSERT INTO config_tiendas_tipos_trab_tbl (ID_TIPO_TIENDA,TRABAJO,CLASE,INTERVALO) 
VALUES(1,'Recibir Tickets','com.comerzzia.servicios.sincronizacion.trabajos.RecibirTicketsJob',NULL);
INSERT INTO config_tiendas_tipos_trab_tbl (ID_TIPO_TIENDA,TRABAJO,CLASE,INTERVALO) 
VALUES(2,'Enviar Artículos','com.comerzzia.servicios.sincronizacion.trabajos.EnviarArticulosJob',NULL);
INSERT INTO config_tiendas_tipos_trab_tbl (ID_TIPO_TIENDA,TRABAJO,CLASE,INTERVALO) 
VALUES(2,'Enviar Configuración','com.comerzzia.servicios.sincronizacion.trabajos.EnviarConfiguracionJob',NULL);
INSERT INTO config_tiendas_tipos_trab_tbl (ID_TIPO_TIENDA,TRABAJO,CLASE,INTERVALO) 
VALUES(2,'Recibir Tickets','com.comerzzia.servicios.sincronizacion.trabajos.RecibirTicketsJob',NULL);
INSERT INTO config_tiendas_tipos_trab_tbl (ID_TIPO_TIENDA,TRABAJO,CLASE,INTERVALO) 
VALUES(3,'Enviar Artículos','com.comerzzia.servicios.sincronizacion.trabajos.EnviarArticulosJob',NULL);
INSERT INTO config_tiendas_tipos_trab_tbl (ID_TIPO_TIENDA,TRABAJO,CLASE,INTERVALO) 
VALUES(3,'Enviar Configuración','com.comerzzia.servicios.sincronizacion.trabajos.EnviarConfiguracionJob',NULL);
INSERT INTO config_tiendas_tipos_trab_tbl (ID_TIPO_TIENDA,TRABAJO,CLASE,INTERVALO) 
VALUES(3,'Recibir Tickets','com.comerzzia.servicios.sincronizacion.trabajos.RecibirTicketsJob',NULL);
INSERT INTO config_tiendas_tipos_trab_tbl (ID_TIPO_TIENDA,TRABAJO,CLASE,INTERVALO) 
VALUES(4,'Enviar Artículos','com.comerzzia.servicios.sincronizacion.trabajos.EnviarArticulosJob',NULL);
INSERT INTO config_tiendas_tipos_trab_tbl (ID_TIPO_TIENDA,TRABAJO,CLASE,INTERVALO) 
VALUES(4,'Enviar Configuración','com.comerzzia.servicios.sincronizacion.trabajos.EnviarConfiguracionJob',NULL);


-- config_usuarios_perfiles_tbl

INSERT INTO config_usuarios_perfiles_tbl (ID_USUARIO,ID_PERFIL) 
VALUES(0,0);


-- config_usuarios_tbl

INSERT INTO config_usuarios_tbl (ID_USUARIO,USUARIO,DESUSUARIO,CLAVE,ACTIVO,APLICACION_POR_DEFECTO,PUEDE_CAMBIAR_APLICACION) 
VALUES(0,'ADMINISTRADOR','ADMINISTRADOR','4afcc456ccfd59d852882f7c4082fc07','S',NULL,'S');


-- config_variables_def_tbl

INSERT INTO config_variables_def_tbl (ID_VARIABLE,DESCRIPCION,VALOR_DEFECTO,NIVEL_USUARIO,NIVEL_GRUPO,NIVEL_EMPRESA,NIVEL_GENERAL) 
VALUES('APLICACION.TITULO','Título de la aplicación','Gestor de procesos','N','N','N','S');
INSERT INTO config_variables_def_tbl (ID_VARIABLE,DESCRIPCION,VALOR_DEFECTO,NIVEL_USUARIO,NIVEL_GRUPO,NIVEL_EMPRESA,NIVEL_GENERAL) 
VALUES('ARTICULOS.DESGLOSE1_TITULO','Titulo para el primer desglose en almacen',NULL,'N','N','N','S');
INSERT INTO config_variables_def_tbl (ID_VARIABLE,DESCRIPCION,VALOR_DEFECTO,NIVEL_USUARIO,NIVEL_GRUPO,NIVEL_EMPRESA,NIVEL_GENERAL) 
VALUES('ARTICULOS.DESGLOSE2_TITULO','Titulo para el segundo desglose en almacen',NULL,'N','N','N','S');
INSERT INTO config_variables_def_tbl (ID_VARIABLE,DESCRIPCION,VALOR_DEFECTO,NIVEL_USUARIO,NIVEL_GRUPO,NIVEL_EMPRESA,NIVEL_GENERAL) 
VALUES('GENERAL.VERSION','Versión del gestor de procesos','1.3.0','N','N','N','S');
INSERT INTO config_variables_def_tbl (ID_VARIABLE,DESCRIPCION,VALOR_DEFECTO,NIVEL_USUARIO,NIVEL_GRUPO,NIVEL_EMPRESA,NIVEL_GENERAL) 
VALUES('SINCRONIZADOR.ARRANQUE_AUTOMATICO','Arranque automático del Sincronizador de Tiendas','S','N','N','N','S');
INSERT INTO config_variables_def_tbl (ID_VARIABLE,DESCRIPCION,VALOR_DEFECTO,NIVEL_USUARIO,NIVEL_GRUPO,NIVEL_EMPRESA,NIVEL_GENERAL) 
VALUES('SINCRONIZADOR.MAX_TRABAJOS_SIMULTANEOS','Número máximo de trabajos simultaneos que puede ejecutar el Sincronizador de Tiendas','5','N','N','N','S');
INSERT INTO config_variables_def_tbl (ID_VARIABLE,DESCRIPCION,VALOR_DEFECTO,NIVEL_USUARIO,NIVEL_GRUPO,NIVEL_EMPRESA,NIVEL_GENERAL) 
VALUES('TARIFAS.REDONDEO_NIVEL1','Primer nivel de redondeo de tarifas. Desde/Hasta/Valor','1-2-0','N','N','N','S');
INSERT INTO config_variables_def_tbl (ID_VARIABLE,DESCRIPCION,VALOR_DEFECTO,NIVEL_USUARIO,NIVEL_GRUPO,NIVEL_EMPRESA,NIVEL_GENERAL) 
VALUES('TARIFAS.REDONDEO_NIVEL2','Segundo nivel de redondeo de tarifas. Desde/Hasta/Valor','3-4-5','N','N','N','S');
INSERT INTO config_variables_def_tbl (ID_VARIABLE,DESCRIPCION,VALOR_DEFECTO,NIVEL_USUARIO,NIVEL_GRUPO,NIVEL_EMPRESA,NIVEL_GENERAL) 
VALUES('TARIFAS.REDONDEO_NIVEL3','Tercer nivel de redondeo de tarifas. Desde/Hasta/Valor','6-8-9','N','N','N','S');
INSERT INTO config_variables_def_tbl (ID_VARIABLE,DESCRIPCION,VALOR_DEFECTO,NIVEL_USUARIO,NIVEL_GRUPO,NIVEL_EMPRESA,NIVEL_GENERAL) 
VALUES('TICKETS.PROCESAMIENTO_AUTOMATICO','Activación Automática del Servicio de Procesamiento de Tickets','S','N','N','N','S');
INSERT INTO config_variables_def_tbl (ID_VARIABLE,DESCRIPCION,VALOR_DEFECTO,NIVEL_USUARIO,NIVEL_GRUPO,NIVEL_EMPRESA,NIVEL_GENERAL) 
VALUES('TICKETS.PROCESAMIENTO_AUTOMATICO_TIEMPO','Tiempo en segundos de demora entre procesamiento','60','N','N','N','S');
INSERT INTO config_variables_def_tbl (ID_VARIABLE,DESCRIPCION,VALOR_DEFECTO,NIVEL_USUARIO,NIVEL_GRUPO,NIVEL_EMPRESA,NIVEL_GENERAL) 
VALUES('TICKETS.USA_DESCUENTO_EN_LINEA','Indica si esta activo el uso de descuentos en líneas para los tickets realizados por el TPV','N','N','N','N','S');
INSERT INTO config_variables_def_tbl (ID_VARIABLE,DESCRIPCION,VALOR_DEFECTO,NIVEL_USUARIO,NIVEL_GRUPO,NIVEL_EMPRESA,NIVEL_GENERAL) 
VALUES('TPV.AUTONOMO','Indica si el TPV tendra disponibles las opciones de edicion de las tablas locales de mantenimiento','N','N','N','N','S');
INSERT INTO config_variables_def_tbl (ID_VARIABLE,DESCRIPCION,VALOR_DEFECTO,NIVEL_USUARIO,NIVEL_GRUPO,NIVEL_EMPRESA,NIVEL_GENERAL) 
VALUES('TPV.VERSION','Versión del TPV','1.3.0','N','N','N','S');
INSERT INTO config_variables_def_tbl (ID_VARIABLE,DESCRIPCION,VALOR_DEFECTO,NIVEL_USUARIO,NIVEL_GRUPO,NIVEL_EMPRESA,NIVEL_GENERAL) 
VALUES('WEBSERVICES.WSCLIENTES','Indica la ruta del webservice de clientes',NULL,'N','N','N','S');
INSERT INTO config_variables_def_tbl (ID_VARIABLE,DESCRIPCION,VALOR_DEFECTO,NIVEL_USUARIO,NIVEL_GRUPO,NIVEL_EMPRESA,NIVEL_GENERAL) 
VALUES('ARTICULOS.FORMATO_CODBAR_AUTOMATICO','Formato de los códigos de barras aleatorios','EAN8','N','N','N','S');


-- d_almacenes_conceptos_tbl

INSERT INTO d_almacenes_conceptos_tbl (CODAPLICACION,CODCONALM,DESCONALM,SIGNO,CODALM_ORIGEN,CODALM_DESTINO,SOLICITUD_ACEPTACION_AUTO,SOLICITUD_RECEPCION_AUTO,SOLICITUD_GENERAR_FALTAS,VISIBLE_TIENDAS,ACTIVO) 
VALUES('COMP','0000','COMPRA DIRECTA',NULL,NULL,NULL,'S','S','N','N','S');
INSERT INTO d_almacenes_conceptos_tbl (CODAPLICACION,CODCONALM,DESCONALM,SIGNO,CODALM_ORIGEN,CODALM_DESTINO,SOLICITUD_ACEPTACION_AUTO,SOLICITUD_RECEPCION_AUTO,SOLICITUD_GENERAR_FALTAS,VISIBLE_TIENDAS,ACTIVO) 
VALUES('COMP','0100','PEDIDO A PROVEEDOR',NULL,NULL,'0000','S','S','S','S','S');
INSERT INTO d_almacenes_conceptos_tbl (CODAPLICACION,CODCONALM,DESCONALM,SIGNO,CODALM_ORIGEN,CODALM_DESTINO,SOLICITUD_ACEPTACION_AUTO,SOLICITUD_RECEPCION_AUTO,SOLICITUD_GENERAR_FALTAS,VISIBLE_TIENDAS,ACTIVO) 
VALUES('COMP','0110','DEVOLUCION A PROVEEDOR','-',NULL,NULL,'S','S','N','N','S');
INSERT INTO d_almacenes_conceptos_tbl (CODAPLICACION,CODCONALM,DESCONALM,SIGNO,CODALM_ORIGEN,CODALM_DESTINO,SOLICITUD_ACEPTACION_AUTO,SOLICITUD_RECEPCION_AUTO,SOLICITUD_GENERAR_FALTAS,VISIBLE_TIENDAS,ACTIVO) 
VALUES('REGU','0000','REGULARIZACIÓN',NULL,NULL,NULL,'N','S','N','N','S');
INSERT INTO d_almacenes_conceptos_tbl (CODAPLICACION,CODCONALM,DESCONALM,SIGNO,CODALM_ORIGEN,CODALM_DESTINO,SOLICITUD_ACEPTACION_AUTO,SOLICITUD_RECEPCION_AUTO,SOLICITUD_GENERAR_FALTAS,VISIBLE_TIENDAS,ACTIVO) 
VALUES('VENT','0000','VENTA DIRECTA',NULL,NULL,NULL,'S','S','N','N','S');
INSERT INTO d_almacenes_conceptos_tbl (CODAPLICACION,CODCONALM,DESCONALM,SIGNO,CODALM_ORIGEN,CODALM_DESTINO,SOLICITUD_ACEPTACION_AUTO,SOLICITUD_RECEPCION_AUTO,SOLICITUD_GENERAR_FALTAS,VISIBLE_TIENDAS,ACTIVO) 
VALUES('VENT','0009','PEDIDO INTERNET',NULL,NULL,NULL,'N','N','N','N','S');
INSERT INTO d_almacenes_conceptos_tbl (CODAPLICACION,CODCONALM,DESCONALM,SIGNO,CODALM_ORIGEN,CODALM_DESTINO,SOLICITUD_ACEPTACION_AUTO,SOLICITUD_RECEPCION_AUTO,SOLICITUD_GENERAR_FALTAS,VISIBLE_TIENDAS,ACTIVO) 
VALUES('VENT','0100','PEDIDO TIENDAS',NULL,'0000',NULL,'N','S','S','S','S');
INSERT INTO d_almacenes_conceptos_tbl (CODAPLICACION,CODCONALM,DESCONALM,SIGNO,CODALM_ORIGEN,CODALM_DESTINO,SOLICITUD_ACEPTACION_AUTO,SOLICITUD_RECEPCION_AUTO,SOLICITUD_GENERAR_FALTAS,VISIBLE_TIENDAS,ACTIVO) 
VALUES('VENT','0110','DEVOLUCION TIENDA','-','0000',NULL,'S','S','N','S','S');


-- d_almacenes_tbl

INSERT INTO d_almacenes_tbl (CODALM,DESALM,DOMICILIO,POBLACION,PROVINCIA,CP,TELEFONO1,TELEFONO2,FAX,PERSONA_CONTACTO,CODEMP,CODCLI,ACTIVO) 
VALUES('0000','0000',NULL,NULL,NULL,NULL,NULL,NULL,NULL,NULL,'0000','0000','S');


-- d_clientes_tbl

INSERT INTO d_clientes_tbl (CODCLI,DESCLI,NOMBRE_COMERCIAL,DOMICILIO,POBLACION,PROVINCIA,CP,TELEFONO1,TELEFONO2,FAX,CODPAIS,PERSONA_CONTACTO,EMAIL,CIF,ID_TRAT_IMPUESTOS,ID_MEDPAG_VEN,CODTAR,CODSEC,BANCO,BANCO_DOMICILIO,BANCO_POBLACION,CCC,OBSERVACIONES,ACTIVO,FECHA_ALTA,FECHA_BAJA,RIESGO_CONCEDIDO) 
VALUES('0000','0000',NULL,NULL,NULL,NULL,NULL,NULL,NULL,NULL,'ES',NULL,NULL,'0000',1,2,NULL,NULL,NULL,NULL,NULL,NULL,NULL,'S',TO_DATE('2010-01-29 14:32:22', 'YYYY-MM-DD HH24:MI:SS'),NULL,NULL);


-- d_empresas_tbl

INSERT INTO d_empresas_tbl (CODEMP,DESEMP,NOMBRE_COMERCIAL,DOMICILIO,POBLACION,PROVINCIA,CP,CIF,TELEFONO1,TELEFONO2,FAX,ACTIVO,LOGOTIPO,REGISTRO_MERCANTIL) 
VALUES('0000',NULL,NULL,NULL,NULL,NULL,NULL,NULL,NULL,NULL,NULL,'S',NULL,NULL);


-- d_medios_pago_tbl

INSERT INTO d_medios_pago_tbl (CODMEDPAG,DESMEDPAG,CONTADO,EFECTIVO,TARJETA_CREDITO,CODTIPOEFEC,VISIBLE_VENTA,VISIBLE_TIENDA_VIRTUAL,VISIBLE_COMPRA,ACTIVO) 
VALUES('0000','EFECTIVO','S','S','N',NULL,'S','N','S','S');
INSERT INTO d_medios_pago_tbl (CODMEDPAG,DESMEDPAG,CONTADO,EFECTIVO,TARJETA_CREDITO,CODTIPOEFEC,VISIBLE_VENTA,VISIBLE_TIENDA_VIRTUAL,VISIBLE_COMPRA,ACTIVO) 
VALUES('0010','TARJETA CREDITO','S','N','S',NULL,'S','N','S','S');
INSERT INTO d_medios_pago_tbl (CODMEDPAG,DESMEDPAG,CONTADO,EFECTIVO,TARJETA_CREDITO,CODTIPOEFEC,VISIBLE_VENTA,VISIBLE_TIENDA_VIRTUAL,VISIBLE_COMPRA,ACTIVO) 
VALUES('0020','VALE','S','S','N',NULL,'S','N','S','S');
INSERT INTO d_medios_pago_tbl (CODMEDPAG,DESMEDPAG,CONTADO,EFECTIVO,TARJETA_CREDITO,CODTIPOEFEC,VISIBLE_VENTA,VISIBLE_TIENDA_VIRTUAL,VISIBLE_COMPRA,ACTIVO) 
VALUES('0100','CHEQUE','S','N','N','10','S','N','S','S');
INSERT INTO d_medios_pago_tbl (CODMEDPAG,DESMEDPAG,CONTADO,EFECTIVO,TARJETA_CREDITO,CODTIPOEFEC,VISIBLE_VENTA,VISIBLE_TIENDA_VIRTUAL,VISIBLE_COMPRA,ACTIVO) 
VALUES('0110','TRANSFERENCIA','S','N','N','20','S','N','S','S');
INSERT INTO d_medios_pago_tbl (CODMEDPAG,DESMEDPAG,CONTADO,EFECTIVO,TARJETA_CREDITO,CODTIPOEFEC,VISIBLE_VENTA,VISIBLE_TIENDA_VIRTUAL,VISIBLE_COMPRA,ACTIVO) 
VALUES('0120','CONTRAREEMBOLSO','S','S','N',NULL,'S','S','S','S');
INSERT INTO d_medios_pago_tbl (CODMEDPAG,DESMEDPAG,CONTADO,EFECTIVO,TARJETA_CREDITO,CODTIPOEFEC,VISIBLE_VENTA,VISIBLE_TIENDA_VIRTUAL,VISIBLE_COMPRA,ACTIVO) 
VALUES('0500','PAGARE','N','N','N','30','N','N','S','S');
INSERT INTO d_medios_pago_tbl (CODMEDPAG,DESMEDPAG,CONTADO,EFECTIVO,TARJETA_CREDITO,CODTIPOEFEC,VISIBLE_VENTA,VISIBLE_TIENDA_VIRTUAL,VISIBLE_COMPRA,ACTIVO) 
VALUES('0510','GIRO','S','N','N','40','N','N','S','S');


-- d_medios_pago_ven_tbl

INSERT INTO d_medios_pago_ven_tbl (ID_MEDPAG_VEN,CODMEDPAG,DESMEDPAG_VEN,NUMERO_VENCIMIENTOS,DIAS_CADENCIA,DIAS_ENTRE_VENCIMIENTOS,DIAS_NATURALES,ACTIVO) 
VALUES(2,'0000','EFECTIVO',0,0,0,'N','S');
INSERT INTO d_medios_pago_ven_tbl (ID_MEDPAG_VEN,CODMEDPAG,DESMEDPAG_VEN,NUMERO_VENCIMIENTOS,DIAS_CADENCIA,DIAS_ENTRE_VENCIMIENTOS,DIAS_NATURALES,ACTIVO) 
VALUES(3,'0010','TARJETA CREDITO',0,0,0,'N','S');
INSERT INTO d_medios_pago_ven_tbl (ID_MEDPAG_VEN,CODMEDPAG,DESMEDPAG_VEN,NUMERO_VENCIMIENTOS,DIAS_CADENCIA,DIAS_ENTRE_VENCIMIENTOS,DIAS_NATURALES,ACTIVO) 
VALUES(4,'0020','VALE',0,0,0,'N','S');
INSERT INTO d_medios_pago_ven_tbl (ID_MEDPAG_VEN,CODMEDPAG,DESMEDPAG_VEN,NUMERO_VENCIMIENTOS,DIAS_CADENCIA,DIAS_ENTRE_VENCIMIENTOS,DIAS_NATURALES,ACTIVO) 
VALUES(5,'0100','CHEQUE',1,0,0,'N','S');
INSERT INTO d_medios_pago_ven_tbl (ID_MEDPAG_VEN,CODMEDPAG,DESMEDPAG_VEN,NUMERO_VENCIMIENTOS,DIAS_CADENCIA,DIAS_ENTRE_VENCIMIENTOS,DIAS_NATURALES,ACTIVO) 
VALUES(6,'0110','TRANSFERENCIA',1,0,0,'N','S');
INSERT INTO d_medios_pago_ven_tbl (ID_MEDPAG_VEN,CODMEDPAG,DESMEDPAG_VEN,NUMERO_VENCIMIENTOS,DIAS_CADENCIA,DIAS_ENTRE_VENCIMIENTOS,DIAS_NATURALES,ACTIVO) 
VALUES(7,'0120','CONTRAREEMBOLSO',0,0,0,'N','S');
INSERT INTO d_medios_pago_ven_tbl (ID_MEDPAG_VEN,CODMEDPAG,DESMEDPAG_VEN,NUMERO_VENCIMIENTOS,DIAS_CADENCIA,DIAS_ENTRE_VENCIMIENTOS,DIAS_NATURALES,ACTIVO) 
VALUES(8,'0500','PAGARE',1,0,0,'N','S');
INSERT INTO d_medios_pago_ven_tbl (ID_MEDPAG_VEN,CODMEDPAG,DESMEDPAG_VEN,NUMERO_VENCIMIENTOS,DIAS_CADENCIA,DIAS_ENTRE_VENCIMIENTOS,DIAS_NATURALES,ACTIVO) 
VALUES(9,'0510','GIRO',1,0,0,'N','S');


-- d_paises_tbl

INSERT INTO d_paises_tbl (CODPAIS,DESPAIS,ACTIVO) 
VALUES('ALE','ALEMANIA','N');
INSERT INTO d_paises_tbl (CODPAIS,DESPAIS,ACTIVO) 
VALUES('BRA','BRASIL','S');
INSERT INTO d_paises_tbl (CODPAIS,DESPAIS,ACTIVO) 
VALUES('CHN','CHINA','S');
INSERT INTO d_paises_tbl (CODPAIS,DESPAIS,ACTIVO) 
VALUES('CV','CIUDAD VATICANO','S');
INSERT INTO d_paises_tbl (CODPAIS,DESPAIS,ACTIVO) 
VALUES('EEUU','ESTADOS UNIDOS','S');
INSERT INTO d_paises_tbl (CODPAIS,DESPAIS,ACTIVO) 
VALUES('ES','ESPAÑA','S');
INSERT INTO d_paises_tbl (CODPAIS,DESPAIS,ACTIVO) 
VALUES('FRAN','FRANCIA','S');
INSERT INTO d_paises_tbl (CODPAIS,DESPAIS,ACTIVO) 
VALUES('GB','GRAN BRETAÑA','S');
INSERT INTO d_paises_tbl (CODPAIS,DESPAIS,ACTIVO) 
VALUES('ITA','ITALIA','S');
INSERT INTO d_paises_tbl (CODPAIS,DESPAIS,ACTIVO) 
VALUES('JPN','JAPON','S');
INSERT INTO d_paises_tbl (CODPAIS,DESPAIS,ACTIVO) 
VALUES('LUX','LUXEMBURGO','S');
INSERT INTO d_paises_tbl (CODPAIS,DESPAIS,ACTIVO) 
VALUES('MOG','MONGOLIA','S');
INSERT INTO d_paises_tbl (CODPAIS,DESPAIS,ACTIVO) 
VALUES('NOR','NORUEGA','S');
INSERT INTO d_paises_tbl (CODPAIS,DESPAIS,ACTIVO) 
VALUES('PORT','PORTUGAL','S');
INSERT INTO d_paises_tbl (CODPAIS,DESPAIS,ACTIVO) 
VALUES('RP','REPUBLICA CHECA','S');
INSERT INTO d_paises_tbl (CODPAIS,DESPAIS,ACTIVO) 
VALUES('RUS','RUSIA','S');
INSERT INTO d_paises_tbl (CODPAIS,DESPAIS,ACTIVO) 
VALUES('SUE','SUECIA','S');
INSERT INTO d_paises_tbl (CODPAIS,DESPAIS,ACTIVO) 
VALUES('SUZ','SUIZA','S');


-- d_promociones_tipos_tbl

INSERT INTO d_promociones_tipos_tbl 
VALUES(1,'PRECIO/PUNTOS',NULL);


-- d_series_tbl

INSERT INTO d_series_tbl (CODSERIE,DESSERIE,ACTIVO) 
VALUES('0000','0000','S');


-- d_tarifas_cab_tbl

INSERT INTO d_tarifas_cab_tbl (CODTAR,DESTAR,VERSION,ID_GRUPO_IMPUESTOS,ID_TRAT_IMPUESTOS,FECHA_VERSION) 
VALUES('GENERAL','GENERAL',1,3,1,TO_DATE('29/09/2014 12:00:00','DD/MM/RRRR HH24:MI:SS'));


-- d_tipos_efectos_tbl

INSERT INTO d_tipos_efectos_tbl (CODTIPOEFEC,DESTIPOEFEC,REMESABLE,ENTRADA_DOCUMENTO_AUTOMATICA,ACTIVO) 
VALUES('10','CHEQUE','S','N','S');
INSERT INTO d_tipos_efectos_tbl (CODTIPOEFEC,DESTIPOEFEC,REMESABLE,ENTRADA_DOCUMENTO_AUTOMATICA,ACTIVO) 
VALUES('20','TRANSFERENCIA','N','N','S');
INSERT INTO d_tipos_efectos_tbl (CODTIPOEFEC,DESTIPOEFEC,REMESABLE,ENTRADA_DOCUMENTO_AUTOMATICA,ACTIVO) 
VALUES('30','PAGARE','S','N','S');
INSERT INTO d_tipos_efectos_tbl (CODTIPOEFEC,DESTIPOEFEC,REMESABLE,ENTRADA_DOCUMENTO_AUTOMATICA,ACTIVO) 
VALUES('40','GIRO','S','S','S');


-- d_unidad_medida_etiquetas_tbl

INSERT INTO d_unidad_medida_etiquetas_tbl (COD_UM_ETIQUETA,DES_UM_ETIQUETA,DESETIQUETA,FACTOR) 
VALUES('00','1','1',1);
INSERT INTO d_unidad_medida_etiquetas_tbl (COD_UM_ETIQUETA,DES_UM_ETIQUETA,DESETIQUETA,FACTOR) 
VALUES('01','KILOS','Kilo',1000);
INSERT INTO d_unidad_medida_etiquetas_tbl (COD_UM_ETIQUETA,DES_UM_ETIQUETA,DESETIQUETA,FACTOR) 
VALUES('02','LITRO','Litro',1000);
INSERT INTO d_unidad_medida_etiquetas_tbl (COD_UM_ETIQUETA,DES_UM_ETIQUETA,DESETIQUETA,FACTOR) 
VALUES('03','DOCENA','Docena',12);
INSERT INTO d_unidad_medida_etiquetas_tbl (COD_UM_ETIQUETA,DES_UM_ETIQUETA,DESETIQUETA,FACTOR) 
VALUES('04','UNIDAD','Unidad',1);
INSERT INTO d_unidad_medida_etiquetas_tbl (COD_UM_ETIQUETA,DES_UM_ETIQUETA,DESETIQUETA,FACTOR) 
VALUES('05','DOSIS','Dosis',1);
INSERT INTO d_unidad_medida_etiquetas_tbl (COD_UM_ETIQUETA,DES_UM_ETIQUETA,DESETIQUETA,FACTOR) 
VALUES('06','100 ML','100ml',100);
INSERT INTO d_unidad_medida_etiquetas_tbl (COD_UM_ETIQUETA,DES_UM_ETIQUETA,DESETIQUETA,FACTOR) 
VALUES('07','100 GR','100gr',100);
INSERT INTO d_unidad_medida_etiquetas_tbl (COD_UM_ETIQUETA,DES_UM_ETIQUETA,DESETIQUETA,FACTOR) 
VALUES('08','METRO','Metro',1);


-- t_tiendas_cajas_tbl

INSERT INTO t_tiendas_cajas_tbl(codalm, codcaja, uid_tpv, configuracion)
VALUES ('0000', '00', '{01DBDB28-AE12-4825-BD64-*****CENTRAL}', '3c3f786d6c2076657273696f6e3d22312e302220656e636f64696e673d225554462d38223f3e0d0a3c506172616d6574726f733e0d0a20203c646973706f73697469766f733e0d0a202020203c7669736f723e0d0a2020202020203c6d6f64656c6f3e4e4f20555341205649534f523c2f6d6f64656c6f3e0d0a2020202020203c6e6f6d627265636f6e6578696f6e3e3c2f6e6f6d627265636f6e6578696f6e3e0d0a2020202020203c7469706f636f6e6578696f6e3e3c2f7469706f636f6e6578696f6e3e0d0a202020203c2f7669736f723e0d0a202020203c63616a6f6e3e0d0a2020202020203c6d6f64656c6f3e4e4f205553412043414a4f4e3c2f6d6f64656c6f3e0d0a2020202020203c6e6f6d627265636f6e6578696f6e3e3c2f6e6f6d627265636f6e6578696f6e3e0d0a2020202020203c7469706f636f6e6578696f6e3e3c2f7469706f636f6e6578696f6e3e0d0a202020203c2f63616a6f6e3e0d0a202020203c696d707265736f72613e0d0a2020202020203c6d6f64656c6f3e4e4f2055534120494d505245534f52413c2f6d6f64656c6f3e0d0a2020202020203c6e6f6d627265636f6e6578696f6e3e3c2f6e6f6d627265636f6e6578696f6e3e0d0a2020202020203c7469706f636f6e6578696f6e3e3c2f7469706f636f6e6578696f6e3e0d0a202020203c2f696d707265736f72613e0d0a20203c2f646973706f73697469766f733e0d0a3c2f506172616d6574726f733e0d0a');




-- CREAR LAS CONSTRAINTS DE REFERENCIA

ALTER TABLE CONFIG_TIENDAS_TIPOS_TRAB_TBL
ADD CONSTRAINT CONFIG_TIENDAS_TIPOS_TRA_TT_FK FOREIGN KEY (ID_TIPO_TIENDA)
REFERENCES CONFIG_TIENDAS_TIPOS_TBL (ID_TIPO_TIENDA)
;
ALTER TABLE CONFIG_USUARIOS_PERFILES_TBL
ADD CONSTRAINT CONFIG_USUARIOS_PERFILES_PE_FK FOREIGN KEY (ID_PERFIL)
REFERENCES CONFIG_PERFILES_TBL (ID_PERFIL)
;
ALTER TABLE CONFIG_USUARIOS_PERFILES_TBL
ADD CONSTRAINT CONFIG_USUARIOS_PERFILES_US_FK FOREIGN KEY (ID_USUARIO)
REFERENCES CONFIG_USUARIOS_TBL (ID_USUARIO)
;
ALTER TABLE D_ALMACENES_ARTICULOS_TBL
ADD CONSTRAINT D_ALMACENES_ARTICULOS_ALM_FK FOREIGN KEY (CODALM)
REFERENCES D_ALMACENES_TBL (CODALM)
;
ALTER TABLE D_ALMACENES_ARTICULOS_TBL
ADD CONSTRAINT D_ALMACENES_ARTICULOS_ART_FK FOREIGN KEY (CODART)
REFERENCES D_ARTICULOS_TBL (CODART)
;
ALTER TABLE D_ALMACENES_CONCEPTOS_TBL
ADD CONSTRAINT D_ALMACENES_CONCEPTOS_ALD_FK FOREIGN KEY (CODALM_DESTINO)
REFERENCES D_ALMACENES_TBL (CODALM)
;
ALTER TABLE D_ALMACENES_CONCEPTOS_TBL
ADD CONSTRAINT D_ALMACENES_CONCEPTOS_ALM_FK FOREIGN KEY (CODALM_ORIGEN)
REFERENCES D_ALMACENES_TBL (CODALM)
;
ALTER TABLE D_ALMACENES_REGULARIZA_TBL
ADD CONSTRAINT D_ALMACENES_REGULARIZA_ALM_FK FOREIGN KEY (CODALM)
REFERENCES D_ALMACENES_TBL (CODALM)
;
ALTER TABLE D_ALMACENES_REGULARIZA_TBL
ADD CONSTRAINT D_ALMACENES_REGULARIZA_ART_FK FOREIGN KEY (CODART)
REFERENCES D_ARTICULOS_TBL (CODART)
;
ALTER TABLE D_ALMACENES_REGULARIZA_TBL
ADD CONSTRAINT D_ALMACENES_REGULARIZA_CON_FK FOREIGN KEY (CODAPLICACION, 
  CODCONALM)
REFERENCES D_ALMACENES_CONCEPTOS_TBL (CODAPLICACION,CODCONALM)
;
ALTER TABLE D_ALMACENES_TBL
ADD CONSTRAINT D_ALMACENES_CLI_FK FOREIGN KEY (CODCLI)
REFERENCES D_CLIENTES_TBL (CODCLI)
;
ALTER TABLE D_ALMACENES_TBL
ADD CONSTRAINT D_ALMACENES_EMP_FK FOREIGN KEY (CODEMP)
REFERENCES D_EMPRESAS_TBL (CODEMP)
;
ALTER TABLE D_ALMACENES_USUARIOS_TBL
ADD CONSTRAINT D_ALMACENES_USUARIOS_ALM_FK FOREIGN KEY (CODALM)
REFERENCES D_ALMACENES_TBL (CODALM)
;
ALTER TABLE D_ARTICULOS_CODBAR_TBL
ADD CONSTRAINT D_ARTICULOS_CODBAR_ART_FK FOREIGN KEY (CODART)
REFERENCES D_ARTICULOS_TBL (CODART)
;
ALTER TABLE D_ARTICULOS_FOTO_TBL
ADD CONSTRAINT D_ARTICULOS_FOTO_ART_FK FOREIGN KEY (CODART)
REFERENCES D_ARTICULOS_TBL (CODART)
;
ALTER TABLE D_ARTICULOS_NUM_SERIE_MOV_TBL
ADD CONSTRAINT D_ARTICULOS_NUM_SERIE_MO_SR_FK FOREIGN KEY (ID_NUMSERIE)
REFERENCES D_ARTICULOS_NUM_SERIE_TBL (ID_NUMSERIE)
;
ALTER TABLE D_ARTICULOS_NUM_SERIE_TBL
ADD CONSTRAINT D_ARTICULOS_NUM_SERIE_ALM_FK FOREIGN KEY (CODALM)
REFERENCES D_ALMACENES_TBL (CODALM)
;
ALTER TABLE D_ARTICULOS_NUM_SERIE_TBL
ADD CONSTRAINT D_ARTICULOS_NUM_SERIE_ART_FK FOREIGN KEY (CODART)
REFERENCES D_ARTICULOS_TBL (CODART)
;
ALTER TABLE D_ARTICULOS_NUM_SERIE_TBL
ADD CONSTRAINT D_ARTICULOS_NUM_SERIE_CLI_FK FOREIGN KEY (CODCLI)
REFERENCES D_CLIENTES_TBL (CODCLI)
;
ALTER TABLE D_ARTICULOS_NUM_SERIE_TBL
ADD CONSTRAINT D_ARTICULOS_NUM_SERIE_PRO_FK FOREIGN KEY (CODPRO)
REFERENCES D_PROVEEDORES_TBL (CODPRO)
;
ALTER TABLE D_ARTICULOS_TBL
ADD CONSTRAINT D_ARTICULOS_CAT_FK FOREIGN KEY (CODCAT)
REFERENCES D_CATEGORIZACION_TBL (CODCAT)
;
ALTER TABLE D_ARTICULOS_TBL
ADD CONSTRAINT D_ARTICULOS_CI_FK FOREIGN KEY (CODIMP)
REFERENCES CONFIG_IMP_TIPOS_TBL (CODIMP)
;
ALTER TABLE D_ARTICULOS_TBL
ADD CONSTRAINT D_ARTICULOS_FAM_FK FOREIGN KEY (CODFAM)
REFERENCES D_FAMILIAS_TBL (CODFAM)
;
ALTER TABLE D_ARTICULOS_TBL
ADD CONSTRAINT D_ARTICULOS_PRO_FK FOREIGN KEY (CODPRO)
REFERENCES D_PROVEEDORES_TBL (CODPRO)
;
ALTER TABLE D_ARTICULOS_TBL
ADD CONSTRAINT D_ARTICULOS_SEC_FK FOREIGN KEY (CODSECCION)
REFERENCES D_SECCIONES_TBL (CODSECCION)
;
ALTER TABLE D_ARTICULOS_TBL
ADD CONSTRAINT D_ARTICULOS_UME_FK FOREIGN KEY (COD_UM_ETIQUETA)
REFERENCES D_UNIDAD_MEDIDA_ETIQUETAS_TBL (COD_UM_ETIQUETA)
;
ALTER TABLE D_ARTICULOS_UNID_MEDIDA_TBL
ADD CONSTRAINT D_ARTICULOS_UNID_MEDIDA_ART_FK FOREIGN KEY (CODART)
REFERENCES D_ARTICULOS_TBL (CODART)
;
ALTER TABLE D_BANCOS_TBL
ADD CONSTRAINT D_BANCOS_EMP_FK FOREIGN KEY (CODEMP)
REFERENCES D_EMPRESAS_TBL (CODEMP)
;
ALTER TABLE D_CAJA_CAB_TBL
ADD CONSTRAINT D_CAJA_CAB_ALM_FK FOREIGN KEY (CODALM)
REFERENCES D_ALMACENES_TBL (CODALM)
;
ALTER TABLE D_CAJA_DET_TBL
ADD CONSTRAINT D_CAJA_DET_DC_FK FOREIGN KEY (UID_DIARIO_CAJA)
REFERENCES D_CAJA_CAB_TBL (UID_DIARIO_CAJA)
;
ALTER TABLE D_CAJA_DET_TBL
ADD CONSTRAINT D_CAJA_DET_MPV_FK FOREIGN KEY (ID_MEDPAG_VEN)
REFERENCES D_MEDIOS_PAGO_VEN_TBL (ID_MEDPAG_VEN)
;
ALTER TABLE D_CLIE_ALBARANES_CAB_TBL
ADD CONSTRAINT D_CLIE_ALBARANES_CAB_ALM_FK FOREIGN KEY (CODALM)
REFERENCES D_ALMACENES_TBL (CODALM)
;
ALTER TABLE D_CLIE_ALBARANES_CAB_TBL
ADD CONSTRAINT D_CLIE_ALBARANES_CAB_CLI_FK FOREIGN KEY (CODCLI)
REFERENCES D_CLIENTES_TBL (CODCLI)
;
ALTER TABLE D_CLIE_ALBARANES_CAB_TBL
ADD CONSTRAINT D_CLIE_ALBARANES_CAB_CON_FK FOREIGN KEY (CODAPLICACION, CODCONALM)
REFERENCES D_ALMACENES_CONCEPTOS_TBL (CODAPLICACION,CODCONALM)
;
ALTER TABLE D_CLIE_ALBARANES_CAB_TBL
ADD CONSTRAINT D_CLIE_ALBARANES_CAB_DC_FK FOREIGN KEY (UID_DIARIO_CAJA)
REFERENCES D_CAJA_CAB_TBL (UID_DIARIO_CAJA)
;
ALTER TABLE D_CLIE_ALBARANES_CAB_TBL
ADD CONSTRAINT D_CLIE_ALBARANES_CAB_EMP_FK FOREIGN KEY (CODEMP)
REFERENCES D_EMPRESAS_TBL (CODEMP)
;
ALTER TABLE D_CLIE_ALBARANES_CAB_TBL
ADD CONSTRAINT D_CLIE_ALBARANES_CAB_FACS_FK FOREIGN KEY (ID_FACTURA_SOP)
REFERENCES D_FACTURAS_SOP_CAB_TBL (ID_FACTURA_SOP)
;
ALTER TABLE D_CLIE_ALBARANES_CAB_TBL
ADD CONSTRAINT D_CLIE_ALBARANES_CAB_FAC_FK FOREIGN KEY (ID_FACTURA_REP)
REFERENCES D_FACTURAS_REP_CAB_TBL (ID_FACTURA_REP)
;
ALTER TABLE D_CLIE_ALBARANES_CAB_TBL
ADD CONSTRAINT D_CLIE_ALBARANES_CAB_GI_FK FOREIGN KEY (ID_GRUPO_IMPUESTOS)
REFERENCES CONFIG_IMP_GRUPOS_TBL (ID_GRUPO_IMPUESTOS)
;
ALTER TABLE D_CLIE_ALBARANES_CAB_TBL
ADD CONSTRAINT D_CLIE_ALBARANES_CAB_POR_FK FOREIGN KEY (ID_TIPO_PORTE)
REFERENCES D_TIPOS_PORTES_TBL (ID_TIPO_PORTE)
;
ALTER TABLE D_CLIE_ALBARANES_CAB_TBL
ADD CONSTRAINT D_CLIE_ALBARANES_CAB_SER_FK FOREIGN KEY (CODSERIE)
REFERENCES D_SERIES_TBL (CODSERIE)
;
ALTER TABLE D_CLIE_ALBARANES_CAB_TBL
ADD CONSTRAINT D_CLIE_ALBARANES_CAB_TAR_FK FOREIGN KEY (CODTAR)
REFERENCES D_TARIFAS_CAB_TBL (CODTAR)
;
ALTER TABLE D_CLIE_ALBARANES_CAB_TBL
ADD CONSTRAINT D_CLIE_ALBARANES_CAB_TI_FK FOREIGN KEY (ID_TRAT_IMPUESTOS)
REFERENCES CONFIG_IMP_TRATAMIENTO_TBL (ID_TRAT_IMPUESTOS)
;
ALTER TABLE D_CLIE_ALBARANES_DET_TBL
ADD CONSTRAINT D_CLIE_ALBARANES_DET_ALB_FK FOREIGN KEY (ID_CLIE_ALBARAN)
REFERENCES D_CLIE_ALBARANES_CAB_TBL (ID_CLIE_ALBARAN)
;
ALTER TABLE D_CLIE_ALBARANES_DET_TBL
ADD CONSTRAINT D_CLIE_ALBARANES_DET_ART_FK FOREIGN KEY (CODART)
REFERENCES D_ARTICULOS_TBL (CODART)
;
ALTER TABLE D_CLIE_ALBARANES_DET_TBL
ADD CONSTRAINT D_CLIE_ALBARANES_DET_CI_FK FOREIGN KEY (CODIMP)
REFERENCES CONFIG_IMP_TIPOS_TBL (CODIMP)
;
ALTER TABLE D_CLIE_ALBARANES_DET_TBL
ADD CONSTRAINT D_CLIE_ALBARANES_DET_PED_FK FOREIGN KEY (ID_CLIE_PEDIDO)
REFERENCES D_CLIE_PEDIDOS_CAB_TBL (ID_CLIE_PEDIDO)
;
ALTER TABLE D_CLIE_ALBARANES_IMP_TBL
ADD CONSTRAINT D_CLIE_ALBARANES_IMP_ALB_FK FOREIGN KEY (ID_CLIE_ALBARAN)
REFERENCES D_CLIE_ALBARANES_CAB_TBL (ID_CLIE_ALBARAN)
;
ALTER TABLE D_CLIE_ALBARANES_IMP_TBL
ADD CONSTRAINT D_CLIE_ALBARANES_IMP_CI_FK FOREIGN KEY (CODIMP)
REFERENCES CONFIG_IMP_TIPOS_TBL (CODIMP)
;
ALTER TABLE D_CLIE_ALBARANES_PAG_TBL
ADD CONSTRAINT D_CLIE_ALBARANES_PAG_ALB_FK FOREIGN KEY (ID_CLIE_ALBARAN)
REFERENCES D_CLIE_ALBARANES_CAB_TBL (ID_CLIE_ALBARAN)
;
ALTER TABLE D_CLIE_ALBARANES_PAG_TBL
ADD CONSTRAINT D_CLIE_ALBARANES_PAG_MPV_FK FOREIGN KEY (ID_MEDPAG_VEN)
REFERENCES D_MEDIOS_PAGO_VEN_TBL (ID_MEDPAG_VEN)
;
ALTER TABLE D_CLIE_PEDIDOS_CAB_TBL
ADD CONSTRAINT D_CLIE_PEDIDOS_CAB_ALM_FK FOREIGN KEY (CODALM)
REFERENCES D_ALMACENES_TBL (CODALM)
;
ALTER TABLE D_CLIE_PEDIDOS_CAB_TBL
ADD CONSTRAINT D_CLIE_PEDIDOS_CAB_CLI_FK FOREIGN KEY (CODCLI)
REFERENCES D_CLIENTES_TBL (CODCLI)
;
ALTER TABLE D_CLIE_PEDIDOS_CAB_TBL
ADD CONSTRAINT D_CLIE_PEDIDOS_CAB_CON_FK FOREIGN KEY (CODAPLICACION, CODCONALM)
REFERENCES D_ALMACENES_CONCEPTOS_TBL (CODAPLICACION,CODCONALM)
;
ALTER TABLE D_CLIE_PEDIDOS_CAB_TBL
ADD CONSTRAINT D_CLIE_PEDIDOS_CAB_DC_FK FOREIGN KEY (UID_DIARIO_CAJA)
REFERENCES D_CAJA_CAB_TBL (UID_DIARIO_CAJA)
;
ALTER TABLE D_CLIE_PEDIDOS_CAB_TBL
ADD CONSTRAINT D_CLIE_PEDIDOS_CAB_EMP_FK FOREIGN KEY (CODEMP)
REFERENCES D_EMPRESAS_TBL (CODEMP)
;
ALTER TABLE D_CLIE_PEDIDOS_CAB_TBL
ADD CONSTRAINT D_CLIE_PEDIDOS_CAB_GI_FK FOREIGN KEY (ID_GRUPO_IMPUESTOS)
REFERENCES CONFIG_IMP_GRUPOS_TBL (ID_GRUPO_IMPUESTOS)
;
ALTER TABLE D_CLIE_PEDIDOS_CAB_TBL
ADD CONSTRAINT D_CLIE_PEDIDOS_CAB_POR_FK FOREIGN KEY (ID_TIPO_PORTE)
REFERENCES D_TIPOS_PORTES_TBL (ID_TIPO_PORTE)
;
ALTER TABLE D_CLIE_PEDIDOS_CAB_TBL
ADD CONSTRAINT D_CLIE_PEDIDOS_CAB_PRE_FK FOREIGN KEY (ID_CLIE_PRESUPUESTO)
REFERENCES D_CLIE_PRESUPUESTOS_CAB_TBL (ID_CLIE_PRESUPUESTO)
;
ALTER TABLE D_CLIE_PEDIDOS_CAB_TBL
ADD CONSTRAINT D_CLIE_PEDIDOS_CAB_SER_FK FOREIGN KEY (CODSERIE)
REFERENCES D_SERIES_TBL (CODSERIE)
;
ALTER TABLE D_CLIE_PEDIDOS_CAB_TBL
ADD CONSTRAINT D_CLIE_PEDIDOS_CAB_TAR_FK FOREIGN KEY (CODTAR)
REFERENCES D_TARIFAS_CAB_TBL (CODTAR)
;
ALTER TABLE D_CLIE_PEDIDOS_CAB_TBL
ADD CONSTRAINT D_CLIE_PEDIDOS_CAB_TI_FK FOREIGN KEY (ID_TRAT_IMPUESTOS)
REFERENCES CONFIG_IMP_TRATAMIENTO_TBL (ID_TRAT_IMPUESTOS)
;
ALTER TABLE D_CLIE_PEDIDOS_DET_TBL
ADD CONSTRAINT D_CLIE_PEDIDOS_DET_ART_FK FOREIGN KEY (CODART)
REFERENCES D_ARTICULOS_TBL (CODART)
;
ALTER TABLE D_CLIE_PEDIDOS_DET_TBL
ADD CONSTRAINT D_CLIE_PEDIDOS_DET_CI_FK FOREIGN KEY (CODIMP)
REFERENCES CONFIG_IMP_TIPOS_TBL (CODIMP)
;
ALTER TABLE D_CLIE_PEDIDOS_DET_TBL
ADD CONSTRAINT D_CLIE_PEDIDOS_DET_ORG_FK FOREIGN KEY (ID_CLIE_PEDIDO_ORIGEN)
REFERENCES D_CLIE_PEDIDOS_CAB_TBL (ID_CLIE_PEDIDO)
;
ALTER TABLE D_CLIE_PEDIDOS_DET_TBL
ADD CONSTRAINT D_CLIE_PEDIDOS_DET_PED_FK FOREIGN KEY (ID_CLIE_PEDIDO)
REFERENCES D_CLIE_PEDIDOS_CAB_TBL (ID_CLIE_PEDIDO)
;
ALTER TABLE D_CLIE_PEDIDOS_IMP_TBL
ADD CONSTRAINT D_CLIE_PEDIDOS_IMP_CI_FK FOREIGN KEY (CODIMP)
REFERENCES CONFIG_IMP_TIPOS_TBL (CODIMP)
;
ALTER TABLE D_CLIE_PEDIDOS_IMP_TBL
ADD CONSTRAINT D_CLIE_PEDIDOS_IMP_PED_FK FOREIGN KEY (ID_CLIE_PEDIDO)
REFERENCES D_CLIE_PEDIDOS_CAB_TBL (ID_CLIE_PEDIDO)
;
ALTER TABLE D_CLIE_PEDIDOS_PAG_TBL
ADD CONSTRAINT D_CLIE_PEDIDOS_PAG_MPV_FK FOREIGN KEY (ID_MEDPAG_VEN)
REFERENCES D_MEDIOS_PAGO_VEN_TBL (ID_MEDPAG_VEN)
;
ALTER TABLE D_CLIE_PEDIDOS_PAG_TBL
ADD CONSTRAINT D_CLIE_PEDIDOS_PAG_PED_FK FOREIGN KEY (ID_CLIE_PEDIDO)
REFERENCES D_CLIE_PEDIDOS_CAB_TBL (ID_CLIE_PEDIDO)
;
ALTER TABLE D_CLIE_PRESUPUESTOS_CAB_TBL
ADD CONSTRAINT D_CLIE_PRESUPUESTOS_CAB_ALM_FK FOREIGN KEY (CODALM)
REFERENCES D_ALMACENES_TBL (CODALM)
;
ALTER TABLE D_CLIE_PRESUPUESTOS_CAB_TBL
ADD CONSTRAINT D_CLIE_PRESUPUESTOS_CAB_CLI_FK FOREIGN KEY (CODCLI)
REFERENCES D_CLIENTES_TBL (CODCLI)
;
ALTER TABLE D_CLIE_PRESUPUESTOS_CAB_TBL
ADD CONSTRAINT D_CLIE_PRESUPUESTOS_CAB_CON_FK FOREIGN KEY (CODAPLICACION, 
  CODCONALM)
REFERENCES D_ALMACENES_CONCEPTOS_TBL (CODAPLICACION,CODCONALM)
;
ALTER TABLE D_CLIE_PRESUPUESTOS_CAB_TBL
ADD CONSTRAINT D_CLIE_PRESUPUESTOS_CAB_EMP_FK FOREIGN KEY (CODEMP)
REFERENCES D_EMPRESAS_TBL (CODEMP)
;
ALTER TABLE D_CLIE_PRESUPUESTOS_CAB_TBL
ADD CONSTRAINT D_CLIE_PRESUPUESTOS_CAB_GI_FK FOREIGN KEY (ID_GRUPO_IMPUESTOS)
REFERENCES CONFIG_IMP_GRUPOS_TBL (ID_GRUPO_IMPUESTOS)
;
ALTER TABLE D_CLIE_PRESUPUESTOS_CAB_TBL
ADD CONSTRAINT D_CLIE_PRESUPUESTOS_CAB_POR_FK FOREIGN KEY (ID_TIPO_PORTE)
REFERENCES D_TIPOS_PORTES_TBL (ID_TIPO_PORTE)
;
ALTER TABLE D_CLIE_PRESUPUESTOS_CAB_TBL
ADD CONSTRAINT D_CLIE_PRESUPUESTOS_CAB_SER_FK FOREIGN KEY (CODSERIE)
REFERENCES D_SERIES_TBL (CODSERIE)
;
ALTER TABLE D_CLIE_PRESUPUESTOS_CAB_TBL
ADD CONSTRAINT D_CLIE_PRESUPUESTOS_CAB_TAR_FK FOREIGN KEY (CODTAR)
REFERENCES D_TARIFAS_CAB_TBL (CODTAR)
;
ALTER TABLE D_CLIE_PRESUPUESTOS_CAB_TBL
ADD CONSTRAINT D_CLIE_PRESUPUESTOS_CAB_TI_FK FOREIGN KEY (ID_TRAT_IMPUESTOS)
REFERENCES CONFIG_IMP_TRATAMIENTO_TBL (ID_TRAT_IMPUESTOS)
;
ALTER TABLE D_CLIE_PRESUPUESTOS_DET_TBL
ADD CONSTRAINT D_CLIE_PRESUPUESTOS_DET_ART_FK FOREIGN KEY (CODART)
REFERENCES D_ARTICULOS_TBL (CODART)
;
ALTER TABLE D_CLIE_PRESUPUESTOS_DET_TBL
ADD CONSTRAINT D_CLIE_PRESUPUESTOS_DET_CI_FK FOREIGN KEY (CODIMP)
REFERENCES CONFIG_IMP_TIPOS_TBL (CODIMP)
;
ALTER TABLE D_CLIE_PRESUPUESTOS_DET_TBL
ADD CONSTRAINT D_CLIE_PRESUPUESTOS_DET_PRE_FK FOREIGN KEY (ID_CLIE_PRESUPUESTO)
REFERENCES D_CLIE_PRESUPUESTOS_CAB_TBL (ID_CLIE_PRESUPUESTO)
;
ALTER TABLE D_CLIE_PRESUPUESTOS_IMP_TBL
ADD CONSTRAINT D_CLIE_PRESUPUESTOS_IMP_CI_FK FOREIGN KEY (CODIMP)
REFERENCES CONFIG_IMP_TIPOS_TBL (CODIMP)
;
ALTER TABLE D_CLIE_PRESUPUESTOS_IMP_TBL
ADD CONSTRAINT D_CLIE_PRESUPUESTOS_IMP_PRE_FK FOREIGN KEY (ID_CLIE_PRESUPUESTO)
REFERENCES D_CLIE_PRESUPUESTOS_CAB_TBL (ID_CLIE_PRESUPUESTO)
;
ALTER TABLE D_CLIE_PRESUPUESTOS_PAG_TBL
ADD CONSTRAINT D_CLIE_PRESUPUESTOS_PAG_MPV_FK FOREIGN KEY (ID_MEDPAG_VEN)
REFERENCES D_MEDIOS_PAGO_VEN_TBL (ID_MEDPAG_VEN)
;
ALTER TABLE D_CLIE_PRESUPUESTOS_PAG_TBL
ADD CONSTRAINT D_CLIE_PRESUPUESTOS_PAG_PRE_FK FOREIGN KEY (ID_CLIE_PRESUPUESTO)
REFERENCES D_CLIE_PRESUPUESTOS_CAB_TBL (ID_CLIE_PRESUPUESTO)
;
ALTER TABLE D_CLIENTES_TBL
ADD CONSTRAINT D_CLIENTES_MPV_FK FOREIGN KEY (ID_MEDPAG_VEN)
REFERENCES D_MEDIOS_PAGO_VEN_TBL (ID_MEDPAG_VEN)
;
ALTER TABLE D_CLIENTES_TBL
ADD CONSTRAINT D_CLIENTES_PAI_FK FOREIGN KEY (CODPAIS)
REFERENCES D_PAISES_TBL (CODPAIS)
;
ALTER TABLE D_CLIENTES_TBL
ADD CONSTRAINT D_CLIENTES_SEC_FK FOREIGN KEY (CODSEC)
REFERENCES D_SECTORES_TBL (CODSEC)
;
ALTER TABLE D_CLIENTES_TBL
ADD CONSTRAINT D_CLIENTES_TAR_FK FOREIGN KEY (CODTAR)
REFERENCES D_TARIFAS_CAB_TBL (CODTAR)
;
ALTER TABLE D_CLIENTES_TBL
ADD CONSTRAINT D_CLIENTES_TI_FK FOREIGN KEY (ID_TRAT_IMPUESTOS)
REFERENCES CONFIG_IMP_TRATAMIENTO_TBL (ID_TRAT_IMPUESTOS)
;
ALTER TABLE D_COBROS_DOC_TBL
ADD CONSTRAINT D_COBROS_DOC_BANDEV_FK FOREIGN KEY (CODBAN_DEVOLUCION)
REFERENCES D_BANCOS_TBL (CODBAN)
;
ALTER TABLE D_COBROS_DOC_TBL
ADD CONSTRAINT D_COBROS_DOC_BAN_FK FOREIGN KEY (CODBAN_COBRO)
REFERENCES D_BANCOS_TBL (CODBAN)
;
ALTER TABLE D_COBROS_DOC_TBL
ADD CONSTRAINT D_COBROS_DOC_CLI_FK FOREIGN KEY (CODCLI)
REFERENCES D_CLIENTES_TBL (CODCLI)
;
ALTER TABLE D_COBROS_DOC_TBL
ADD CONSTRAINT D_COBROS_DOC_EMP_FK FOREIGN KEY (CODEMP)
REFERENCES D_EMPRESAS_TBL (CODEMP)
;
ALTER TABLE D_COBROS_DOC_TBL
ADD CONSTRAINT D_COBROS_DOC_TEF_FK FOREIGN KEY (CODTIPOEFEC)
REFERENCES D_TIPOS_EFECTOS_TBL (CODTIPOEFEC)
;
ALTER TABLE D_COBROS_REMESAS_CAB_TBL
ADD CONSTRAINT D_COBROS_REMESAS_CAB_BAN_FK FOREIGN KEY (CODBAN)
REFERENCES D_BANCOS_TBL (CODBAN)
;
ALTER TABLE D_FACTURAS_REP_CAB_TBL
ADD CONSTRAINT D_FACTURAS_REP_CAB_CLI_FK FOREIGN KEY (CODCLI)
REFERENCES D_CLIENTES_TBL (CODCLI)
;
ALTER TABLE D_FACTURAS_REP_CAB_TBL
ADD CONSTRAINT D_FACTURAS_REP_CAB_EMP_FK FOREIGN KEY (CODEMP)
REFERENCES D_EMPRESAS_TBL (CODEMP)
;
ALTER TABLE D_FACTURAS_REP_CAB_TBL
ADD CONSTRAINT D_FACTURAS_REP_CAB_GI_FK FOREIGN KEY (ID_GRUPO_IMPUESTOS)
REFERENCES CONFIG_IMP_GRUPOS_TBL (ID_GRUPO_IMPUESTOS)
;
ALTER TABLE D_FACTURAS_REP_CAB_TBL
ADD CONSTRAINT D_FACTURAS_REP_CAB_SER_FK FOREIGN KEY (CODSERIE)
REFERENCES D_SERIES_TBL (CODSERIE)
;
ALTER TABLE D_FACTURAS_REP_CAB_TBL
ADD CONSTRAINT D_FACTURAS_REP_CAB_TI_FK FOREIGN KEY (ID_TRAT_IMPUESTOS)
REFERENCES CONFIG_IMP_TRATAMIENTO_TBL (ID_TRAT_IMPUESTOS)
;
ALTER TABLE D_FACTURAS_REP_DET_TBL
ADD CONSTRAINT D_FACTURAS_REP_DET_ART_FK FOREIGN KEY (CODART)
REFERENCES D_ARTICULOS_TBL (CODART)
;
ALTER TABLE D_FACTURAS_REP_DET_TBL
ADD CONSTRAINT D_FACTURAS_REP_DET_CI_FK FOREIGN KEY (CODIMP)
REFERENCES CONFIG_IMP_TIPOS_TBL (CODIMP)
;
ALTER TABLE D_FACTURAS_REP_DET_TBL
ADD CONSTRAINT D_FACTURAS_REP_DET_FAC_FK FOREIGN KEY (ID_FACTURA_REP)
REFERENCES D_FACTURAS_REP_CAB_TBL (ID_FACTURA_REP)
;
ALTER TABLE D_FACTURAS_REP_IMP_TBL
ADD CONSTRAINT D_FACTURAS_REP_IMP_CI_FK FOREIGN KEY (CODIMP)
REFERENCES CONFIG_IMP_TIPOS_TBL (CODIMP)
;
ALTER TABLE D_FACTURAS_REP_IMP_TBL
ADD CONSTRAINT D_FACTURAS_REP_IMP_FAC_FK FOREIGN KEY (ID_FACTURA_REP)
REFERENCES D_FACTURAS_REP_CAB_TBL (ID_FACTURA_REP)
;
ALTER TABLE D_FACTURAS_REP_PAG_TBL
ADD CONSTRAINT D_FACTURAS_REP_PAG_FAC_FK FOREIGN KEY (ID_FACTURA_REP)
REFERENCES D_FACTURAS_REP_CAB_TBL (ID_FACTURA_REP)
;
ALTER TABLE D_FACTURAS_REP_PAG_TBL
ADD CONSTRAINT D_FACTURAS_REP_PAG_MPV_FK FOREIGN KEY (ID_MEDPAG_VEN)
REFERENCES D_MEDIOS_PAGO_VEN_TBL (ID_MEDPAG_VEN)
;
ALTER TABLE D_FACTURAS_SOP_CAB_TBL
ADD CONSTRAINT D_FACTURAS_SOP_CAB_EMP_FK FOREIGN KEY (CODEMP)
REFERENCES D_EMPRESAS_TBL (CODEMP)
;
ALTER TABLE D_FACTURAS_SOP_CAB_TBL
ADD CONSTRAINT D_FACTURAS_SOP_CAB_GI_FK FOREIGN KEY (ID_GRUPO_IMPUESTOS)
REFERENCES CONFIG_IMP_GRUPOS_TBL (ID_GRUPO_IMPUESTOS)
;
ALTER TABLE D_FACTURAS_SOP_CAB_TBL
ADD CONSTRAINT D_FACTURAS_SOP_CAB_PRO_FK FOREIGN KEY (CODPRO)
REFERENCES D_PROVEEDORES_TBL (CODPRO)
;
ALTER TABLE D_FACTURAS_SOP_CAB_TBL
ADD CONSTRAINT D_FACTURAS_SOP_CAB_SER_FK FOREIGN KEY (CODSERIE)
REFERENCES D_SERIES_TBL (CODSERIE)
;
ALTER TABLE D_FACTURAS_SOP_CAB_TBL
ADD CONSTRAINT D_FACTURAS_SOP_CAB_TI_FK FOREIGN KEY (ID_TRAT_IMPUESTOS)
REFERENCES CONFIG_IMP_TRATAMIENTO_TBL (ID_TRAT_IMPUESTOS)
;
ALTER TABLE D_FACTURAS_SOP_DET_TBL
ADD CONSTRAINT D_FACTURAS_SOP_DET_ART_FK FOREIGN KEY (CODART)
REFERENCES D_ARTICULOS_TBL (CODART)
;
ALTER TABLE D_FACTURAS_SOP_DET_TBL
ADD CONSTRAINT D_FACTURAS_SOP_DET_CI_FK FOREIGN KEY (CODIMP)
REFERENCES CONFIG_IMP_TIPOS_TBL (CODIMP)
;
ALTER TABLE D_FACTURAS_SOP_DET_TBL
ADD CONSTRAINT D_FACTURAS_SOP_DET_FAC_FK FOREIGN KEY (ID_FACTURA_SOP)
REFERENCES D_FACTURAS_SOP_CAB_TBL (ID_FACTURA_SOP)
;
ALTER TABLE D_FACTURAS_SOP_IMP_TBL
ADD CONSTRAINT D_FACTURAS_SOP_IMP_CI_FK FOREIGN KEY (CODIMP)
REFERENCES CONFIG_IMP_TIPOS_TBL (CODIMP)
;
ALTER TABLE D_FACTURAS_SOP_IMP_TBL
ADD CONSTRAINT D_FACTURAS_SOP_IMP_FAC_FK FOREIGN KEY (ID_FACTURA_SOP)
REFERENCES D_FACTURAS_SOP_CAB_TBL (ID_FACTURA_SOP)
;
ALTER TABLE D_FACTURAS_SOP_PAG_TBL
ADD CONSTRAINT D_FACTURAS_SOP_PAG_FAC_FK FOREIGN KEY (ID_FACTURA_SOP)
REFERENCES D_FACTURAS_SOP_CAB_TBL (ID_FACTURA_SOP)
;
ALTER TABLE D_FACTURAS_SOP_PAG_TBL
ADD CONSTRAINT D_FACTURAS_SOP_PAG_MPV_FK FOREIGN KEY (ID_MEDPAG_VEN)
REFERENCES D_MEDIOS_PAGO_VEN_TBL (ID_MEDPAG_VEN)
;
ALTER TABLE D_MEDIOS_PAGO_TBL
ADD CONSTRAINT D_MEDIOS_PAGO_TEF_FK FOREIGN KEY (CODTIPOEFEC)
REFERENCES D_TIPOS_EFECTOS_TBL (CODTIPOEFEC)
;
ALTER TABLE D_MEDIOS_PAGO_VEN_TBL
ADD CONSTRAINT D_MEDIOS_PAGO_VEN_MP_FK FOREIGN KEY (CODMEDPAG)
REFERENCES D_MEDIOS_PAGO_TBL (CODMEDPAG)
;
ALTER TABLE D_PAGOS_DOC_TBL
ADD CONSTRAINT D_PAGOS_DOC_BAN_FK FOREIGN KEY (CODBAN_PAGO)
REFERENCES D_BANCOS_TBL (CODBAN)
;
ALTER TABLE D_PAGOS_DOC_TBL
ADD CONSTRAINT D_PAGOS_DOC_EMP_FK FOREIGN KEY (CODEMP)
REFERENCES D_EMPRESAS_TBL (CODEMP)
;
ALTER TABLE D_PAGOS_DOC_TBL
ADD CONSTRAINT D_PAGOS_DOC_PRO_FK FOREIGN KEY (CODPRO)
REFERENCES D_PROVEEDORES_TBL (CODPRO)
;
ALTER TABLE D_PAGOS_DOC_TBL
ADD CONSTRAINT D_PAGOS_DOC_RE_FK FOREIGN KEY (ID_REMESA)
REFERENCES D_PAGOS_REMESAS_CAB_TBL (ID_REMESA)
;
ALTER TABLE D_PAGOS_DOC_TBL
ADD CONSTRAINT D_PAGOS_DOC_TEF_FK FOREIGN KEY (CODTIPOEFEC)
REFERENCES D_TIPOS_EFECTOS_TBL (CODTIPOEFEC)
;
ALTER TABLE D_PAGOS_REMESAS_CAB_TBL
ADD CONSTRAINT D_PAGOS_REMESAS_CAB_BAN_FK FOREIGN KEY (CODBAN)
REFERENCES D_BANCOS_TBL (CODBAN)
;
ALTER TABLE D_PAGOS_REMESAS_CAB_TBL
ADD CONSTRAINT D_PAGOS_REMESAS_CAB_TEF_FK FOREIGN KEY (CODTIPOEFEC)
REFERENCES D_TIPOS_EFECTOS_TBL (CODTIPOEFEC)
;
ALTER TABLE D_PROMOCIONES_CAB_TBL
ADD CONSTRAINT D_PROMOCIONES_CAB_TAR_FK FOREIGN KEY (CODTAR)
REFERENCES D_TARIFAS_CAB_TBL (CODTAR)
;
ALTER TABLE D_PROMOCIONES_CAB_TBL
ADD CONSTRAINT D_PROMOCIONES_CAB_TPR_FK FOREIGN KEY (ID_TIPO_PROMOCION)
REFERENCES D_PROMOCIONES_TIPOS_TBL (ID_TIPO_PROMOCION)
;
ALTER TABLE D_PROMOCIONES_DET_TBL
ADD CONSTRAINT D_PROMOCIONES_DET_ART_FK FOREIGN KEY (CODART)
REFERENCES D_ARTICULOS_TBL (CODART)
;
ALTER TABLE D_PROV_ALBARANES_CAB_TBL
ADD CONSTRAINT D_PROV_ALBARANES_CAB_ALM_FK FOREIGN KEY (CODALM)
REFERENCES D_ALMACENES_TBL (CODALM)
;
ALTER TABLE D_PROV_ALBARANES_CAB_TBL
ADD CONSTRAINT D_PROV_ALBARANES_CAB_CON_FK FOREIGN KEY (CODAPLICACION, CODCONALM)
REFERENCES D_ALMACENES_CONCEPTOS_TBL (CODAPLICACION,CODCONALM)
;
ALTER TABLE D_PROV_ALBARANES_CAB_TBL
ADD CONSTRAINT D_PROV_ALBARANES_CAB_DC_FK FOREIGN KEY (UID_DIARIO_CAJA)
REFERENCES D_CAJA_CAB_TBL (UID_DIARIO_CAJA)
;
ALTER TABLE D_PROV_ALBARANES_CAB_TBL
ADD CONSTRAINT D_PROV_ALBARANES_CAB_EMP_FK FOREIGN KEY (CODEMP)
REFERENCES D_EMPRESAS_TBL (CODEMP)
;
ALTER TABLE D_PROV_ALBARANES_CAB_TBL
ADD CONSTRAINT D_PROV_ALBARANES_CAB_FAC_FK FOREIGN KEY (ID_FACTURA_SOP)
REFERENCES D_FACTURAS_SOP_CAB_TBL (ID_FACTURA_SOP)
;
ALTER TABLE D_PROV_ALBARANES_CAB_TBL
ADD CONSTRAINT D_PROV_ALBARANES_CAB_GI_FK FOREIGN KEY (ID_GRUPO_IMPUESTOS)
REFERENCES CONFIG_IMP_GRUPOS_TBL (ID_GRUPO_IMPUESTOS)
;
ALTER TABLE D_PROV_ALBARANES_CAB_TBL
ADD CONSTRAINT D_PROV_ALBARANES_CAB_PRO_FK FOREIGN KEY (CODPRO)
REFERENCES D_PROVEEDORES_TBL (CODPRO)
;
ALTER TABLE D_PROV_ALBARANES_CAB_TBL
ADD CONSTRAINT D_PROV_ALBARANES_CAB_SER_FK FOREIGN KEY (CODSERIE)
REFERENCES D_SERIES_TBL (CODSERIE)
;
ALTER TABLE D_PROV_ALBARANES_CAB_TBL
ADD CONSTRAINT D_PROV_ALBARANES_CAB_TI_FK FOREIGN KEY (ID_TRAT_IMPUESTOS)
REFERENCES CONFIG_IMP_TRATAMIENTO_TBL (ID_TRAT_IMPUESTOS)
;
ALTER TABLE D_PROV_ALBARANES_DET_TBL
ADD CONSTRAINT D_PROV_ALBARANES_DET_ALB_FK FOREIGN KEY (ID_PROV_ALBARAN)
REFERENCES D_PROV_ALBARANES_CAB_TBL (ID_PROV_ALBARAN)
;
ALTER TABLE D_PROV_ALBARANES_DET_TBL
ADD CONSTRAINT D_PROV_ALBARANES_DET_ART_FK FOREIGN KEY (CODART)
REFERENCES D_ARTICULOS_TBL (CODART)
;
ALTER TABLE D_PROV_ALBARANES_DET_TBL
ADD CONSTRAINT D_PROV_ALBARANES_DET_CI_FK FOREIGN KEY (CODIMP)
REFERENCES CONFIG_IMP_TIPOS_TBL (CODIMP)
;
ALTER TABLE D_PROV_ALBARANES_DET_TBL
ADD CONSTRAINT D_PROV_ALBARANES_DET_PED_FK FOREIGN KEY (ID_PROV_PEDIDO)
REFERENCES D_PROV_PEDIDOS_CAB_TBL (ID_PROV_PEDIDO)
;
ALTER TABLE D_PROV_ALBARANES_IMP_TBL
ADD CONSTRAINT D_PROV_ALBARANES_IMP_ALB_FK FOREIGN KEY (ID_PROV_ALBARAN)
REFERENCES D_PROV_ALBARANES_CAB_TBL (ID_PROV_ALBARAN)
;
ALTER TABLE D_PROV_ALBARANES_IMP_TBL
ADD CONSTRAINT D_PROV_ALBARANES_IMP_CI_FK FOREIGN KEY (CODIMP)
REFERENCES CONFIG_IMP_TIPOS_TBL (CODIMP)
;
ALTER TABLE D_PROV_ALBARANES_PAG_TBL
ADD CONSTRAINT D_PROV_ALBARANES_PAG_ALB_FK FOREIGN KEY (ID_PROV_ALBARAN)
REFERENCES D_PROV_ALBARANES_CAB_TBL (ID_PROV_ALBARAN)
;
ALTER TABLE D_PROV_ALBARANES_PAG_TBL
ADD CONSTRAINT D_PROV_ALBARANES_PAG_MPV_FK FOREIGN KEY (ID_MEDPAG_VEN)
REFERENCES D_MEDIOS_PAGO_VEN_TBL (ID_MEDPAG_VEN)
;
ALTER TABLE D_PROV_PEDIDOS_CAB_TBL
ADD CONSTRAINT D_PROV_PEDIDOS_CAB_ALM_FK FOREIGN KEY (CODALM)
REFERENCES D_ALMACENES_TBL (CODALM)
;
ALTER TABLE D_PROV_PEDIDOS_CAB_TBL
ADD CONSTRAINT D_PROV_PEDIDOS_CAB_CON_FK FOREIGN KEY (CODAPLICACION, CODCONALM)
REFERENCES D_ALMACENES_CONCEPTOS_TBL (CODAPLICACION,CODCONALM)
;
ALTER TABLE D_PROV_PEDIDOS_CAB_TBL
ADD CONSTRAINT D_PROV_PEDIDOS_CAB_DC_FK FOREIGN KEY (UID_DIARIO_CAJA)
REFERENCES D_CAJA_CAB_TBL (UID_DIARIO_CAJA)
;
ALTER TABLE D_PROV_PEDIDOS_CAB_TBL
ADD CONSTRAINT D_PROV_PEDIDOS_CAB_EMP_FK FOREIGN KEY (CODEMP)
REFERENCES D_EMPRESAS_TBL (CODEMP)
;
ALTER TABLE D_PROV_PEDIDOS_CAB_TBL
ADD CONSTRAINT D_PROV_PEDIDOS_CAB_GI_FK FOREIGN KEY (ID_GRUPO_IMPUESTOS)
REFERENCES CONFIG_IMP_GRUPOS_TBL (ID_GRUPO_IMPUESTOS)
;
ALTER TABLE D_PROV_PEDIDOS_CAB_TBL
ADD CONSTRAINT D_PROV_PEDIDOS_CAB_PRO_FK FOREIGN KEY (CODPRO)
REFERENCES D_PROVEEDORES_TBL (CODPRO)
;
ALTER TABLE D_PROV_PEDIDOS_CAB_TBL
ADD CONSTRAINT D_PROV_PEDIDOS_CAB_SER_FK FOREIGN KEY (CODSERIE)
REFERENCES D_SERIES_TBL (CODSERIE)
;
ALTER TABLE D_PROV_PEDIDOS_CAB_TBL
ADD CONSTRAINT D_PROV_PEDIDOS_CAB_TI_FK FOREIGN KEY (ID_TRAT_IMPUESTOS)
REFERENCES CONFIG_IMP_TRATAMIENTO_TBL (ID_TRAT_IMPUESTOS)
;
ALTER TABLE D_PROV_PEDIDOS_DET_TBL
ADD CONSTRAINT D_PROV_PEDIDOS_DET_ART_FK FOREIGN KEY (CODART)
REFERENCES D_ARTICULOS_TBL (CODART)
;
ALTER TABLE D_PROV_PEDIDOS_DET_TBL
ADD CONSTRAINT D_PROV_PEDIDOS_DET_CI_FK FOREIGN KEY (CODIMP)
REFERENCES CONFIG_IMP_TIPOS_TBL (CODIMP)
;
ALTER TABLE D_PROV_PEDIDOS_DET_TBL
ADD CONSTRAINT D_PROV_PEDIDOS_DET_PED_FK FOREIGN KEY (ID_PROV_PEDIDO)
REFERENCES D_PROV_PEDIDOS_CAB_TBL (ID_PROV_PEDIDO)
;
ALTER TABLE D_PROV_PEDIDOS_IMP_TBL
ADD CONSTRAINT D_PROV_PEDIDOS_IMP_CI_FK FOREIGN KEY (CODIMP)
REFERENCES CONFIG_IMP_TIPOS_TBL (CODIMP)
;
ALTER TABLE D_PROV_PEDIDOS_IMP_TBL
ADD CONSTRAINT D_PROV_PEDIDOS_IMP_PED_FK FOREIGN KEY (ID_PROV_PEDIDO)
REFERENCES D_PROV_PEDIDOS_CAB_TBL (ID_PROV_PEDIDO)
;
ALTER TABLE D_PROV_PEDIDOS_PAG_TBL
ADD CONSTRAINT D_PROV_PEDIDOS_PAG_MPV_FK FOREIGN KEY (ID_MEDPAG_VEN)
REFERENCES D_MEDIOS_PAGO_VEN_TBL (ID_MEDPAG_VEN)
;
ALTER TABLE D_PROV_PEDIDOS_PAG_TBL
ADD CONSTRAINT D_PROV_PEDIDOS_PAG_PED_FK FOREIGN KEY (ID_PROV_PEDIDO)
REFERENCES D_PROV_PEDIDOS_CAB_TBL (ID_PROV_PEDIDO)
;
ALTER TABLE D_PROVEEDORES_TBL
ADD CONSTRAINT D_PROVEEDORES_MPV_FK FOREIGN KEY (ID_MEDPAG_VEN)
REFERENCES D_MEDIOS_PAGO_VEN_TBL (ID_MEDPAG_VEN)
;
ALTER TABLE D_PROVEEDORES_TBL
ADD CONSTRAINT D_PROVEEDORES_PAI_FK FOREIGN KEY (CODPAIS)
REFERENCES D_PAISES_TBL (CODPAIS)
;
ALTER TABLE D_PROVEEDORES_TBL
ADD CONSTRAINT D_PROVEEDORES_TI_FK FOREIGN KEY (ID_TRAT_IMPUESTOS)
REFERENCES CONFIG_IMP_TRATAMIENTO_TBL (ID_TRAT_IMPUESTOS)
;
ALTER TABLE D_SINCRONIZADOR_TRABAJOS_TBL
ADD CONSTRAINT D_SINCRONIZADOR_TRABAJO_ALM_FK FOREIGN KEY (CODALM)
REFERENCES D_ALMACENES_TBL (CODALM)
;
ALTER TABLE D_TARIFAS_ACT_CAB_TBL
ADD CONSTRAINT D_TARIFAS_ACT_CAB_FK FOREIGN KEY (CODTAR)
REFERENCES D_TARIFAS_CAB_TBL (CODTAR)
;
ALTER TABLE D_TARIFAS_ACT_DET_TBL
ADD CONSTRAINT D_TARIFAS_ACT_DET_ART_FK FOREIGN KEY (CODART)
REFERENCES D_ARTICULOS_TBL (CODART)
;
ALTER TABLE D_TARIFAS_ACT_DET_TBL
ADD CONSTRAINT D_TARIFAS_ACT_DET_TAR_FK FOREIGN KEY (CODTAR)
REFERENCES D_TARIFAS_CAB_TBL (CODTAR)
;
ALTER TABLE D_TARIFAS_CAB_TBL
ADD CONSTRAINT D_TARIFAS_CAB_GI_FK FOREIGN KEY (ID_GRUPO_IMPUESTOS)
REFERENCES CONFIG_IMP_GRUPOS_TBL (ID_GRUPO_IMPUESTOS)
;
ALTER TABLE D_TARIFAS_CAB_TBL
ADD CONSTRAINT D_TARIFAS_CAB_TI_FK FOREIGN KEY (ID_TRAT_IMPUESTOS)
REFERENCES CONFIG_IMP_TRATAMIENTO_TBL (ID_TRAT_IMPUESTOS)
;
ALTER TABLE D_TARIFAS_DET_HIST_TBL
ADD CONSTRAINT D_TARIFAS_DET_HIST_ART_FK FOREIGN KEY (CODART)
REFERENCES D_ARTICULOS_TBL (CODART)
;
ALTER TABLE D_TARIFAS_DET_TBL
ADD CONSTRAINT D_TARIFAS_DET_ART_FK FOREIGN KEY (CODART)
REFERENCES D_ARTICULOS_TBL (CODART)
;
ALTER TABLE D_TARIFAS_DET_TBL
ADD CONSTRAINT D_TARIFAS_DET_TAR_FK FOREIGN KEY (CODTAR)
REFERENCES D_TARIFAS_CAB_TBL (CODTAR)
;
ALTER TABLE D_TICKETS_ERR_TBL
ADD CONSTRAINT D_TICKETS_ERR_ALM_FK FOREIGN KEY (CODALM)
REFERENCES D_ALMACENES_TBL (CODALM)
;
ALTER TABLE D_TICKETS_HIST_TBL
ADD CONSTRAINT D_TICKETS_HIST_ALM_FK FOREIGN KEY (CODALM)
REFERENCES D_ALMACENES_TBL (CODALM)
;
ALTER TABLE D_TICKETS_TBL
ADD CONSTRAINT D_TICKETS_ALM_FK FOREIGN KEY (CODALM)
REFERENCES D_ALMACENES_TBL (CODALM)
;
ALTER TABLE D_TIENDAS_TARIFAS_TBL
ADD CONSTRAINT D_TIENDAS_TARIFAS_TAR_FK FOREIGN KEY (CODTAR)
REFERENCES D_TARIFAS_CAB_TBL (CODTAR)
;
ALTER TABLE D_TIENDAS_TARIFAS_TBL
ADD CONSTRAINT D_TIENDAS_TARIFAS_TIE_FK FOREIGN KEY (CODALM)
REFERENCES D_TIENDAS_TBL (CODALM)
;
ALTER TABLE D_TIENDAS_TBL
ADD CONSTRAINT D_TIENDAS_ALM_FK FOREIGN KEY (CODALM)
REFERENCES D_ALMACENES_TBL (CODALM)
;
ALTER TABLE D_TIENDAS_TBL
ADD CONSTRAINT D_TIENDAS_MEDPAG_FK FOREIGN KEY (CODMEDPAG_POR_DEFECTO)
REFERENCES D_MEDIOS_PAGO_TBL (CODMEDPAG)
;
ALTER TABLE D_TIENDAS_TBL
ADD CONSTRAINT D_TIENDAS_TT_FK FOREIGN KEY (ID_TIPO_TIENDA)
REFERENCES CONFIG_TIENDAS_TIPOS_TBL (ID_TIPO_TIENDA)
;
ALTER TABLE D_TIPOS_PORTES_TBL
ADD CONSTRAINT D_TIPOS_PORTES_ART_FK FOREIGN KEY (CODART_PORTE)
REFERENCES D_ARTICULOS_TBL (CODART)
;


-- End of script